experiment_id,unique_run_name,run_dir,metrics_path,created_at,hostname,config_path,slurm_job_id,slurm_job_name,slurm_partition,slurm_nodes,slurm_ntasks,slurm_ntasks_per_node,slurm_cpus_per_task,slurm_mem_per_node_mb,slurm_mem_per_cpu_mb,slurm_nodelist,benchmark_mode,run_id,retrieval_mode,search_backend,search_index_reuse,faiss_num_threads,loading_strategy,vector_storage,query_loading,world_size,num_vectors,num_queries,dimension,top_k,warmup_runs,measurement_runs,initial_load_time_sec_max,initial_load_time_sec_mean,initial_index_build_time_sec_max,initial_index_build_time_sec_mean,config_project_run_id,config_dataset_name,config_dataset_seed,config_dataset_normalize,mpi_total_time_sec_count,mpi_total_time_sec_mean,mpi_total_time_sec_median,mpi_total_time_sec_min,mpi_total_time_sec_max,mpi_total_time_sec_std,merge_time_sec_count,merge_time_sec_mean,merge_time_sec_median,merge_time_sec_min,merge_time_sec_max,merge_time_sec_std,max_local_search_time_sec_count,max_local_search_time_sec_mean,max_local_search_time_sec_median,max_local_search_time_sec_min,max_local_search_time_sec_max,max_local_search_time_sec_std,mean_local_search_time_sec_count,mean_local_search_time_sec_mean,mean_local_search_time_sec_median,mean_local_search_time_sec_min,mean_local_search_time_sec_max,mean_local_search_time_sec_std,max_communication_time_sec_count,max_communication_time_sec_mean,max_communication_time_sec_median,max_communication_time_sec_min,max_communication_time_sec_max,max_communication_time_sec_std,mean_communication_time_sec_count,mean_communication_time_sec_mean,mean_communication_time_sec_median,mean_communication_time_sec_min,mean_communication_time_sec_max,mean_communication_time_sec_std,throughput_queries_per_sec_count,throughput_queries_per_sec_mean,throughput_queries_per_sec_median,throughput_queries_per_sec_min,throughput_queries_per_sec_max,throughput_queries_per_sec_std
cluster_benchmark_500k_latency,20260530-173338_faiss_centralized_001r_996fc5af,/mnt/vast-standard/home/darius.heere/u27936/pchpc-project/results/cluster_benchmark_500k_latency/20260530-173338_faiss_centralized_001r_996fc5af,results/cluster_benchmark_500k_latency/20260530-173338_faiss_centralized_001r_996fc5af/benchmark_metrics.json,2026-05-30T17:33:38,c0075,configs/cluster_benchmark_500k_latency.json,14016804,pchpc-bench,scc-cpu,1,1,1,1,16384,,c0075,hot_repeated_retrieval,cluster_benchmark_500k_latency,mpi_centralized,faiss,True,1,shard_aware_shared_npy,single_vectors_npy,full_queries_on_each_rank,1,500000,1,2560,10,5,50,3.4540684980000003,3.4540684980000003,3.301201894,3.301201894,cluster_benchmark_500k_latency,benchmark_500k_2560d,42,False,50,0.4965847268000004,0.4720936945000016,0.46853587100000027,0.5878382640000002,0.0317916764047007,50,0.0001100944399999193,0.00010279900000043085,9.124399999649313e-05,0.0003298720000000088,3.499758502763764e-05,50,0.4963165864800001,0.47182883700000033,0.4682959559999986,0.5875767459999999,0.031793955737863484,50,0.4963165864800001,0.47182883700000033,0.4682959559999986,0.5875767459999999,0.031793955737863484,50,0.0001290638000000044,0.00012211099999781538,0.00010756700000058572,0.0003118989999997268,2.8899026948480694e-05,50,0.0001290638000000044,0.00012211099999781538,0.00010756700000058572,0.0003118989999997268,2.8899026948480694e-05,50,2.0215857762213014,2.1182235959450906,1.701148192013577,2.1343083035791715,0.12495756311711113
cluster_benchmark_500k_latency,20260530-173242_faiss_centralized_002r_d425880e,/mnt/vast-standard/home/darius.heere/u27936/pchpc-project/results/cluster_benchmark_500k_latency/20260530-173242_faiss_centralized_002r_d425880e,results/cluster_benchmark_500k_latency/20260530-173242_faiss_centralized_002r_d425880e/benchmark_metrics.json,2026-05-30T17:32:42,c0075,configs/cluster_benchmark_500k_latency.json,14016801,pchpc-bench,scc-cpu,1,2,2,1,16384,,c0075,hot_repeated_retrieval,cluster_benchmark_500k_latency,mpi_centralized,faiss,True,1,shard_aware_shared_npy,single_vectors_npy,full_queries_on_each_rank,2,500000,1,2560,10,5,50,1.831041784,1.819525083,1.7075062560000003,1.6991721865,cluster_benchmark_500k_latency,benchmark_500k_2560d,42,False,50,0.25435557587999996,0.2405812665,0.23957019099999854,0.3005348219999995,0.023727978246485076,50,0.00010878733999998502,0.00010130149999998395,9.001900000171759e-05,0.0003354159999995332,3.655486171546142e-05,50,0.2540658009800001,0.24031429049999975,0.23932196600000033,0.30026799500000045,0.02373238710597429,50,0.25285013630000003,0.23929854650000015,0.23827309299999966,0.29930138799999995,0.02355082664193145,50,0.002436871559999911,0.0022611975000002005,0.00015178399999982162,0.008304565999999625,0.0012603076978272636,50,0.0012604734299999354,0.001170015250000267,0.00011705649999971257,0.004200141000000102,0.0006311256723800733,50,3.9618154295599086,4.156599634830496,3.3274014416871855,4.174142015857082,0.3317324561006807
cluster_benchmark_500k_latency,20260530-173032_faiss_centralized_004r_b3193e15,/mnt/vast-standard/home/darius.heere/u27936/pchpc-project/results/cluster_benchmark_500k_latency/20260530-173032_faiss_centralized_004r_b3193e15,results/cluster_benchmark_500k_latency/20260530-173032_faiss_centralized_004r_b3193e15/benchmark_metrics.json,2026-05-30T17:30:32,c0075,configs/cluster_benchmark_500k_latency.json,14016780,pchpc-bench,scc-cpu,1,4,4,1,16384,,c0075,hot_repeated_retrieval,cluster_benchmark_500k_latency,mpi_centralized,faiss,True,1,shard_aware_shared_npy,single_vectors_npy,full_queries_on_each_rank,4,500000,1,2560,10,5,50,11.418341778999999,10.9437832005,1.0195398229999988,0.9760931604999996,cluster_benchmark_500k_latency,benchmark_500k_2560d,42,False,50,0.14872223335999984,0.13696585849999998,0.12215970100000106,0.18625931400000084,0.02674493017575324,50,0.00010314156000013952,9.31435000000036e-05,8.38600000001577e-05,0.0003260069999999615,3.788742437634818e-05,50,0.1484039738599998,0.1366809945000007,0.12188995800000058,0.18596674200000152,0.02672955563279303,50,0.13000597211499998,0.12530690575000003,0.12113906575000044,0.1574511869999995,0.010073496540255559,50,0.013478640719999895,0.000516507000000388,0.0001702819999991334,0.06423268100000001,0.022826843673776947,50,0.004930352865000005,0.00018281899999950113,9.473874999876841e-05,0.031838073749999474,0.008927477422838408,50,6.932229287075704,7.301102872645346,5.368859030587837,8.186005628812003,1.1862795898775385
cluster_benchmark_500k_latency,20260531-112412_faiss_centralized_004r_5b3a1733,/mnt/vast-standard/home/darius.heere/u27936/pchpc-project/results/cluster_benchmark_500k_latency/20260531-112412_faiss_centralized_004r_5b3a1733,results/cluster_benchmark_500k_latency/20260531-112412_faiss_centralized_004r_5b3a1733/benchmark_metrics.json,2026-05-31T11:24:12,c0018,configs/cluster_benchmark_500k_latency.json,14021430,pchpc-bench,scc-cpu,1,4,4,1,16384,,c0018,hot_repeated_retrieval,cluster_benchmark_500k_latency,mpi_centralized,faiss,True,1,shard_aware_shared_npy,single_vectors_npy,full_queries_on_each_rank,4,500000,1,2560,10,5,50,4.011417007,3.0624816472500003,0.9850498249999999,0.9042661517500004,cluster_benchmark_500k_latency,benchmark_500k_2560d,42,False,50,0.14682808982000004,0.1303972075000006,0.1230686479999985,0.18258917699999966,0.025687833869067662,50,0.00011648200000010434,0.00010813849999991021,9.462100000057205e-05,0.00035501300000007063,3.8976458307095014e-05,50,0.14648149958000012,0.1300757835000006,0.1227687900000003,0.18221866799999997,0.02564840848129253,50,0.12885655719500005,0.1242383122500006,0.1221572662499999,0.15025664574999942,0.0076590270764704685,50,0.014632601839999992,0.0011436800000002023,0.00018672899999927495,0.0604066440000004,0.022501531309442876,50,0.005289570845000094,0.00034809524999968033,0.00011068450000006891,0.028892343750000382,0.008592159427732423,50,7.01005176692274,7.668913103432969,5.476775877028033,8.125546321106999,1.1649669025374945
cluster_benchmark_500k_latency,20260530-173105_faiss_centralized_008r_323b4dcc,/mnt/vast-standard/home/darius.heere/u27936/pchpc-project/results/cluster_benchmark_500k_latency/20260530-173105_faiss_centralized_008r_323b4dcc,results/cluster_benchmark_500k_latency/20260530-173105_faiss_centralized_008r_323b4dcc/benchmark_metrics.json,2026-05-30T17:31:05,c0075,configs/cluster_benchmark_500k_latency.json,14016794,pchpc-bench,scc-cpu,1,8,8,1,16384,,c0075,hot_repeated_retrieval,cluster_benchmark_500k_latency,mpi_centralized,faiss,True,1,shard_aware_shared_npy,single_vectors_npy,full_queries_on_each_rank,8,500000,1,2560,10,5,50,1.1977357610000001,1.192441756,0.450504445,0.4365276439999999,cluster_benchmark_500k_latency,benchmark_500k_2560d,42,False,50,0.0712527887,0.06450574250000018,0.06418858299999997,0.12760548699999985,0.016775717553435827,50,0.00014110474000004203,0.00010033499999995144,8.993199999984824e-05,0.0019921450000000007,0.0002674677180062259,50,0.07072549094000001,0.0641687270000002,0.06387953300000015,0.1272744750000001,0.016760790763044455,50,0.06774686458250001,0.06360597731249998,0.06334577699999999,0.12291496287500003,0.012792564957473463,50,0.005425865700000063,0.0009190034999995156,0.0007528130000000743,0.05058484000000085,0.012380965157589284,50,0.0009914222600000066,0.00026165662499982867,0.00023890749999999628,0.011528954999999952,0.0020716036908345154,50,14.55184854271236,15.502495843115883,7.8366536072230275,15.579094494109654,2.258349703235546
cluster_benchmark_500k_latency,20260531-024212_faiss_centralized_008r_32b19a94,/mnt/vast-standard/home/darius.heere/u27936/pchpc-project/results/cluster_benchmark_500k_latency/20260531-024212_faiss_centralized_008r_32b19a94,results/cluster_benchmark_500k_latency/20260531-024212_faiss_centralized_008r_32b19a94/benchmark_metrics.json,2026-05-31T02:42:12,c0075,configs/cluster_benchmark_500k_latency.json,14017828,pchpc-bench,scc-cpu,2,8,4,1,8192,,"c[0075,0412]",hot_repeated_retrieval,cluster_benchmark_500k_latency,mpi_centralized,faiss,True,1,shard_aware_shared_npy,single_vectors_npy,full_queries_on_each_rank,8,500000,1,2560,10,5,50,6.903669108,6.209144437,0.585354832000001,0.4975566246250005,cluster_benchmark_500k_latency,benchmark_500k_2560d,42,False,50,0.08869055171999993,0.08321128850000026,0.06581317400000053,0.12762447899999962,0.02346912805089642,50,0.00013050161999998976,0.0001264365000004375,0.00012024199999949303,0.00021020500000012987,1.320889553057533e-05,50,0.08823780119999995,0.0827105235000003,0.06540623999999973,0.12719852500000073,0.023443122967907477,50,0.06647937973500002,0.06515204018750054,0.06274154387500008,0.08016383374999969,0.004313089631031884,50,0.02336450901999992,0.005448676999999513,0.00026562699999921335,0.06638984800000003,0.023385061390574027,50,0.004901190534999977,0.0008625320624999766,0.00010962825000015997,0.02168730899999982,0.00579914529758171,50,12.055521533429848,12.02336463364053,7.835487422440353,15.194526250929517,3.034649485054428
cluster_benchmark_500k_latency,20260530-173128_faiss_centralized_016r_852a8867,/mnt/vast-standard/home/darius.heere/u27936/pchpc-project/results/cluster_benchmark_500k_latency/20260530-173128_faiss_centralized_016r_852a8867,results/cluster_benchmark_500k_latency/20260530-173128_faiss_centralized_016r_852a8867/benchmark_metrics.json,2026-05-30T17:31:28,c0075,configs/cluster_benchmark_500k_latency.json,14016797,pchpc-bench,scc-cpu,1,16,16,1,16384,,c0075,hot_repeated_retrieval,cluster_benchmark_500k_latency,mpi_centralized,faiss,True,1,shard_aware_shared_npy,single_vectors_npy,full_queries_on_each_rank,16,500000,1,2560,10,5,50,0.9381453299999999,0.9253786349374999,0.2973511839999998,0.26976286725,cluster_benchmark_500k_latency,benchmark_500k_2560d,42,False,50,0.040592360779999996,0.035985838500000034,0.0357954549999997,0.08343979999999984,0.011114816104906737,50,0.00011938313999999118,0.00011612099999980252,0.00010797600000023166,0.00020466099999971732,1.5336661133841494e-05,50,0.040074989960000015,0.03550169400000014,0.03533038800000021,0.08290116999999997,0.011068790793529187,50,0.036040209143749995,0.03520012753124997,0.03505503643749999,0.045600371374999976,0.002366118883331545,50,0.0052791947999999865,0.0006869604999997225,0.0006128039999997448,0.04946970399999984,0.011204816781770802,50,0.0011960545824999975,0.00018152771874997697,0.00016402418750005587,0.01376015500000008,0.002787578334429131,50,25.785007232885693,27.788709249978755,11.984688362148542,27.936507581758868,4.384640416525823
cluster_benchmark_500k_latency,20260531-104131_faiss_centralized_016r_e884f526,/mnt/vast-standard/home/darius.heere/u27936/pchpc-project/results/cluster_benchmark_500k_latency/20260531-104131_faiss_centralized_016r_e884f526,results/cluster_benchmark_500k_latency/20260531-104131_faiss_centralized_016r_e884f526/benchmark_metrics.json,2026-05-31T10:41:31,c0012,configs/cluster_benchmark_500k_latency.json,14017260,pchpc-bench,scc-cpu,4,16,4,1,8192,,"c[0012,0018,0075,0410]",hot_repeated_retrieval,cluster_benchmark_500k_latency,mpi_centralized,faiss,True,1,shard_aware_shared_npy,single_vectors_npy,full_queries_on_each_rank,16,500000,1,2560,10,5,50,1.8733580550000002,1.6583958909375,0.4065403999999999,0.33051854856250007,cluster_benchmark_500k_latency,benchmark_500k_2560d,42,False,50,0.05663733975999993,0.05305502050000044,0.03246212100000001,0.09604774399999982,0.021917131242504124,50,0.00013911233999996497,0.00013609100000033791,0.00012442199999984638,0.0002409999999999357,1.713117846189019e-05,50,0.05599237956000005,0.052423922000000456,0.031913897999999996,0.09546679600000019,0.021896304628504726,50,0.03317811207125,0.03237750787499999,0.030870121562499964,0.04262022693750006,0.002637385596826925,50,0.024634386259999995,0.01907871250000026,0.0015403979999994988,0.0651400329999996,0.022045635667302343,50,0.003517339377500014,0.0018938303749999608,0.0002882621874998881,0.01633579049999989,0.0037819611777890243,50,20.344738813613706,18.848585072700075,10.411488686293369,30.805134390325257,7.424383709897298
cluster_benchmark_calibrate,,results/cluster_benchmark_calibrate,results/cluster_benchmark_calibrate/benchmark_metrics.json,,,,,,,,,,,,,,hot_repeated_retrieval,cluster_benchmark_calibrate,mpi_centralized,faiss,True,1,shard_aware_shared_npy,single_vectors_npy,full_queries_on_each_rank,16,100000,100,2560,10,2,5,0.26061414299999996,0.2523671691875,0.12120260400000005,0.116275698375,cluster_benchmark_calibrate,benchmark_calibrate_2560d,42,False,5,0.05272244919999989,0.05590086499999991,0.042542655999999957,0.0642843839999998,0.00959054770059269,5,0.0005128130000000119,0.0004886159999999418,0.0004580480000000442,0.0006619850000000316,8.457094613104669e-05,5,0.05119501679999998,0.05477380799999998,0.041580210000000006,0.061596975999999914,0.008979772131721865,5,0.0450422227375,0.04338700324999997,0.04096533200000001,0.055882026187499975,0.006197649906429208,5,0.010337726599999986,0.007850021999999957,0.0037248370000000364,0.019459005000000085,0.007286746830368203,5,0.0016447803874999945,0.001244521999999998,0.0003713180624999868,0.004192160250000007,0.0015537533557887348,5,1949.534657354683,1788.8810843982496,1555.5877458513144,2350.5819664855926,364.4554838769396
cluster_benchmark_calibrate_latency,,results/cluster_benchmark_calibrate_latency,results/cluster_benchmark_calibrate_latency/benchmark_metrics.json,,,,,,,,,,,,,,hot_repeated_retrieval,cluster_benchmark_calibrate_latency,mpi_centralized,faiss,True,1,shard_aware_shared_npy,single_vectors_npy,full_queries_on_each_rank,16,100000,1,2560,10,5,100,1.0573423270000002,0.7816360171875,0.09602545400000007,0.09396923250000001,cluster_benchmark_calibrate_latency,benchmark_calibrate_latency_2560d,42,False,100,0.013777505890000015,0.012458754499999891,0.01216888599999999,0.02935486700000034,0.0040995846854422575,100,0.0001554830099999993,0.0001519805000000929,0.0001371309999997905,0.0002478990000001069,1.4703653552343979e-05,100,0.013078074499999965,0.011770691499999764,0.011468365999999897,0.0283617770000002,0.004043456078454378,100,0.011594207493749998,0.01143912200000001,0.01114737025000001,0.019962053187500023,0.0009018748429432908,100,0.001801880220000036,0.0004452440000000113,0.00039005300000027887,0.018106700000000142,0.004176723474757641,100,0.000328370818125004,0.00013301228125005282,0.0001200771249999788,0.003015534749999993,0.0006304974984763378,100,76.17561737208426,80.26485443581649,34.0659012353893,82.17679087469476,12.324824958712302
cluster_benchmark_faiss_threads4,,results/cluster_benchmark_faiss_threads4,results/cluster_benchmark_faiss_threads4/benchmark_metrics.json,,,,,,,,,,,,,,hot_repeated_retrieval,cluster_benchmark_faiss_threads4,mpi_centralized,faiss,True,4,shard_aware_shared_npy,single_vectors_npy,full_queries_on_each_rank,4,5000,3,2560,10,2,5,0.017719923999999998,0.016740817749999998,0.04402951899999996,0.043650986749999995,cluster_benchmark_faiss_threads4,small_random_2560d,42,False,5,0.002023294799999986,0.001992151000000053,0.0019505779999999806,0.0021480739999999443,8.2808305680636e-05,5,0.00011576659999998907,0.00011641299999998189,0.00010751999999991657,0.0001219209999999693,5.262624658884128e-06,5,0.0016917259999999824,0.0016479529999999798,0.0016340639999999906,0.0018210719999999236,8.07001064961929e-05,5,0.0015716269999999921,0.0015404022499999892,0.001532671749999992,0.001658159250000013,5.3101112724344065e-05,5,0.00017742680000003562,0.0001710570000000855,0.00016002900000000597,0.0001951830000000987,1.4964508117560442e-05,5,0.00010592964999999732,0.00011028149999997572,9.399924999997644e-05,0.00011301900000001974,8.517568541699939e-06,5,1484.6732922046729,1505.9099435735143,1396.5999309148929,1538.005657810162,59.36866547952959
cluster_benchmark_numpy_centralized,20260529-130238_numpy_centralized_002r_b7d3b93a,/mnt/vast-standard/home/darius.heere/u27936/pchpc-project/results/cluster_benchmark_numpy_centralized/20260529-130238_numpy_centralized_002r_b7d3b93a,results/cluster_benchmark_numpy_centralized/20260529-130238_numpy_centralized_002r_b7d3b93a/benchmark_metrics.json,2026-05-29T13:02:38,c0075,configs/cluster_benchmark.json,13996020,pchpc-bench,scc-cpu,1,2,2,1,16384,,c0075,hot_repeated_retrieval,cluster_benchmark_numpy_centralized,mpi_centralized,numpy,True,,shard_aware_shared_npy,single_vectors_npy,full_queries_on_each_rank,2,5000,3,2560,10,2,5,0.2841338950000001,0.25723904300000006,1.1097999999987174e-05,9.909500000016003e-06,cluster_benchmark_numpy_centralized,small_random_2560d,42,False,5,0.004678204200000003,0.004668424000000004,0.0046503530000000515,0.004729537999999978,3.0214259881695325e-05,5,6.08782000000252e-05,6.09390000000376e-05,5.325800000000047e-05,6.734299999999749e-05,5.221852133095113e-06,5,0.004503688799999961,0.004491237999999953,0.004487324999999931,0.004553099000000005,2.777670594583523e-05,5,0.004462605699999978,0.0044555889999999265,0.004448163000000005,0.0044861250000000075,1.5971850783499945e-05,5,9.45595999999993e-05,9.571799999996689e-05,8.73980000000163e-05,0.00010327300000001483,6.536144911184522e-06,5,7.193389999999855e-05,7.045849999998133e-05,6.94465000000144e-05,7.586250000002348e-05,2.9911850160172804e-06,5,641.2929706119555,642.6151523511998,634.311427458668,645.1123172799929,4.11517218907416
cluster_benchmark_numpy_centralized,20260529-130357_numpy_centralized_002r_30da13cf,/mnt/vast-standard/home/darius.heere/u27936/pchpc-project/results/cluster_benchmark_numpy_centralized/20260529-130357_numpy_centralized_002r_30da13cf,results/cluster_benchmark_numpy_centralized/20260529-130357_numpy_centralized_002r_30da13cf/benchmark_metrics.json,2026-05-29T13:03:57,c0075,configs/cluster_benchmark.json,13996055,pchpc-bench,scc-cpu,1,2,2,1,16384,,c0075,hot_repeated_retrieval,cluster_benchmark_numpy_centralized,mpi_centralized,numpy,True,,shard_aware_shared_npy,single_vectors_npy,full_queries_on_each_rank,2,5000,3,2560,10,2,5,0.030081723000000005,0.029775922499999996,7.914999999969474e-06,7.570499999942637e-06,cluster_benchmark_numpy_centralized,small_random_2560d,42,False,5,0.0046644986,0.004659606999999899,0.004632738999999941,0.004691226000000048,2.3905783093268923e-05,5,5.669260000000787e-05,5.548300000002282e-05,5.0115999999933436e-05,6.449600000002498e-05,5.338076226531131e-06,5,0.004496299400000003,0.004492819999999953,0.0044861790000000346,0.004523009999999994,1.530442789848635e-05,5,0.0044659642000000055,0.004462619999999973,0.004457540499999968,0.004486321999999987,1.1623136714106407e-05,5,8.985980000002503e-05,9.161499999998934e-05,7.940800000005854e-05,9.585800000000422e-05,6.2607593948186736e-06,5,6.976100000002372e-05,6.977000000008005e-05,6.365050000001204e-05,7.427400000004081e-05,3.899264433841795e-06,5,643.1694659634917,643.831121379993,639.4916808527172,647.5650797508856,3.298049872726102
cluster_benchmark_numpy_centralized,20260529-134437_numpy_centralized_002r_f02e65ed,/mnt/vast-standard/home/darius.heere/u27936/pchpc-project/results/cluster_benchmark_numpy_centralized/20260529-134437_numpy_centralized_002r_f02e65ed,results/cluster_benchmark_numpy_centralized/20260529-134437_numpy_centralized_002r_f02e65ed/benchmark_metrics.json,2026-05-29T13:44:37,c0075,configs/cluster_benchmark.json,13997127,pchpc-bench,scc-cpu,1,2,2,1,16384,,c0075,hot_repeated_retrieval,cluster_benchmark_numpy_centralized,mpi_centralized,numpy,True,,shard_aware_shared_npy,single_vectors_npy,full_queries_on_each_rank,2,5000,3,2560,10,2,5,0.276151319,0.25567451150000003,7.290999999964853e-06,6.863999999995318e-06,cluster_benchmark_numpy_centralized,small_random_2560d,42,False,5,0.004662931999999986,0.004650673999999966,0.004635163999999969,0.004696427999999919,3.030347362104095e-05,5,5.528720000005372e-05,5.486100000007266e-05,5.2186000000009614e-05,5.769900000007766e-05,2.177264728994091e-06,5,0.004498243000000013,0.004490256999999942,0.004473812000000077,0.004528626000000036,2.384427935585242e-05,5,0.0044710728000000085,0.0044642715000000055,0.004453607000000026,0.004486991000000051,1.4982982173963198e-05,5,9.018700000003043e-05,9.08929999999808e-05,8.098700000003234e-05,9.50699999999749e-05,5.708493365146246e-06,5,6.917799999999197e-05,7.014399999999421e-05,6.639149999998484e-05,7.175100000000878e-05,2.538380413774447e-06,5,643.3937248759249,645.0677901740742,638.7833476846769,647.2262901593168,4.1739658584211
cluster_benchmark_numpy_centralized,,results/cluster_benchmark_numpy_centralized,results/cluster_benchmark_numpy_centralized/benchmark_metrics.json,,,,,,,,,,,,,,hot_repeated_retrieval,cluster_benchmark_numpy_centralized,mpi_centralized,numpy,True,,shard_aware_shared_npy,single_vectors_npy,full_queries_on_each_rank,4,5000,3,2560,10,2,5,0.015743041999999985,0.014280494000000019,1.3519999999989096e-05,9.719249999984303e-06,cluster_benchmark_numpy_centralized,small_random_2560d,42,False,5,0.0025024034000000308,0.0025034569999999867,0.0024879349999999967,0.0025234470000000675,1.5030950295975779e-05,5,6.107140000000122e-05,6.0648000000051994e-05,5.461400000006389e-05,6.775999999997229e-05,5.077503008338811e-06,5,0.0022712338000000056,0.0022705969999999853,0.0022551860000000756,0.002284828000000072,1.0807364350290825e-05,5,0.0022061514000000226,0.0022018924999999967,0.002198015249999935,0.002215584000000048,8.179259694146945e-06,5,0.000219687799999968,0.0002168049999999866,0.00020450499999991045,0.0002454410000000129,1.6398134869596964e-05,5,0.00011970590000000559,0.00012181075000003427,0.00011396699999996485,0.0001237985000000219,4.320020415923834e-06,5,1198.8820247846757,1198.3429313944741,1188.8500134934159,1205.8192838639288,7.189817078727521
final_hot_latency_500k,20260602-213301_faiss_centralized_001r_348e0e96,/mnt/vast-standard/home/darius.heere/u27936/pchpc-project/results/final_hot_latency_500k/20260602-213301_faiss_centralized_001r_348e0e96,results/final_hot_latency_500k/20260602-213301_faiss_centralized_001r_348e0e96/benchmark_metrics.json,2026-06-02T21:33:01,c0125,configs/final_hot_latency_500k_centralized.json,14059515,pchpc-bench,scc-cpu,1,1,1,1,32768,,c0125,hot_repeated_retrieval,final_hot_latency_500k,mpi_centralized,faiss,True,1,shard_aware_shared_npy,single_vectors_npy,full_queries_on_each_rank,1,500000,1,2560,10,5,50,47.194706402,47.194706402,1.3582419450000032,1.3582419450000032,final_hot_latency_500k,benchmark_500k_2560d,42,False,50,0.48280237355999955,0.4825520590000032,0.47973982500001,0.48654162100000065,0.0016725843234716117,50,0.00012433304000055044,0.00011085449999725938,0.00010385800000278778,0.0003678349999987063,4.3842399691270686e-05,50,0.48249986014000085,0.48227639899999986,0.4794688340000022,0.48625086700000253,0.001654936772260796,50,0.48249986014000085,0.48227639899999986,0.4794688340000022,0.48625086700000253,0.001654936772260796,50,0.00014633339999917894,0.00013214999999888732,0.00011816199999259425,0.00034654200000261426,4.814594769617928e-05,50,0.00014633339999917894,0.00013214999999888732,0.00011816199999259425,0.00034654200000261426,4.814594769617928e-05,50,2.0712651688185617,2.072315299426747,2.055322621618015,2.0844631775149773,0.007162240518322486
final_hot_latency_500k,20260602-213902_faiss_centralized_002r_5aac9673,/mnt/vast-standard/home/darius.heere/u27936/pchpc-project/results/final_hot_latency_500k/20260602-213902_faiss_centralized_002r_5aac9673,results/final_hot_latency_500k/20260602-213902_faiss_centralized_002r_5aac9673/benchmark_metrics.json,2026-06-02T21:39:02,c0125,configs/final_hot_latency_500k_centralized.json,14059561,pchpc-bench,scc-cpu,1,2,2,1,32768,,c0125,hot_repeated_retrieval,final_hot_latency_500k,mpi_centralized,faiss,True,1,shard_aware_shared_npy,single_vectors_npy,full_queries_on_each_rank,2,500000,1,2560,10,5,50,14.250689394,13.782597922499999,0.6719876329999988,0.6699689509999995,final_hot_latency_500k,benchmark_500k_2560d,42,False,50,0.2420476609200002,0.24202442550000036,0.24104813699999994,0.24333287099999978,0.0004962495517858508,50,0.00011643270000000428,0.00010661849999848982,9.162400000306548e-05,0.0004879229999978918,5.575092950902565e-05,50,0.24172541816000012,0.24172924049999978,0.24073832999999922,0.24261705300000003,0.00044660791693494167,50,0.24135584298999999,0.2413729775000002,0.2403917154999995,0.24238000150000083,0.0004512974328348662,50,0.0009027829400005061,0.000900277999999588,0.00017301500000144188,0.0014179600000012726,0.0002447161232888742,50,0.0004992693000001225,0.0004892632499995386,0.00015626800000134722,0.0008444185000016091,0.0001340034347343619,50,4.131434739607957,4.131814390478905,4.1095968493299075,4.148548968042845,0.008461384840083843
final_hot_latency_500k,20260602-214348_faiss_centralized_004r_8fc2f6b5,/mnt/vast-standard/home/darius.heere/u27936/pchpc-project/results/final_hot_latency_500k/20260602-214348_faiss_centralized_004r_8fc2f6b5,results/final_hot_latency_500k/20260602-214348_faiss_centralized_004r_8fc2f6b5/benchmark_metrics.json,2026-06-02T21:43:48,c0125,configs/final_hot_latency_500k_centralized.json,14059611,pchpc-bench,scc-cpu,1,4,4,1,32768,,c0125,hot_repeated_retrieval,final_hot_latency_500k,mpi_centralized,faiss,True,1,shard_aware_shared_npy,single_vectors_npy,full_queries_on_each_rank,4,500000,1,2560,10,5,50,1.6109767689999999,1.5987562855,0.36396510299999996,0.3621817999999999,final_hot_latency_500k,benchmark_500k_2560d,42,False,50,0.12395135343999995,0.12379018449999979,0.12356435899999951,0.1273124680000004,0.0005803651360374365,50,0.00011851794000007132,0.00011252849999987546,0.00010194800000018489,0.0002255050000004033,2.4396271164107442e-05,50,0.1236316863,0.12348888150000015,0.12327859599999957,0.12690720800000044,0.0005358021278089254,50,0.12307438412499996,0.12300984299999995,0.12280881524999976,0.12586817125000005,0.0004254497926299609,50,0.0007071571000000886,0.000658434500000471,0.0002366699999996058,0.00167033399999994,0.00027553175716571676,50,0.00024913468999999245,0.00023699637499996484,0.00014072824999988853,0.0005227489999999335,7.672911214703994e-05,50,8.067851098961887,8.078184949046857,7.854690241335962,8.092948549994128,0.03703518214411134
final_hot_latency_500k,20260602-214805_faiss_centralized_008r_9120e6b7,/mnt/vast-standard/home/darius.heere/u27936/pchpc-project/results/final_hot_latency_500k/20260602-214805_faiss_centralized_008r_9120e6b7,results/final_hot_latency_500k/20260602-214805_faiss_centralized_008r_9120e6b7/benchmark_metrics.json,2026-06-02T21:48:05,c0125,configs/final_hot_latency_500k_centralized.json,14059652,pchpc-bench,scc-cpu,1,8,8,1,32768,,c0125,hot_repeated_retrieval,final_hot_latency_500k,mpi_centralized,faiss,True,1,shard_aware_shared_npy,single_vectors_npy,full_queries_on_each_rank,8,500000,1,2560,10,5,50,1.048754749,1.045901097375,0.227731562,0.2261363345,final_hot_latency_500k,benchmark_500k_2560d,42,False,50,0.06493163340000001,0.06480889650000021,0.06459681099999948,0.06586117300000005,0.00028302995212330106,50,0.0001225495400000387,0.00011839750000031124,0.00010813700000023019,0.0001954160000003924,1.534259878372431e-05,50,0.06453732944000001,0.06444393149999983,0.06425914400000021,0.06520111499999981,0.0002353603347029196,50,0.06418744314250001,0.06411801143750012,0.06396421824999998,0.06477791000000005,0.00018448316817401138,50,0.0006739622599999251,0.000665601499999946,0.0005520019999996073,0.0009626469999997056,8.08404679415709e-05,50,0.000203091717499998,0.0001949986874999754,0.00016051012500006845,0.0003750981250000285,4.0055730107907646e-05,50,15.401098723399668,15.429980434485998,15.183452623900264,15.480640367835003,0.06668545911638248
final_hot_latency_500k,20260602-215308_faiss_centralized_016r_0435bcf4,/mnt/vast-standard/home/darius.heere/u27936/pchpc-project/results/final_hot_latency_500k/20260602-215308_faiss_centralized_016r_0435bcf4,results/final_hot_latency_500k/20260602-215308_faiss_centralized_016r_0435bcf4/benchmark_metrics.json,2026-06-02T21:53:08,c0125,configs/final_hot_latency_500k_centralized.json,14059692,pchpc-bench,scc-cpu,1,16,16,1,32768,,c0125,hot_repeated_retrieval,final_hot_latency_500k,mpi_centralized,faiss,True,1,shard_aware_shared_npy,single_vectors_npy,full_queries_on_each_rank,16,500000,1,2560,10,5,50,0.948539806,0.9450581965,0.1774855230000001,0.17453313000000004,final_hot_latency_500k,benchmark_500k_2560d,42,False,50,0.036718633140000026,0.03667873549999978,0.03644676200000019,0.038108032000000236,0.00028281922881984693,50,0.00013681861999997213,0.00013361100000008896,0.00012607700000000222,0.00022564499999955245,1.5159783265184385e-05,50,0.036206413700000016,0.03618040849999993,0.03594625699999998,0.03710666299999987,0.00021333853056019515,50,0.035837401762500005,0.035821013406250005,0.035621940000000046,0.03635732412499998,0.0001457820766025534,50,0.0006514955599999572,0.000618471999999981,0.0005140849999998309,0.0016402030000000067,0.00019224216936440344,50,0.0001868212262499974,0.00017723846875000726,0.00015237249999994207,0.0005049445624999982,5.6230922589604324e-05,50,27.235670914341522,27.2637535659851,26.241187159704122,27.437279613481024,0.20426274669396122
final_hot_latency_500k,20260603-182831_faiss_centralized_032r_b82aa3b9,/mnt/vast-standard/home/darius.heere/u27936/pchpc-project/results/final_hot_latency_500k/20260603-182831_faiss_centralized_032r_b82aa3b9,results/final_hot_latency_500k/20260603-182831_faiss_centralized_032r_b82aa3b9/benchmark_metrics.json,2026-06-03T18:28:31,c0142,configs/final_hot_latency_500k_centralized.json,14072472,pchpc-bench,scc-cpu,1,32,32,1,32768,,c0142,hot_repeated_retrieval,final_hot_latency_500k,mpi_centralized,faiss,True,1,shard_aware_shared_npy,single_vectors_npy,full_queries_on_each_rank,32,500000,1,2560,10,5,50,3.006057191,2.4695479740625,0.12104788700000002,0.08364124178125003,final_hot_latency_500k,benchmark_500k_2560d,42,False,50,0.019275577120000005,0.019217676999999878,0.018893353000000168,0.02036542699999977,0.00029284645408749095,50,0.00012991263999996506,0.00012703049999984728,0.00011549800000043575,0.0001823349999998669,1.2103033577801383e-05,50,0.018537444120000045,0.018504797000000295,0.01822511999999943,0.01945487700000026,0.00023865548871510126,50,0.01783014489500002,0.017820841171875032,0.017696288437500096,0.017979950812500006,6.346500387285594e-05,50,0.0007483321200000681,0.0006152009999995656,0.0005509110000003759,0.001678443000000307,0.00029969377271557216,50,0.00014981989999999612,0.00013446840625007395,0.0001248506562499252,0.0002925369687499235,3.6060539633850446e-05,50,51.890484796152606,52.03544061430375,49.102825096670514,52.9286675583731,0.7634246739957785
final_hot_latency_500k,20260602-215558_faiss_tree_001r_aaa31d9d,/mnt/vast-standard/home/darius.heere/u27936/pchpc-project/results/final_hot_latency_500k/20260602-215558_faiss_tree_001r_aaa31d9d,results/final_hot_latency_500k/20260602-215558_faiss_tree_001r_aaa31d9d/benchmark_metrics.json,2026-06-02T21:55:58,c0125,configs/final_hot_latency_500k_tree.json,14059720,pchpc-bench,scc-cpu,1,1,1,1,32768,,c0125,hot_repeated_retrieval,final_hot_latency_500k,mpi_tree,faiss,True,1,shard_aware_shared_npy,single_vectors_npy,full_queries_on_each_rank,1,500000,1,2560,10,5,50,2.800312691,2.800312691,1.2471780239999997,1.2471780239999997,final_hot_latency_500k,benchmark_500k_2560d,42,False,50,0.4817218715999998,0.48183938099999946,0.47703305699999987,0.48770359599999935,0.0027253099431613008,50,7.093200000163336e-07,6.655000008848333e-07,4.219999993892998e-07,1.2109999998344279e-06,1.8183738429188107e-07,50,0.4816594391799998,0.48178875449999925,0.476978030999998,0.48763379800000095,0.002719845089714874,50,0.4816594391799998,0.48178875449999925,0.476978030999998,0.48763379800000095,0.002719845089714874,50,0.0,0.0,0.0,0.0,0.0,50,0.0,0.0,0.0,0.0,0.0,50,2.0759517377372076,2.075380675464153,2.050425726202768,2.0962907817937664,0.011740710650893296
final_hot_latency_500k,20260602-220016_faiss_tree_002r_eefb3313,/mnt/vast-standard/home/darius.heere/u27936/pchpc-project/results/final_hot_latency_500k/20260602-220016_faiss_tree_002r_eefb3313,results/final_hot_latency_500k/20260602-220016_faiss_tree_002r_eefb3313/benchmark_metrics.json,2026-06-02T22:00:16,c0125,configs/final_hot_latency_500k_tree.json,14059735,pchpc-bench,scc-cpu,1,2,2,1,32768,,c0125,hot_repeated_retrieval,final_hot_latency_500k,mpi_tree,faiss,True,1,shard_aware_shared_npy,single_vectors_npy,full_queries_on_each_rank,2,500000,1,2560,10,5,50,25.848063939,24.948855463,0.6666407700000008,0.6653339104999993,final_hot_latency_500k,benchmark_500k_2560d,42,False,50,0.24826435524000082,0.24813370250000055,0.24660073300000107,0.25014289399999967,0.0008306296102875792,50,0.0012717260000000862,0.0012499684999998095,0.0006303649999992444,0.0020465780000051836,0.0003160984001586887,50,0.24795650778000022,0.24785061149999876,0.2463116819999982,0.2498320420000013,0.0008023603837659561,50,0.2474483209199999,0.24727419350000002,0.2458002730000004,0.2491362230000007,0.0007798449206634482,50,0.0011584565599999763,0.0011412170000006938,0.0005130480000019588,0.0019223520000011263,0.00032012827095196863,50,0.0006239902199996905,0.0006089287499975171,0.00029889800000226785,0.0010842914999997788,0.0001721095795316171,50,4.028008575691215,4.03008535530422,3.9977150020499934,4.055137986958034,0.013454308746539391
final_hot_latency_500k,20260602-220102_faiss_tree_004r_d62c3b3d,/mnt/vast-standard/home/darius.heere/u27936/pchpc-project/results/final_hot_latency_500k/20260602-220102_faiss_tree_004r_d62c3b3d,results/final_hot_latency_500k/20260602-220102_faiss_tree_004r_d62c3b3d/benchmark_metrics.json,2026-06-02T22:01:02,c0125,configs/final_hot_latency_500k_tree.json,14059768,pchpc-bench,scc-cpu,1,4,4,1,32768,,c0125,hot_repeated_retrieval,final_hot_latency_500k,mpi_tree,faiss,True,1,shard_aware_shared_npy,single_vectors_npy,full_queries_on_each_rank,4,500000,1,2560,10,5,50,1.5672562680000002,1.56249641275,0.373144774,0.370111681,final_hot_latency_500k,benchmark_500k_2560d,42,False,50,0.12683913357999999,0.126655902,0.1258558249999986,0.12909168000000015,0.000667331269468691,50,0.0003438375200001431,0.0002565765000008824,0.00022313199999990374,0.0014274110000007667,0.00021922318444590405,50,0.12652576302,0.12637556599999966,0.12558528600000152,0.12880771800000002,0.0006497734916611372,50,0.12617447685,0.12608195450000004,0.12526666500000028,0.1285186922499999,0.0005991760966767206,50,0.00023021998000002597,0.0001554610000000789,0.00012937199999996096,0.001292338999999032,0.00020674052106536817,50,0.00012858898500001548,0.00010389887499984152,8.967850000041189e-05,0.0005425467499995396,7.588596590032639e-05,50,7.884214750124527,7.895407827561719,7.74643261285312,7.945599657385832,0.04123752309567841
final_hot_latency_500k,20260602-220512_faiss_tree_008r_d3fc1d1e,/mnt/vast-standard/home/darius.heere/u27936/pchpc-project/results/final_hot_latency_500k/20260602-220512_faiss_tree_008r_d3fc1d1e,results/final_hot_latency_500k/20260602-220512_faiss_tree_008r_d3fc1d1e/benchmark_metrics.json,2026-06-02T22:05:12,c0125,configs/final_hot_latency_500k_tree.json,14059790,pchpc-bench,scc-cpu,1,8,8,1,32768,,c0125,hot_repeated_retrieval,final_hot_latency_500k,mpi_tree,faiss,True,1,shard_aware_shared_npy,single_vectors_npy,full_queries_on_each_rank,8,500000,1,2560,10,5,50,1.197388488,1.1949068635,0.24259524999999993,0.23939545599999998,final_hot_latency_500k,benchmark_500k_2560d,42,False,50,0.06494601929999999,0.06487912899999992,0.06464200299999989,0.06637874700000035,0.0003246252051269124,50,0.0008062586000000582,0.0007616260000000707,0.00027065300000028714,0.0020330179999996645,0.00026485368928797886,50,0.06456181953999993,0.06451548049999989,0.0643009710000002,0.06574526299999972,0.00025219992181748486,50,0.06390799591499997,0.06386186668749991,0.06369526625000005,0.06462443287500014,0.00019317348189479088,50,0.001220611019999991,0.0011985889999999166,0.0009520120000017229,0.001860637000000498,0.00014817355902015417,50,0.0003141359024999779,0.00029632187499994966,0.00025510649999971324,0.0006096109999998989,6.679127609389932e-05,50,15.3977741809035,15.413277215266671,15.065062918406621,15.469817666386385,0.07587993133510357
final_hot_latency_500k,20260602-220820_faiss_tree_016r_39a3377e,/mnt/vast-standard/home/darius.heere/u27936/pchpc-project/results/final_hot_latency_500k/20260602-220820_faiss_tree_016r_39a3377e,results/final_hot_latency_500k/20260602-220820_faiss_tree_016r_39a3377e/benchmark_metrics.json,2026-06-02T22:08:20,c0125,configs/final_hot_latency_500k_tree.json,14059890,pchpc-bench,scc-cpu,1,16,16,1,32768,,c0125,hot_repeated_retrieval,final_hot_latency_500k,mpi_tree,faiss,True,1,shard_aware_shared_npy,single_vectors_npy,full_queries_on_each_rank,16,500000,1,2560,10,5,50,1.175129005,1.1718062073125,0.17579872100000005,0.17082810437500004,final_hot_latency_500k,benchmark_500k_2560d,42,False,50,0.036648066999999965,0.036576077000000096,0.03640503900000036,0.03790769400000027,0.0002791707809208668,50,0.00045282669999999745,0.0004009765000001497,0.0003209270000001929,0.0017444129999999447,0.00022947460176204446,50,0.036170650820000025,0.03611353200000034,0.03594742200000001,0.03703535899999988,0.00021538892585952162,50,0.03588642581625,0.03586676934375006,0.035732926,0.036444269249999994,0.00011715834501670476,50,0.0005770959400000209,0.0005277384999997636,0.0004281880000003291,0.0015616669999998223,0.00021615782715649596,50,0.0001715796800000141,0.00015790699999997104,0.00014379956249988002,0.0004721789374999841,5.721615945499948e-05,50,27.288085137437264,27.34027571550645,26.37986895219722,27.46872486525808,0.20313656988444254
final_hot_latency_500k,20260603-182917_faiss_tree_032r_7f874f7f,/mnt/vast-standard/home/darius.heere/u27936/pchpc-project/results/final_hot_latency_500k/20260603-182917_faiss_tree_032r_7f874f7f,results/final_hot_latency_500k/20260603-182917_faiss_tree_032r_7f874f7f/benchmark_metrics.json,2026-06-03T18:29:17,c0142,configs/final_hot_latency_500k_tree.json,14072474,pchpc-bench,scc-cpu,1,32,32,1,32768,,c0142,hot_repeated_retrieval,final_hot_latency_500k,mpi_tree,faiss,True,1,shard_aware_shared_npy,single_vectors_npy,full_queries_on_each_rank,32,500000,1,2560,10,5,50,1.816163337,1.792180786,0.11639254600000015,0.11210349687500004,final_hot_latency_500k,benchmark_500k_2560d,42,False,50,0.019389345999999995,0.019366849999999936,0.0191835199999999,0.019767555999999686,0.00014421969333608604,50,0.0006601474199999924,0.0006298139999998398,0.0005800449999999735,0.0009602989999999423,9.604932185059896e-05,50,0.018783794500000006,0.01875278800000002,0.018578450000000135,0.01917196799999976,0.00014987290343109125,50,0.018452564607500003,0.018437671296875006,0.01829583571875,0.01871178715625002,0.00010023554600118471,50,0.000591311840000035,0.0005835315000000119,0.0004721700000005491,0.0009015980000000035,7.573798933569895e-05,50,0.00017156157187500382,0.000167782453125008,0.00015583887500003613,0.00024243965624992647,1.4366705508905282e-05,50,51.57749692414908,51.634625177265235,50.58794319338293,52.128076599081155,0.3816148040778856
final_merge_stress_500k_100q,20260605-121607_faiss_centralized_016r_acfa7e15,/mnt/vast-standard/home/darius.heere/u27936/pchpc-project/results/final_merge_stress_500k_100q/20260605-121607_faiss_centralized_016r_acfa7e15,results/final_merge_stress_500k_100q/20260605-121607_faiss_centralized_016r_acfa7e15/benchmark_metrics.json,2026-06-05T12:16:07,c0065,configs/merging_strategy_configs/final_merge_stress_500k_100q_topk0010_centralized.json,14090202,pchpc-bench,scc-cpu,1,16,16,1,32768,,c0065,hot_repeated_retrieval,final_merge_stress_500k_100q,mpi_centralized,faiss,True,1,shard_aware_shared_npy,single_vectors_npy,full_queries_on_each_rank,16,500000,100,2560,10,2,10,4.1654938239999995,3.6078687743125,0.1496140239999999,0.13999860012499998,final_merge_stress_500k_100q,benchmark_500k_100q_2560d,42,False,10,0.19102413099999999,0.19124557399999986,0.18976533599999978,0.1920625300000003,0.0007725560743794879,10,0.00046520059999988206,0.00045640899999987994,0.00043837299999971435,0.0005362299999998044,2.933528474637236e-05,10,0.18993416400000002,0.19006173949999994,0.18883026600000008,0.19083615100000006,0.0006873450508024645,10,0.18239272450625002,0.18250075768750004,0.18162455662500004,0.18318412687500002,0.0005415987561834043,10,0.0031094116000000226,0.003120213000000316,0.0019774379999999425,0.004394570000000542,0.0006337932245367335,10,0.0007718869875000478,0.0007502846875000191,0.0005875804999999623,0.0009592091249999157,0.00011531827899881369,10,523.501791337775,522.8880228470889,520.663765076925,526.9666320934405,2.1210623808476297
final_merge_stress_500k_100q,20260605-122637_faiss_tree_016r_88b19585,/mnt/vast-standard/home/darius.heere/u27936/pchpc-project/results/final_merge_stress_500k_100q/20260605-122637_faiss_tree_016r_88b19585,results/final_merge_stress_500k_100q/20260605-122637_faiss_tree_016r_88b19585/benchmark_metrics.json,2026-06-05T12:26:37,c0065,configs/merging_strategy_configs/final_merge_stress_500k_100q_topk0010_tree.json,14090240,pchpc-bench,scc-cpu,1,16,16,1,32768,,c0065,hot_repeated_retrieval,final_merge_stress_500k_100q,mpi_tree,faiss,True,1,shard_aware_shared_npy,single_vectors_npy,full_queries_on_each_rank,16,500000,100,2560,10,2,10,1.8088238840000002,1.8043130131875,0.1943950240000003,0.1707629701875,final_merge_stress_500k_100q,benchmark_500k_100q_2560d,42,False,10,0.18964924800000005,0.1891865190000006,0.18849161199999998,0.19210178000000022,0.0011093468346288343,10,0.0034330163999998662,0.003419196499999666,0.002967744999999411,0.004021221999999991,0.0003680875899394597,10,0.18865318709999995,0.18823823900000014,0.1875871189999998,0.191221788,0.0010556261675390831,10,0.182057945725,0.181729464375,0.18137456862500012,0.18371916581249992,0.0007662056446472848,10,0.00466496439999986,0.004741904500000116,0.0038380769999997177,0.005389980999999544,0.0006253569992618572,10,0.001098287849999996,0.001081508843750023,0.0010084596875001295,0.001342246375000078,9.94429653595643e-05,10,527.305326284562,528.5789035559245,520.5573836952468,530.5275865538251,3.06350099185688
final_merge_stress_500k_100q,20260605-121655_faiss_centralized_016r_65d4f6b2,/mnt/vast-standard/home/darius.heere/u27936/pchpc-project/results/final_merge_stress_500k_100q/20260605-121655_faiss_centralized_016r_65d4f6b2,results/final_merge_stress_500k_100q/20260605-121655_faiss_centralized_016r_65d4f6b2/benchmark_metrics.json,2026-06-05T12:16:55,c0065,configs/merging_strategy_configs/final_merge_stress_500k_100q_topk0100_centralized.json,14090218,pchpc-bench,scc-cpu,1,16,16,1,32768,,c0065,hot_repeated_retrieval,final_merge_stress_500k_100q,mpi_centralized,faiss,True,1,shard_aware_shared_npy,single_vectors_npy,full_queries_on_each_rank,16,500000,100,2560,100,2,10,1.890639233,1.8440838889375,0.18769620600000003,0.16628507218749997,final_merge_stress_500k_100q,benchmark_500k_100q_2560d,42,False,10,0.19878560759999994,0.19856189750000008,0.19759079899999943,0.201102691,0.0010851445893698048,10,0.0020020385999999224,0.0019438544999998975,0.0018472129999995701,0.002534524999999732,0.00020113963143225048,10,0.19545597310000007,0.19530491150000007,0.1943871960000001,0.19660371799999998,0.0007917790307650708,10,0.187411863425,0.18712430312499995,0.18656488581250008,0.18901559024999998,0.0007676048780995675,10,0.004709944500000063,0.004756361500000139,0.0039969670000004065,0.0052452449999997874,0.00037093861016764413,10,0.0013123805062499993,0.0013128598437500694,0.0011953822500000155,0.0015273236249999378,9.548829887665193e-05,10,503.06795723416786,503.622051850121,497.25838825299456,506.0964402497319,2.7334677100181266
final_merge_stress_500k_100q,20260605-122657_faiss_tree_016r_ba5bf46e,/mnt/vast-standard/home/darius.heere/u27936/pchpc-project/results/final_merge_stress_500k_100q/20260605-122657_faiss_tree_016r_ba5bf46e,results/final_merge_stress_500k_100q/20260605-122657_faiss_tree_016r_ba5bf46e/benchmark_metrics.json,2026-06-05T12:26:57,c0065,configs/merging_strategy_configs/final_merge_stress_500k_100q_topk0100_tree.json,14090250,pchpc-bench,scc-cpu,1,16,16,1,32768,,c0065,hot_repeated_retrieval,final_merge_stress_500k_100q,mpi_tree,faiss,True,1,shard_aware_shared_npy,single_vectors_npy,full_queries_on_each_rank,16,500000,100,2560,100,2,10,1.787977831,1.7739107993125,0.18898227700000003,0.16677149075,final_merge_stress_500k_100q,benchmark_500k_100q_2560d,42,False,10,0.19771073900000008,0.1977086239999999,0.1958935860000004,0.19905214000000004,0.0009177284843621107,10,0.005520300400000133,0.005637602000000186,0.004391272999999973,0.006581544000000328,0.0005897174664228599,10,0.19474040919999994,0.19482567799999995,0.1928637550000003,0.19618267999999972,0.0008842797338093457,10,0.18822353333125003,0.18836234456249998,0.18689462381250005,0.1890526478750001,0.000585323329213493,10,0.0035787811000000504,0.003523187999999955,0.002710672999999275,0.004225538000000029,0.00041150969326973064,10,0.0009382602562500675,0.0009328023750001802,0.0008040438749999379,0.0012136861249999464,0.00011495865995779233,10,505.79924484123717,505.7949696223758,502.38093396031803,510.4812364811158,2.3518386307586305
final_merge_stress_500k_100q,20260605-122759_faiss_tree_016r_db7a3140,/mnt/vast-standard/home/darius.heere/u27936/pchpc-project/results/final_merge_stress_500k_100q/20260605-122759_faiss_tree_016r_db7a3140,results/final_merge_stress_500k_100q/20260605-122759_faiss_tree_016r_db7a3140/benchmark_metrics.json,2026-06-05T12:27:59,c0065,configs/merging_strategy_configs/final_merge_stress_500k_100q_topk1000_tree.json,14090255,pchpc-bench,scc-cpu,1,16,16,1,32768,,c0065,hot_repeated_retrieval,final_merge_stress_500k_100q,mpi_tree,faiss,True,1,shard_aware_shared_npy,single_vectors_npy,full_queries_on_each_rank,16,500000,100,2560,1000,2,10,1.810064197,1.8059471160625,0.19007932299999997,0.17054863618749996,final_merge_stress_500k_100q,benchmark_500k_100q_2560d,42,False,10,0.2462193316,0.24335607849999996,0.24244851799999978,0.25613981100000016,0.0050827445851393,10,0.031168735100000067,0.029237382000000034,0.02612899000000013,0.04091020899999975,0.005005900172260499,10,0.21970834139999992,0.21931440249999978,0.21858074299999952,0.22238339100000015,0.0011452688902468173,10,0.21340644154375005,0.21312346409375016,0.21262616924999994,0.21605072525000008,0.0010126539573637142,10,0.0182180247999999,0.018119874499999966,0.017008576000000275,0.0197583429999999,0.0009451431506371835,10,0.004896907956249941,0.0042977324999998595,0.004022309562499826,0.007392936937499955,0.0012408616171780396,10,406.294495028515,410.9210445974509,390.41178179053134,412.4586977265008,8.211072187334024
final_merge_stress_500k_100q,20260605-122825_faiss_tree_016r_9b117d3a,/mnt/vast-standard/home/darius.heere/u27936/pchpc-project/results/final_merge_stress_500k_100q/20260605-122825_faiss_tree_016r_9b117d3a,results/final_merge_stress_500k_100q/20260605-122825_faiss_tree_016r_9b117d3a/benchmark_metrics.json,2026-06-05T12:28:25,c0065,configs/merging_strategy_configs/final_merge_stress_500k_100q_topk5000_tree.json,14090267,pchpc-bench,scc-cpu,1,16,16,1,32768,,c0065,hot_repeated_retrieval,final_merge_stress_500k_100q,mpi_tree,faiss,True,1,shard_aware_shared_npy,single_vectors_npy,full_queries_on_each_rank,16,500000,100,2560,5000,2,10,1.7867528149999998,1.7748081630624999,0.18955832500000014,0.167621407875,final_merge_stress_500k_100q,benchmark_500k_100q_2560d,42,False,10,0.45769285810000004,0.45151044949999974,0.4482648710000001,0.4906509950000002,0.013497581590076649,10,0.14418822860000033,0.1400588340000004,0.13154317200000065,0.17803447899999947,0.013500873511081533,10,0.32072689219999984,0.3205488084999999,0.3189566949999998,0.32457150599999984,0.001540252612562965,10,0.31048269883749996,0.310014831875,0.3089325554375,0.31388428168749993,0.001538617927921797,10,0.04230005849999983,0.03800202650000051,0.03492895400000062,0.07225158399999954,0.011479689831475726,10,0.012953929762499997,0.011651646250000008,0.010573001937499882,0.019374774562500058,0.0028727837486025513,10,218.65040323495202,221.47882909445423,203.8108574507221,223.0823927311493,6.152936293700337
final_merge_stress_500k_topk0010,20260603-233819_faiss_centralized_016r_e8121140,/mnt/vast-standard/home/darius.heere/u27936/pchpc-project/results/final_merge_stress_500k_topk0010/20260603-233819_faiss_centralized_016r_e8121140,results/final_merge_stress_500k_topk0010/20260603-233819_faiss_centralized_016r_e8121140/benchmark_metrics.json,2026-06-03T23:38:19,c0081,configs/merging_strategy_configs/final_merge_stress_500k_topk0010_centralized.json,14074936,pchpc-bench,scc-cpu,1,16,16,1,32768,,c0081,hot_repeated_retrieval,final_merge_stress_500k_topk0010,mpi_centralized,faiss,True,1,shard_aware_shared_npy,single_vectors_npy,full_queries_on_each_rank,16,500000,1,2560,10,2,10,12.427864117999999,5.6032640646875,0.17070956500000012,0.12671558575000025,final_merge_stress_500k_topk0010,benchmark_500k_2560d,42,False,10,0.03429063320000001,0.034221561499999886,0.0338199079999999,0.03473421200000004,0.000339107814625148,10,0.00014199859999983744,0.00013890049999965015,0.0001332489999992248,0.0001645440000004328,9.436257758934238e-06,10,0.03375079869999986,0.033690359499999545,0.03330514700000009,0.0341865049999992,0.00031766128043741147,10,0.03294896725,0.03289542753125024,0.032737937687499885,0.033230122437499454,0.0001447837534143233,10,0.0005814493000000809,0.0005534870000003522,0.0005119520000000932,0.0007828009999997221,8.282496629768799e-05,10,0.00014680783125012865,0.00014114165625034314,0.00013206256250042347,0.000215220937500038,2.455537367860829e-05,10,29.16504800154274,29.221346377436646,28.79005863153017,29.568383213816045,0.2882238717092142
final_merge_stress_500k_topk0010,20260604-031050_faiss_centralized_016r_665cb4ca,/mnt/vast-standard/home/darius.heere/u27936/pchpc-project/results/final_merge_stress_500k_topk0010/20260604-031050_faiss_centralized_016r_665cb4ca,results/final_merge_stress_500k_topk0010/20260604-031050_faiss_centralized_016r_665cb4ca/benchmark_metrics.json,2026-06-04T03:10:50,c0065,configs/merging_strategy_configs/final_merge_stress_500k_topk0010_centralized.json,14075039,pchpc-bench,scc-cpu,4,16,4,1,16384,,"c[0065,0081,0142,0410]",hot_repeated_retrieval,final_merge_stress_500k_topk0010,mpi_centralized,faiss,True,1,shard_aware_shared_npy,single_vectors_npy,full_queries_on_each_rank,16,500000,1,2560,10,2,10,3.87121739,1.2477080748125,0.21778891100000042,0.15916666806250013,final_merge_stress_500k_topk0010,benchmark_500k_2560d,42,False,10,0.03494120480000014,0.03478364899999997,0.03410174399999999,0.03563009500000014,0.0005289046194965229,10,0.0001454070000000307,0.0001446700000000689,0.00013905299999983356,0.0001550450000005199,4.357863365459443e-06,10,0.03437956480000022,0.034219305500000186,0.033529759000000325,0.035091934000000435,0.0005402909759250647,10,0.03216794275625,0.032179789656249985,0.03184479818749997,0.03266082687500016,0.00024451429425290957,10,0.0032776147000001645,0.0031813825000002183,0.002333711000000349,0.0041497630000000285,0.000567249886979892,10,0.0005163480812500176,0.0005035058749999766,0.0004114562500000529,0.000646424625000086,7.244348003852453e-05,10,28.625411891102566,28.74923204948693,28.066161485115213,29.324013458080042,0.43358873484232263
final_merge_stress_500k_topk0010,20260603-234001_faiss_tree_016r_45564eac,/mnt/vast-standard/home/darius.heere/u27936/pchpc-project/results/final_merge_stress_500k_topk0010/20260603-234001_faiss_tree_016r_45564eac,results/final_merge_stress_500k_topk0010/20260603-234001_faiss_tree_016r_45564eac/benchmark_metrics.json,2026-06-03T23:40:01,c0081,configs/merging_strategy_configs/final_merge_stress_500k_topk0010_tree.json,14074949,pchpc-bench,scc-cpu,1,16,16,1,32768,,c0081,hot_repeated_retrieval,final_merge_stress_500k_topk0010,mpi_tree,faiss,True,1,shard_aware_shared_npy,single_vectors_npy,full_queries_on_each_rank,16,500000,1,2560,10,2,10,3.075760108,3.0638379798125,0.22154174100000024,0.21773869531249992,final_merge_stress_500k_topk0010,benchmark_500k_2560d,42,False,10,0.03866548870000015,0.03843913399999943,0.03788740000000068,0.03986593900000024,0.0006186897984201418,10,0.00046089399999988957,0.0004253169999999251,0.000360556999999595,0.0007208249999992589,0.00010586628222425352,10,0.03814050840000007,0.03798421200000002,0.03731164499999995,0.03939655799999997,0.0006112713166398391,10,0.03795186486875009,0.03779141071875011,0.037100913250000145,0.03920783381250004,0.0006185168474516867,10,0.0007229301000002408,0.0006938300000012276,0.00063843600000002,0.0008970760000002187,8.945521392338617e-05,10,0.00017422275625006978,0.00017034359374989982,0.0001502113749998757,0.00021359706249995947,1.9175873177672286e-05,10,25.868759158226165,26.015178158703215,25.08406988732898,26.393999060373158,0.40989764368793175
final_merge_stress_500k_topk0010,20260605-094630_faiss_tree_016r_3ad3ec86,/mnt/vast-standard/home/darius.heere/u27936/pchpc-project/results/final_merge_stress_500k_topk0010/20260605-094630_faiss_tree_016r_3ad3ec86,results/final_merge_stress_500k_topk0010/20260605-094630_faiss_tree_016r_3ad3ec86/benchmark_metrics.json,2026-06-05T09:46:30,c0075,configs/merging_strategy_configs/final_merge_stress_500k_topk0010_tree.json,14087822,pchpc-bench,scc-cpu,4,16,4,1,16384,,"c[0075,0078,0137-0138]",hot_repeated_retrieval,final_merge_stress_500k_topk0010,mpi_tree,faiss,True,1,shard_aware_shared_npy,single_vectors_npy,full_queries_on_each_rank,16,500000,1,2560,10,2,10,3.84465669,2.5501578023125,0.3682994739999996,0.22834876868749998,final_merge_stress_500k_topk0010,benchmark_500k_2560d,42,False,10,0.04107926729999987,0.038049441500000114,0.03627357299999989,0.050857613999999884,0.005575184224722423,10,0.009486787799999962,0.006430054500000004,0.004814023999999861,0.019250065999999677,0.0055331432351067595,10,0.040471028900000226,0.03752166300000015,0.035700821000000715,0.05014168699999999,0.0055076402902658845,10,0.03485169875000002,0.03444360693750009,0.033227011812499985,0.037078146749999985,0.0013274237565942305,10,0.009248430500000371,0.006204582000000514,0.004577918000000736,0.018989222999999278,0.005515812968909922,10,0.0007645558687500387,0.0005550479062499947,0.0004751638125000679,0.0013965974999998187,0.000358381111823845,10,24.718461944313177,26.298991284606828,19.66273919181506,27.56827952956283,3.082205858958436
final_merge_stress_500k_topk0010_tree_explicit,20260608-021155_faiss_tree-explicit_016r_a802872b,/mnt/vast-standard/home/darius.heere/u27936/pchpc-project/results/final_merge_stress_500k_topk0010_tree_explicit/20260608-021155_faiss_tree-explicit_016r_a802872b,results/final_merge_stress_500k_topk0010_tree_explicit/20260608-021155_faiss_tree-explicit_016r_a802872b/benchmark_metrics.json,2026-06-08T02:11:55,c0091,configs/merging_strategy_configs/final_merge_stress_500k_topk0010_tree_explicit.json,14137494,pchpc-bench,scc-cpu,4,16,4,1,16384,,"c[0091,0138,0409,0416]",hot_repeated_retrieval,final_merge_stress_500k_topk0010_tree_explicit,mpi_tree_explicit,faiss,True,1,shard_aware_shared_npy,single_vectors_npy,full_queries_on_each_rank,16,500000,1,2560,10,2,10,0.34231884700000004,0.3189929275,0.23788991100000012,0.178695198125,final_merge_stress_500k_topk0010_tree_explicit,benchmark_500k_2560d,42,False,10,0.050737323,0.0357618285000002,0.03540459699999987,0.08487240399999996,0.022711268805575193,10,0.016827826700000027,0.0020217860000000254,0.0015151709999998708,0.0502700220000003,0.02244383481630632,10,0.05031728139999987,0.035386165999999886,0.03504219999999991,0.08429391700000011,0.022640988630449593,10,0.036384886875,0.03388811696874994,0.0336269288125,0.045639221624999976,0.004276089578130841,10,0.01657566270000004,0.0017774530000000954,0.0012954709999992708,0.04998411900000033,0.022425672738520037,10,0.0023188091437500295,0.00022533346875002608,0.00019486099999999063,0.009206714500000046,0.0035254775075534866,10,22.754588008703003,27.962805503454874,11.782392778694009,28.244919720453353,7.5997614943978835
final_merge_stress_500k_topk0100,20260603-233849_faiss_centralized_016r_c5268b96,/mnt/vast-standard/home/darius.heere/u27936/pchpc-project/results/final_merge_stress_500k_topk0100/20260603-233849_faiss_centralized_016r_c5268b96,results/final_merge_stress_500k_topk0100/20260603-233849_faiss_centralized_016r_c5268b96/benchmark_metrics.json,2026-06-03T23:38:49,c0081,configs/merging_strategy_configs/final_merge_stress_500k_topk0100_centralized.json,14074943,pchpc-bench,scc-cpu,1,16,16,1,32768,,c0081,hot_repeated_retrieval,final_merge_stress_500k_topk0100,mpi_centralized,faiss,True,1,shard_aware_shared_npy,single_vectors_npy,full_queries_on_each_rank,16,500000,1,2560,100,2,10,1.6504555430000003,1.64192419475,0.15380312399999996,0.14591929299999998,final_merge_stress_500k_topk0100,benchmark_500k_2560d,42,False,10,0.03416726049999994,0.03415460749999988,0.033841937000000044,0.03441084500000002,0.0001628494035380541,10,0.00016259210000000302,0.0001629995000000939,0.00015252099999996105,0.0001692109999997804,5.639617076266934e-06,10,0.033621105900000135,0.0336127890000002,0.033299097,0.033846738000000265,0.0001564835953095685,10,0.032897088293750015,0.03291569915625002,0.032677675937499984,0.03300899162500007,9.159366224772403e-05,10,0.0006608660000000377,0.0006456810000001756,0.0006084520000002591,0.0007254020000000416,3.5357702432860535e-05,10,0.00016037390000000484,0.00016054306249996264,0.00014850156249998636,0.00018237774999999012,1.0098171358922204e-05,10,29.268383401711237,29.27863649887214,29.060605747984372,29.54913603201846,0.1397369352325525
final_merge_stress_500k_topk0100,20260604-031114_faiss_centralized_016r_d73774c6,/mnt/vast-standard/home/darius.heere/u27936/pchpc-project/results/final_merge_stress_500k_topk0100/20260604-031114_faiss_centralized_016r_d73774c6,results/final_merge_stress_500k_topk0100/20260604-031114_faiss_centralized_016r_d73774c6/benchmark_metrics.json,2026-06-04T03:11:14,c0065,configs/merging_strategy_configs/final_merge_stress_500k_topk0100_centralized.json,14075040,pchpc-bench,scc-cpu,4,16,4,1,16384,,"c[0065,0081,0142,0410]",hot_repeated_retrieval,final_merge_stress_500k_topk0100,mpi_centralized,faiss,True,1,shard_aware_shared_npy,single_vectors_npy,full_queries_on_each_rank,16,500000,1,2560,100,2,10,0.3629788340000001,0.334605061375,0.13939011599999995,0.1265649234375,final_merge_stress_500k_topk0100,benchmark_500k_2560d,42,False,10,0.03497818880000007,0.03494863650000013,0.0346537950000001,0.0355164830000001,0.0002556300167185124,10,0.00015720579999995988,0.00015576350000001682,0.00014887800000007445,0.000175778999999876,8.120069578221716e-06,10,0.034289705199999986,0.03428334150000001,0.03406933499999987,0.034628395000000145,0.00018515909372387277,10,0.03205732248125,0.03205979309375,0.031922940875,0.03225445718749999,0.00010300618993977568,10,0.0036345585999999486,0.003567910999999868,0.003202724000000101,0.004387629999999865,0.00037175914584134333,10,0.0005512792624999832,0.000531007406249992,0.0004948624374999655,0.0006508388749999344,4.907781226978929e-05,10,28.59061213858173,28.61342146270688,28.15594100350525,28.85686834587661,0.20790036806925635
final_merge_stress_500k_topk0100,20260603-234001_faiss_tree_016r_f18c5dd3,/mnt/vast-standard/home/darius.heere/u27936/pchpc-project/results/final_merge_stress_500k_topk0100/20260603-234001_faiss_tree_016r_f18c5dd3,results/final_merge_stress_500k_topk0100/20260603-234001_faiss_tree_016r_f18c5dd3/benchmark_metrics.json,2026-06-03T23:40:01,c0081,configs/merging_strategy_configs/final_merge_stress_500k_topk0100_tree.json,14074952,pchpc-bench,scc-cpu,1,16,16,1,32768,,c0081,hot_repeated_retrieval,final_merge_stress_500k_topk0100,mpi_tree,faiss,True,1,shard_aware_shared_npy,single_vectors_npy,full_queries_on_each_rank,16,500000,1,2560,100,2,10,3.075855175,3.0736639633125002,0.21116927700000065,0.19479020987499995,final_merge_stress_500k_topk0100,benchmark_500k_2560d,42,False,10,0.03872049970000004,0.03866847000000018,0.03806797799999995,0.03967581900000017,0.0005461833061941612,10,0.0004174308000000515,0.00041810350000037744,0.00039398099999932157,0.0004362179999999327,1.3048986574564325e-05,10,0.038207965500000274,0.03815857150000035,0.037550195000000564,0.03917421700000023,0.0005515171009678395,10,0.03557927999375005,0.035537256968749986,0.03541410512500026,0.03592809243750006,0.00014915171842991073,10,0.0007117550999999444,0.0006854614999998176,0.0006482509999994335,0.0008761119999993738,6.423022232985743e-05,10,0.0002030657437500305,0.00019892353124983941,0.00018936893750026718,0.00023378925000017148,1.4057027978221373e-05,10,25.83071231045469,25.86087129420542,25.204268625179377,26.268797360343157,0.3623143763890569
final_merge_stress_500k_topk0100,20260605-094741_faiss_tree_016r_124de318,/mnt/vast-standard/home/darius.heere/u27936/pchpc-project/results/final_merge_stress_500k_topk0100/20260605-094741_faiss_tree_016r_124de318,results/final_merge_stress_500k_topk0100/20260605-094741_faiss_tree_016r_124de318/benchmark_metrics.json,2026-06-05T09:47:41,c0075,configs/merging_strategy_configs/final_merge_stress_500k_topk0100_tree.json,14087824,pchpc-bench,scc-cpu,4,16,4,1,16384,,"c[0075,0078,0137-0138]",hot_repeated_retrieval,final_merge_stress_500k_topk0100,mpi_tree,faiss,True,1,shard_aware_shared_npy,single_vectors_npy,full_queries_on_each_rank,16,500000,1,2560,100,2,10,0.4231602849999999,0.384219313,0.27332767999999996,0.16672406693750003,final_merge_stress_500k_topk0100,benchmark_500k_2560d,42,False,10,0.05357093769999999,0.04331641349999993,0.037237853000000154,0.101457511,0.024957793030251335,10,0.021927004699999995,0.010959891499999985,0.005810228000000084,0.07018789800000014,0.02513956046456679,10,0.05290553619999998,0.042701745500000166,0.036546898999999966,0.10079731299999994,0.024944068187021513,10,0.03758010528125,0.03633645512499999,0.03345036606249997,0.045276424437499976,0.004306162509674524,10,0.02162140179999992,0.010580743999999975,0.005533234999999914,0.06987014599999974,0.025131590774787566,10,0.002110022193749994,0.0008612127500000066,0.0005204924375000058,0.007250236624999934,0.0027174479481077507,10,21.342109886603666,23.276695563642797,9.856342720648843,26.854394639776785,6.540787246065751
final_merge_stress_500k_topk0100_tree_explicit,20260608-021114_faiss_tree-explicit_016r_26992969,/mnt/vast-standard/home/darius.heere/u27936/pchpc-project/results/final_merge_stress_500k_topk0100_tree_explicit/20260608-021114_faiss_tree-explicit_016r_26992969,results/final_merge_stress_500k_topk0100_tree_explicit/20260608-021114_faiss_tree-explicit_016r_26992969/benchmark_metrics.json,2026-06-08T02:11:14,c0091,configs/merging_strategy_configs/final_merge_stress_500k_topk0100_tree_explicit.json,14137491,pchpc-bench,scc-cpu,4,16,4,1,16384,,"c[0091,0138,0409,0416]",hot_repeated_retrieval,final_merge_stress_500k_topk0100_tree_explicit,mpi_tree_explicit,faiss,True,1,shard_aware_shared_npy,single_vectors_npy,full_queries_on_each_rank,16,500000,1,2560,100,2,10,0.3786319440000001,0.3477835618125,0.24006362700000006,0.184453386625,final_merge_stress_500k_topk0100_tree_explicit,benchmark_500k_2560d,42,False,10,0.048146288399999945,0.037241630999999886,0.03625823699999975,0.08834206300000025,0.020337320740629564,10,0.011602596799999976,0.00035151499999996894,0.0003134889999998336,0.05148136899999978,0.020252469307560274,10,0.04766552269999993,0.03680117950000006,0.03584446099999994,0.08762789999999976,0.02026685939019267,10,0.037571800450000005,0.035223540375000015,0.03461395606249998,0.04723099762499999,0.005014488947137959,10,0.011928695000000156,0.0007297990000005861,0.0005402630000004294,0.05211991700000018,0.02023316942257362,10,0.001651161943750029,0.00014252534375007453,0.00011566312500002618,0.007457558625000027,0.002776703383092481,10,23.23444091359949,26.85326936212858,11.319636037931298,27.579939973364038,6.563100916431357
final_merge_stress_500k_topk1000,20260603-233913_faiss_centralized_016r_74731fe4,/mnt/vast-standard/home/darius.heere/u27936/pchpc-project/results/final_merge_stress_500k_topk1000/20260603-233913_faiss_centralized_016r_74731fe4,results/final_merge_stress_500k_topk1000/20260603-233913_faiss_centralized_016r_74731fe4/benchmark_metrics.json,2026-06-03T23:39:13,c0081,configs/merging_strategy_configs/final_merge_stress_500k_topk1000_centralized.json,14074944,pchpc-bench,scc-cpu,1,16,16,1,32768,,c0081,hot_repeated_retrieval,final_merge_stress_500k_topk1000,mpi_centralized,faiss,True,1,shard_aware_shared_npy,single_vectors_npy,full_queries_on_each_rank,16,500000,1,2560,1000,2,10,3.100515879,3.05687683,0.19385052000000025,0.18969840668750004,final_merge_stress_500k_topk1000,benchmark_500k_2560d,42,False,10,0.04065567069999991,0.04041932250000002,0.04006267699999988,0.04205871599999966,0.0006494189041134436,10,0.00028892919999981006,0.0002927424999996653,0.00024921699999946867,0.0003025059999997026,1.5770758776943783e-05,10,0.03990714800000008,0.03967229350000023,0.03934617100000004,0.04128900500000032,0.0006297941883002103,10,0.039731285300000044,0.03948801640625002,0.03915814743749996,0.04114865356249997,0.0006432023715965727,10,0.0004770139999998868,0.00047183750000012736,0.0004251159999997256,0.0005258579999996016,2.91549088414503e-05,10,0.00017025272499998634,0.0001707722500000619,0.00015371368749994563,0.0001812081249999986,8.143993363877271e-06,10,24.60235537859419,24.74064392788496,23.776284563703943,24.960888160319467,0.3854286362956571
final_merge_stress_500k_topk1000,20260604-031139_faiss_centralized_016r_74cb4518,/mnt/vast-standard/home/darius.heere/u27936/pchpc-project/results/final_merge_stress_500k_topk1000/20260604-031139_faiss_centralized_016r_74cb4518,results/final_merge_stress_500k_topk1000/20260604-031139_faiss_centralized_016r_74cb4518/benchmark_metrics.json,2026-06-04T03:11:39,c0065,configs/merging_strategy_configs/final_merge_stress_500k_topk1000_centralized.json,14075042,pchpc-bench,scc-cpu,4,16,4,1,16384,,"c[0065,0081,0142,0410]",hot_repeated_retrieval,final_merge_stress_500k_topk1000,mpi_centralized,faiss,True,1,shard_aware_shared_npy,single_vectors_npy,full_queries_on_each_rank,16,500000,1,2560,1000,2,10,0.364881189,0.3228617525,0.134448271,0.12398636125000001,final_merge_stress_500k_topk1000,benchmark_500k_2560d,42,False,10,0.034762662300000025,0.034753273500000015,0.034540824000000026,0.034987563000000055,0.00015409809382204665,10,0.00027912219999999267,0.0002797650000000429,0.00026690099999981953,0.00029041699999998727,7.149364894901533e-06,10,0.034003975599999944,0.03399097999999978,0.0337706889999998,0.03421750000000001,0.00015708542582673854,10,0.032082147499999984,0.03207465734374998,0.03200733862499998,0.03217556937499999,5.6919939842799263e-05,10,0.002838468699999974,0.0028096009999998284,0.0025732279999999275,0.0030422990000000816,0.00014742120374336022,10,0.0004911401749999863,0.0004855519687499907,0.0004646038749999276,0.0005295866249999948,2.2196454381988858e-05,10,28.76700508181925,28.77431198151268,28.581584833444914,28.951249107432968,0.12750291247663795
final_merge_stress_500k_topk1000,20260603-234022_faiss_tree_016r_feb31a3f,/mnt/vast-standard/home/darius.heere/u27936/pchpc-project/results/final_merge_stress_500k_topk1000/20260603-234022_faiss_tree_016r_feb31a3f,results/final_merge_stress_500k_topk1000/20260603-234022_faiss_tree_016r_feb31a3f/benchmark_metrics.json,2026-06-03T23:40:22,c0081,configs/merging_strategy_configs/final_merge_stress_500k_topk1000_tree.json,14074954,pchpc-bench,scc-cpu,1,16,16,1,32768,,c0081,hot_repeated_retrieval,final_merge_stress_500k_topk1000,mpi_tree,faiss,True,1,shard_aware_shared_npy,single_vectors_npy,full_queries_on_each_rank,16,500000,1,2560,1000,2,10,3.066804008,3.048915607125,0.20882254899999975,0.20675967774999998,final_merge_stress_500k_topk1000,benchmark_500k_2560d,42,False,10,0.04004502820000013,0.039985406000000445,0.039676333000000064,0.04048888099999992,0.0002611823370723412,10,0.0007415522999999702,0.0007437339999998294,0.0006445680000002341,0.0008104810000002516,4.339284484809258e-05,10,0.03923076899999982,0.039164439499999926,0.038869334000000144,0.03965092700000028,0.00024870087906926164,10,0.039006997025000004,0.03893891462500004,0.038652737875000065,0.039434475374999944,0.00024974891658515407,10,0.0007218181999999018,0.0007180235000006085,0.0006370179999999337,0.0007812520000003431,4.266386033941168e-05,10,0.0002112918874999592,0.0002109889375000451,0.00020039687499989745,0.00022584468749992093,7.138729942593183e-06,10,24.97284271723077,25.00921210000693,24.698138730976584,25.203942108258804,0.16247255152420031
final_merge_stress_500k_topk1000,20260605-094801_faiss_tree_016r_8e1e9520,/mnt/vast-standard/home/darius.heere/u27936/pchpc-project/results/final_merge_stress_500k_topk1000/20260605-094801_faiss_tree_016r_8e1e9520,results/final_merge_stress_500k_topk1000/20260605-094801_faiss_tree_016r_8e1e9520/benchmark_metrics.json,2026-06-05T09:48:01,c0075,configs/merging_strategy_configs/final_merge_stress_500k_topk1000_tree.json,14087871,pchpc-bench,scc-cpu,4,16,4,1,16384,,"c[0075,0078,0137-0138]",hot_repeated_retrieval,final_merge_stress_500k_topk1000,mpi_tree,faiss,True,1,shard_aware_shared_npy,single_vectors_npy,full_queries_on_each_rank,16,500000,1,2560,1000,2,10,0.3674142669999999,0.3416872900625,0.26728789100000006,0.1594930189375,final_merge_stress_500k_topk1000,benchmark_500k_2560d,42,False,10,0.05403539370000001,0.045859703500000015,0.036848926999999865,0.09891096600000004,0.02032586973793858,10,0.022332940600000017,0.014155742000000027,0.005224650000000164,0.06735473700000005,0.020403900437236697,10,0.05319152989999998,0.04501788149999997,0.036111667999999764,0.09800249800000005,0.02030011076235209,10,0.037090520024999955,0.03606305984374997,0.03285059387499997,0.046479524499999925,0.0038912014668556105,10,0.021841285899999962,0.013677914499999888,0.004757015999999226,0.06684456800000005,0.020395555628275587,10,0.0018782120749999977,0.0010222067812499444,0.0004682374374999354,0.005566587750000018,0.0019213381536091162,10,20.29832424398249,21.805662966578097,10.11010245314963,27.137832263067082,5.469691496327127
final_merge_stress_500k_topk1000_tree_explicit,20260608-021035_faiss_tree-explicit_016r_a39de91e,/mnt/vast-standard/home/darius.heere/u27936/pchpc-project/results/final_merge_stress_500k_topk1000_tree_explicit/20260608-021035_faiss_tree-explicit_016r_a39de91e,results/final_merge_stress_500k_topk1000_tree_explicit/20260608-021035_faiss_tree-explicit_016r_a39de91e/benchmark_metrics.json,2026-06-08T02:10:35,c0091,configs/merging_strategy_configs/final_merge_stress_500k_topk1000_tree_explicit.json,14137488,pchpc-bench,scc-cpu,4,16,4,1,16384,,"c[0091,0138,0409,0416]",hot_repeated_retrieval,final_merge_stress_500k_topk1000_tree_explicit,mpi_tree_explicit,faiss,True,1,shard_aware_shared_npy,single_vectors_npy,full_queries_on_each_rank,16,500000,1,2560,1000,2,10,2.871814025,1.1854590415625,0.24644313100000037,0.19589616412499997,final_merge_stress_500k_topk1000_tree_explicit,benchmark_500k_2560d,42,False,10,0.036261157599999996,0.036193685499999795,0.03572210299999945,0.0367630590000001,0.00041106148240476457,10,0.0017106655000001859,0.0017541260000002445,0.0006919370000000313,0.0032445180000006957,0.0007134852680210703,10,0.035616531199999815,0.03555074699999983,0.03508713899999982,0.03613445099999968,0.00040255572750301,10,0.03426309098750001,0.034176381093749986,0.03402666637500007,0.034846627937499874,0.00026460523189456334,10,0.001287965199999963,0.0012486879999995537,0.0005028570000007448,0.002774480000001134,0.0006363556764992359,10,0.0001997806999999796,0.0001956638750000017,0.00013560487500008378,0.00027644768750001436,3.994444619674688e-05,10,27.58090565654399,27.629793263440895,27.201218484022164,27.99387258919262,0.3123879366818302
final_merge_stress_500k_topk5000,20260603-233913_faiss_centralized_016r_da5a20c5,/mnt/vast-standard/home/darius.heere/u27936/pchpc-project/results/final_merge_stress_500k_topk5000/20260603-233913_faiss_centralized_016r_da5a20c5,results/final_merge_stress_500k_topk5000/20260603-233913_faiss_centralized_016r_da5a20c5/benchmark_metrics.json,2026-06-03T23:39:13,c0081,configs/merging_strategy_configs/final_merge_stress_500k_topk5000_centralized.json,14074947,pchpc-bench,scc-cpu,1,16,16,1,32768,,c0081,hot_repeated_retrieval,final_merge_stress_500k_topk5000,mpi_centralized,faiss,True,1,shard_aware_shared_npy,single_vectors_npy,full_queries_on_each_rank,16,500000,1,2560,5000,2,10,3.098687035,3.0458264691875,0.19452595200000022,0.17427434293750005,final_merge_stress_500k_topk5000,benchmark_500k_2560d,42,False,10,0.04248864259999987,0.042412903000000224,0.04202716299999931,0.0435210580000005,0.0004117665178261485,10,0.0009708048999999442,0.0009717435000000663,0.0009000059999992871,0.0010398030000002834,4.776303958901589e-05,10,0.040598109900000165,0.04053994800000016,0.040147615000000414,0.0416091380000001,0.0004248263370085194,10,0.03742237245625005,0.037372573312500046,0.0371586852500001,0.0378042353125001,0.00020664060357030925,10,0.0008945315000000065,0.0008804654999998718,0.0008279520000007423,0.001054290999999985,6.948293214425147e-05,10,0.0003130865125000326,0.00030490500000002196,0.0002877184375001951,0.0003658046250000213,2.2114076636745532e-05,10,23.53766234251917,23.57773393382263,22.977382581094158,23.794135235823944,0.22485387525945838
final_merge_stress_500k_topk5000,20260604-031253_faiss_centralized_016r_6d589ffa,/mnt/vast-standard/home/darius.heere/u27936/pchpc-project/results/final_merge_stress_500k_topk5000/20260604-031253_faiss_centralized_016r_6d589ffa,results/final_merge_stress_500k_topk5000/20260604-031253_faiss_centralized_016r_6d589ffa/benchmark_metrics.json,2026-06-04T03:12:53,c0065,configs/merging_strategy_configs/final_merge_stress_500k_topk5000_centralized.json,14075043,pchpc-bench,scc-cpu,4,16,4,1,16384,,"c[0065,0081,0142,0410]",hot_repeated_retrieval,final_merge_stress_500k_topk5000,mpi_centralized,faiss,True,1,shard_aware_shared_npy,single_vectors_npy,full_queries_on_each_rank,16,500000,1,2560,5000,2,10,0.35783036299999993,0.319779494875,0.1450108510000001,0.1306295078125,final_merge_stress_500k_topk5000,benchmark_500k_2560d,42,False,10,0.03737985869999998,0.037370622500000006,0.03702840899999993,0.03781290100000012,0.0002495727217951534,10,0.000892630399999983,0.0008811279999998423,0.0008619770000000138,0.0009454180000001422,2.7721363784069045e-05,10,0.03574460210000006,0.0357306435000001,0.03538621300000022,0.036227063000000115,0.0002637287721548852,10,0.0334535372125,0.03331345128125,0.03319994762500003,0.033896692125000044,0.0002792060919014743,10,0.0036030227000000137,0.0035975900000001504,0.0033095960000000257,0.004013886999999938,0.00023575866594556259,10,0.0006471988312500079,0.0006581003437499885,0.0005691493749999804,0.0006937753750000525,4.080773926987088e-05,10,26.75344738288545,26.758987695816515,26.44600053299261,27.006291304603497,0.17845520570091386
final_merge_stress_500k_topk5000,20260603-234022_faiss_tree_016r_1d18ec9e,/mnt/vast-standard/home/darius.heere/u27936/pchpc-project/results/final_merge_stress_500k_topk5000/20260603-234022_faiss_tree_016r_1d18ec9e,results/final_merge_stress_500k_topk5000/20260603-234022_faiss_tree_016r_1d18ec9e/benchmark_metrics.json,2026-06-03T23:40:22,c0081,configs/merging_strategy_configs/final_merge_stress_500k_topk5000_tree.json,14074955,pchpc-bench,scc-cpu,1,16,16,1,32768,,c0081,hot_repeated_retrieval,final_merge_stress_500k_topk5000,mpi_tree,faiss,True,1,shard_aware_shared_npy,single_vectors_npy,full_queries_on_each_rank,16,500000,1,2560,5000,2,10,3.0679338849999995,3.050977050875,0.205091291,0.18755163487500007,final_merge_stress_500k_topk5000,benchmark_500k_2560d,42,False,10,0.041681532799999935,0.041691213000000005,0.041268184999999846,0.042178053999999854,0.0002582116144550893,10,0.001776002099999996,0.001430781499999867,0.0014014739999996806,0.0045730349999999476,0.0009870144002092815,10,0.04013071310000012,0.040158402000000315,0.039734252999999775,0.040642843999999734,0.00027426504244923395,10,0.03951645745,0.03953599143749997,0.039069548562500056,0.03985017699999993,0.0002667036972506528,10,0.0010925208000003295,0.0008478210000002484,0.0007741230000002375,0.003428583000001595,0.0008216086876513881,10,0.0002956078062499701,0.0002697767500000614,0.0002669373749997206,0.00047088756249991093,6.317039634109331e-05,10,23.992267783730533,23.9858696623808,23.709012274487662,24.231741715803683,0.14844665650333244
final_merge_stress_500k_topk5000,20260605-094820_faiss_tree_016r_fcefc61c,/mnt/vast-standard/home/darius.heere/u27936/pchpc-project/results/final_merge_stress_500k_topk5000/20260605-094820_faiss_tree_016r_fcefc61c,results/final_merge_stress_500k_topk5000/20260605-094820_faiss_tree_016r_fcefc61c/benchmark_metrics.json,2026-06-05T09:48:20,c0075,configs/merging_strategy_configs/final_merge_stress_500k_topk5000_tree.json,14087896,pchpc-bench,scc-cpu,4,16,4,1,16384,,"c[0075,0078,0137-0138]",hot_repeated_retrieval,final_merge_stress_500k_topk5000,mpi_tree,faiss,True,1,shard_aware_shared_npy,single_vectors_npy,full_queries_on_each_rank,16,500000,1,2560,5000,2,10,0.366446928,0.34079316750000005,0.25408973599999995,0.16295606399999996,final_merge_stress_500k_topk5000,benchmark_500k_2560d,42,False,10,0.05759272990000004,0.051459325499999986,0.0402908019999999,0.10543615099999992,0.020291505147522083,10,0.02508410659999998,0.019263942999999895,0.007998299999999903,0.0723006639999999,0.020076989948928575,10,0.05581707860000003,0.04973117500000013,0.03862460499999987,0.10332728600000007,0.02016853155279042,10,0.0391703211875,0.03823440434374998,0.03516560600000006,0.049774199124999974,0.004112453599524322,10,0.023912999600000106,0.018089017000000207,0.006864270999999977,0.0711112860000005,0.02006531755107761,10,0.002110688662500028,0.0013702503750000206,0.0006553616875000501,0.006836808375000045,0.0020574021930979338,10,18.827183558906,19.439779412531752,9.484412988482486,24.819560553795935,4.80507685210994
final_merge_stress_500k_topk5000_tree_explicit,20260607-230626_faiss_tree-explicit_016r_ba5cf5b3,/mnt/vast-standard/home/darius.heere/u27936/pchpc-project/results/final_merge_stress_500k_topk5000_tree_explicit/20260607-230626_faiss_tree-explicit_016r_ba5cf5b3,results/final_merge_stress_500k_topk5000_tree_explicit/20260607-230626_faiss_tree-explicit_016r_ba5cf5b3/benchmark_metrics.json,2026-06-07T23:06:26,c0410,configs/merging_strategy_configs/final_merge_stress_500k_topk5000_tree_explicit.json,14128997,pchpc-bench,scc-cpu,4,16,4,1,16384,,"c[0410,0414-0416]",hot_repeated_retrieval,final_merge_stress_500k_topk5000_tree_explicit,mpi_tree_explicit,faiss,True,1,shard_aware_shared_npy,single_vectors_npy,full_queries_on_each_rank,16,500000,1,2560,5000,2,10,3.075317031,1.4384392521875,1.3545201380000007,0.8492486761250001,final_merge_stress_500k_topk5000_tree_explicit,benchmark_500k_2560d,42,False,10,0.038707218700000115,0.038688413500000074,0.038192743999999834,0.03926500200000049,0.00031301207930826074,10,0.00157933400000001,0.0016171350000000473,0.0013086640000015137,0.0016626550000005125,0.00010282354270691671,10,0.037309682300000445,0.03730293850000077,0.0367905300000011,0.03790915099999914,0.0003172603301139566,10,0.0343526207062501,0.03436339040625008,0.033935615250000106,0.03467781112499979,0.00020281321852554375,10,0.0005144298000001157,0.000488237500000821,0.0004223969999994637,0.0006785409999991998,7.750463468418505e-05,10,0.00019853568124988952,0.00019572265624989704,0.00018550624999957854,0.00022494731250011224,1.102488878774635e-05,10,25.836491412921287,25.847546577153487,25.46797272543084,26.182983867302237,0.20846272061261698
final_multinode_latency_500k,20260603-091440_faiss_centralized_004r_43829f37,/mnt/vast-standard/home/darius.heere/u27936/pchpc-project/results/final_multinode_latency_500k/20260603-091440_faiss_centralized_004r_43829f37,results/final_multinode_latency_500k/20260603-091440_faiss_centralized_004r_43829f37/benchmark_metrics.json,2026-06-03T09:14:40,c0124,configs/final_multinode_latency_500k_centralized.json,14067401,pchpc-bench,scc-cpu,1,4,4,1,16384,,c0124,hot_repeated_retrieval,final_multinode_latency_500k,mpi_centralized,faiss,True,1,shard_aware_shared_npy,single_vectors_npy,full_queries_on_each_rank,4,500000,1,2560,10,5,50,10.433197848,9.960802569750001,0.3877533179999997,0.3690505780000004,final_multinode_latency_500k,benchmark_500k_2560d,42,False,50,0.11979455660000003,0.11972997600000035,0.11950669199999986,0.12061187699999998,0.0002789695948188137,50,0.00011007905999978363,0.0001040099999993771,9.178200000015124e-05,0.00020765999999916573,2.27496730270074e-05,50,0.11945769441999995,0.11939138499999924,0.11921575499999904,0.12009780699999872,0.00022775648799621475,50,0.11882457632000001,0.11880563574999892,0.11868561300000025,0.11910967600000033,9.38445209450272e-05,50,0.0013012121600000982,0.001248395499999333,0.0006732609999993144,0.0021129709999989643,0.0002847369578927185,50,0.0004910643950000182,0.0004630930000000255,0.0002609957500001592,0.0009201414999999713,0.00014112148934042657,50,8.347668891127217,8.352127344890707,8.291057438729688,8.36773224381444,0.019362333345184467
final_multinode_latency_500k,20260603-091429_faiss_centralized_008r_b4bbd1b5,/mnt/vast-standard/home/darius.heere/u27936/pchpc-project/results/final_multinode_latency_500k/20260603-091429_faiss_centralized_008r_b4bbd1b5,results/final_multinode_latency_500k/20260603-091429_faiss_centralized_008r_b4bbd1b5/benchmark_metrics.json,2026-06-03T09:14:29,c0137,configs/final_multinode_latency_500k_centralized.json,14067371,pchpc-bench,scc-cpu,2,8,4,1,16384,,c[0137-0138],hot_repeated_retrieval,final_multinode_latency_500k,mpi_centralized,faiss,True,1,shard_aware_shared_npy,single_vectors_npy,full_queries_on_each_rank,8,500000,1,2560,10,5,50,6.3873742369999995,5.892187354,0.4526201330000008,0.3401852916249999,final_multinode_latency_500k,benchmark_500k_2560d,42,False,50,0.0681001543199999,0.06309136049999964,0.06267482500000021,0.1073423759999983,0.011190533137686231,50,0.00011702765999995535,0.00011308050000025105,0.00010290099999998858,0.00020910900000004062,1.835147949718786e-05,50,0.06766002180000004,0.06266751549999938,0.06229949499999954,0.10679335500000064,0.011111451674879447,50,0.061902176837500045,0.061152552937500104,0.06092005525000066,0.07197066574999988,0.0020284364931404068,50,0.008014449099999972,0.0030805624999992176,0.002154799999999568,0.04731116800000024,0.011151225011600076,50,0.0016809771525000095,0.0005292266249998789,0.0004121178750002841,0.017279271374999627,0.002963496134334747,50,14.983612088068265,15.850031422203674,9.315985329037396,15.955369640042818,1.8706224149575974
final_multinode_latency_500k,20260603-091428_faiss_centralized_016r_9155869f,/mnt/vast-standard/home/darius.heere/u27936/pchpc-project/results/final_multinode_latency_500k/20260603-091428_faiss_centralized_016r_9155869f,results/final_multinode_latency_500k/20260603-091428_faiss_centralized_016r_9155869f/benchmark_metrics.json,2026-06-03T09:14:28,c0409,configs/final_multinode_latency_500k_centralized.json,14067366,pchpc-bench,scc-cpu,4,16,4,1,16384,,c[0409-0412],hot_repeated_retrieval,final_multinode_latency_500k,mpi_centralized,faiss,True,1,shard_aware_shared_npy,single_vectors_npy,full_queries_on_each_rank,16,500000,1,2560,10,5,50,7.045769684,5.4414136050624995,0.3723178650000003,0.1961362715624999,final_multinode_latency_500k,benchmark_500k_2560d,42,False,50,0.037565540120000025,0.037589599499999515,0.036760774000001106,0.03831501500000023,0.000305775105746765,50,0.0001419683999998611,0.00014286299999888286,0.00011425499999972999,0.0001803689999988478,1.1789435585780316e-05,50,0.03702335674000011,0.03705720100000054,0.03623396500000098,0.037589596000000114,0.00028493232509340137,50,0.033860732124999966,0.033853117812500055,0.03365407381249974,0.03409637287499989,9.598379002468409e-05,50,0.0036564213599998754,0.0036758839999988524,0.002837932000000265,0.004374168000000012,0.0003416013439295974,50,0.0003116225437499587,0.00031035750000013573,0.00024870574999991124,0.00040608356250004807,3.269927666879835e-05,50,26.621871030439735,26.603103601532222,26.099428644357676,27.202909274977994,0.2168074089858483
final_multinode_latency_500k,20260606-212848_faiss_centralized_032r_a6eff7c2,/mnt/vast-standard/home/darius.heere/u27936/pchpc-project/results/final_multinode_latency_500k/20260606-212848_faiss_centralized_032r_a6eff7c2,results/final_multinode_latency_500k/20260606-212848_faiss_centralized_032r_a6eff7c2/benchmark_metrics.json,2026-06-06T21:28:48,c0066,configs/final_multinode_latency_500k_centralized.json,14072431,pchpc-bench,scc-cpu,8,32,4,1,16384,,"c[0066,0071,0078,0081,0138,0409-0411]",hot_repeated_retrieval,final_multinode_latency_500k,mpi_centralized,faiss,True,1,shard_aware_shared_npy,single_vectors_npy,full_queries_on_each_rank,32,500000,1,2560,10,5,50,1.6972924470000001,0.8265940204375,0.27385665800000014,0.14662418803125,final_multinode_latency_500k,benchmark_500k_2560d,42,False,50,0.02888504480000005,0.025942699500000055,0.02483773499999975,0.05273051900000025,0.007319509396821764,50,0.0001656072000000197,0.00016191500000006798,0.00014804000000001594,0.00020093000000009908,1.212720097590915e-05,50,0.02796690100000002,0.025026560500000183,0.023939932999999858,0.051833574000000215,0.007287874572827404,50,0.020165007079375005,0.020049675250000017,0.019748181687500033,0.021294488062500005,0.00035876718044684867,50,0.010396551300000051,0.0076317850000000576,0.00616908099999991,0.03411697100000044,0.007341642659489766,50,0.0006358823312500009,0.00042097478124999976,0.00035198062500003957,0.002847517718750081,0.0005774353871266551,50,36.104593553410425,38.546489740344605,18.96434965868618,40.26132012439983,6.027323310347376
final_multinode_latency_500k,20260603-091703_faiss_tree_004r_d8563831,/mnt/vast-standard/home/darius.heere/u27936/pchpc-project/results/final_multinode_latency_500k/20260603-091703_faiss_tree_004r_d8563831,results/final_multinode_latency_500k/20260603-091703_faiss_tree_004r_d8563831/benchmark_metrics.json,2026-06-03T09:17:03,c0124,configs/final_multinode_latency_500k_tree.json,14067404,pchpc-bench,scc-cpu,1,4,4,1,16384,,c0124,hot_repeated_retrieval,final_multinode_latency_500k,mpi_tree,faiss,True,1,shard_aware_shared_npy,single_vectors_npy,full_queries_on_each_rank,4,500000,1,2560,10,5,50,1.436222411,1.43003589925,0.3569219929999998,0.3543204424999999,final_multinode_latency_500k,benchmark_500k_2560d,42,False,50,0.11968731822,0.11947499800000028,0.11899206899999992,0.12415602600000009,0.0007744278630073219,50,0.00033263341999998806,0.0002823344999998145,0.00021060699999964072,0.0009381230000000684,0.00014369450966037403,50,0.11933359329999998,0.11916620850000026,0.11869486099999982,0.12382413100000011,0.0007474667975386409,50,0.11870374947500004,0.1185223245,0.11810137274999988,0.12315978075000011,0.0007463988282509977,50,0.0016523911999999808,0.0016591949999997802,0.00146207699999934,0.001860628999999392,9.549062399347906e-05,50,0.0004978876999999815,0.00048221225000000256,0.0004262389999998284,0.0007263322499999614,5.47909129692623e-05,50,8.355438426556638,8.369952170309592,8.054381508634943,8.40392144118446,0.05273536010520172
final_multinode_latency_500k,20260603-091429_faiss_tree_008r_c4528ee6,/mnt/vast-standard/home/darius.heere/u27936/pchpc-project/results/final_multinode_latency_500k/20260603-091429_faiss_tree_008r_c4528ee6,results/final_multinode_latency_500k/20260603-091429_faiss_tree_008r_c4528ee6/benchmark_metrics.json,2026-06-03T09:14:29,c0409,configs/final_multinode_latency_500k_tree.json,14067372,pchpc-bench,scc-cpu,2,8,4,1,16384,,c[0409-0410],hot_repeated_retrieval,final_multinode_latency_500k,mpi_tree,faiss,True,1,shard_aware_shared_npy,single_vectors_npy,full_queries_on_each_rank,8,500000,1,2560,10,5,50,7.684391645999999,6.9425632752499995,0.23682532199999962,0.22681140600000038,final_multinode_latency_500k,benchmark_500k_2560d,42,False,50,0.06624386042000008,0.06738762600000037,0.06335651900000094,0.06917479900000068,0.002044400012174472,50,0.0006629204599999739,0.000584639999999581,0.00030632200000013654,0.0018281009999991937,0.00025491775587816677,50,0.06580784211999995,0.06702160249999967,0.06294796299999916,0.06856264500000009,0.00206718333495497,50,0.06485948088999997,0.06617667631250002,0.062313106625,0.066795400625,0.0018613125491390606,50,0.0005465331400001006,0.0004956974999990038,0.00019693100000317543,0.001655712999999892,0.0002940238198451403,50,0.0001634715375000395,0.00014545762500017823,9.898937500074645e-05,0.00037133624999996506,5.56276741585977e-05,50,15.109982213416396,14.839521325815284,14.456131632561595,15.78369543945407,0.4710087962203977
final_multinode_latency_500k,20260603-091428_faiss_tree_016r_e142a46d,/mnt/vast-standard/home/darius.heere/u27936/pchpc-project/results/final_multinode_latency_500k/20260603-091428_faiss_tree_016r_e142a46d,results/final_multinode_latency_500k/20260603-091428_faiss_tree_016r_e142a46d/benchmark_metrics.json,2026-06-03T09:14:28,c0409,configs/final_multinode_latency_500k_tree.json,14067373,pchpc-bench,scc-cpu,4,16,4,1,16384,,c[0409-0412],hot_repeated_retrieval,final_multinode_latency_500k,mpi_tree,faiss,True,1,shard_aware_shared_npy,single_vectors_npy,full_queries_on_each_rank,16,500000,1,2560,10,5,50,7.0506244989999995,5.447008014375,0.3702933970000002,0.1979290359375,final_multinode_latency_500k,benchmark_500k_2560d,42,False,50,0.03726134739999989,0.03724360449999864,0.03642645499999908,0.03829407299999943,0.0003331163734522072,50,0.0034933782199999897,0.0034486324999996043,0.002635900999999663,0.004427406999999661,0.0003920567887954995,50,0.036783148380000096,0.03677853500000072,0.03595347999999987,0.03759907799999951,0.0003034273071990474,50,0.03366970293499999,0.03366395012499995,0.03347387287500003,0.03388408606250004,9.222567323229479e-05,50,0.0032873809199996627,0.003261064999997565,0.002429681999998934,0.004202449999997526,0.00039008167187940456,50,0.0003667637624999709,0.0003599305000002162,0.0003036339999999971,0.000510817499999705,4.42964896028062e-05,50,26.83955117559757,26.85024795739711,26.11370172089072,27.45257533295582,0.23847527313259154
final_multinode_latency_500k,20260606-213024_faiss_tree_032r_121aa9ae,/mnt/vast-standard/home/darius.heere/u27936/pchpc-project/results/final_multinode_latency_500k/20260606-213024_faiss_tree_032r_121aa9ae,results/final_multinode_latency_500k/20260606-213024_faiss_tree_032r_121aa9ae/benchmark_metrics.json,2026-06-06T21:30:24,c0066,configs/final_multinode_latency_500k_tree.json,14072458,pchpc-bench,scc-cpu,8,32,4,1,16384,,"c[0066,0071,0078,0081,0138,0409-0411]",hot_repeated_retrieval,final_multinode_latency_500k,mpi_tree,faiss,True,1,shard_aware_shared_npy,single_vectors_npy,full_queries_on_each_rank,32,500000,1,2560,10,5,50,0.42475956000000004,0.24706496090625,0.19653765199999995,0.13311174425,final_multinode_latency_500k,benchmark_500k_2560d,42,False,50,0.029213124099999998,0.0250918725,0.024148652000000048,0.059262227000000056,0.009016017826466364,50,0.01073366887999997,0.006705956000000013,0.005481909000000229,0.04046457400000003,0.008900941516199969,50,0.02832741225999999,0.024232477500000016,0.023292937999999985,0.05824650699999978,0.008949545106384005,50,0.020104851619375,0.019934217296875,0.019677842624999997,0.022276922093749957,0.000520567530463093,50,0.010549990760000058,0.006402234500000326,0.0051932629999997815,0.04104686300000049,0.009100576964239743,50,0.0007688002225000065,0.00042505082812502315,0.00036196328125004396,0.0036768172187500447,0.0007691005971869041,50,36.362525936050616,39.853547815021145,16.874154931774655,41.41017892013178,7.184238465924857
final_rank_thread_tradeoff_500k,20260607-135959_faiss_centralized_001r_bd713955,/mnt/vast-standard/home/darius.heere/u27936/pchpc-project/results/final_rank_thread_tradeoff_500k/20260607-135959_faiss_centralized_001r_bd713955,results/final_rank_thread_tradeoff_500k/20260607-135959_faiss_centralized_001r_bd713955/benchmark_metrics.json,2026-06-07T13:59:59,c0411,configs/rank_thread_configs/final_rank_thread_500k_centralized_threads16.json,14129184,pchpc-bench,scc-cpu,1,1,1,16,32768,,c0411,hot_repeated_retrieval,final_rank_thread_tradeoff_500k,mpi_centralized,faiss,True,16,shard_aware_shared_npy,single_vectors_npy,full_queries_on_each_rank,1,500000,1,2560,10,5,50,3.1259580500000004,3.1259580500000004,1.4440749310000003,1.4440749310000003,final_rank_thread_tradeoff_500k,benchmark_500k_2560d,42,False,50,0.57021977628,0.5708973255000007,0.5477748679999976,0.5876341220000008,0.00709004319969661,50,0.00014057692000008615,0.00012845100000014043,0.00010918999999987022,0.000406191000001499,4.7250611339940676e-05,50,0.5698762187000002,0.5704681184999991,0.5474878340000018,0.5873064960000001,0.007089983134267946,50,0.5698762187000002,0.5704681184999991,0.5474878340000018,0.5873064960000001,0.007089983134267946,50,0.0001639881200000559,0.0001513830000003935,0.00012882000000047356,0.0003615560000014284,4.968391186201597e-05,50,0.0001639881200000559,0.0001513830000003935,0.00012882000000047356,0.0003615560000014284,4.968391186201597e-05,50,1.7539768619261438,1.7516284569459872,1.701739164833588,1.8255675066859847,0.021923383282887957
final_rank_thread_tradeoff_500k,20260607-135906_faiss_centralized_002r_920363a2,/mnt/vast-standard/home/darius.heere/u27936/pchpc-project/results/final_rank_thread_tradeoff_500k/20260607-135906_faiss_centralized_002r_920363a2,results/final_rank_thread_tradeoff_500k/20260607-135906_faiss_centralized_002r_920363a2/benchmark_metrics.json,2026-06-07T13:59:06,c0411,configs/rank_thread_configs/final_rank_thread_500k_centralized_threads08.json,14129182,pchpc-bench,scc-cpu,1,2,2,8,32768,,c0411,hot_repeated_retrieval,final_rank_thread_tradeoff_500k,mpi_centralized,faiss,True,8,shard_aware_shared_npy,single_vectors_npy,full_queries_on_each_rank,2,500000,1,2560,10,5,50,1.7289575490000002,1.6735237870000002,0.7553698899999999,0.7549037535,final_rank_thread_tradeoff_500k,benchmark_500k_2560d,42,False,50,0.2918795649599998,0.28889828100000026,0.2821434630000006,0.3120944649999995,0.007698207665204436,50,0.00014351888000001977,0.00012737349999980552,0.00011155299999998647,0.0003991939999998806,4.9465797096930346e-05,50,0.29150794834000004,0.28857807999999974,0.2818452820000008,0.3113657639999996,0.007662061264347344,50,0.2911926042200001,0.288182261,0.28145310950000013,0.3112083795,0.00768589007949792,50,0.000812181740000053,0.0007969174999997719,0.00025387899999973484,0.001744803000000239,0.0002795108158529045,50,0.0004595498299999434,0.000446818999999099,0.0002125214999999514,0.0010361275000003722,0.000155666794951928,50,3.4283343496801755,3.4614268497037086,3.204158074383029,3.5442961866530927,0.0876036103503463
final_rank_thread_tradeoff_500k,20260607-135828_faiss_centralized_004r_e0681359,/mnt/vast-standard/home/darius.heere/u27936/pchpc-project/results/final_rank_thread_tradeoff_500k/20260607-135828_faiss_centralized_004r_e0681359,results/final_rank_thread_tradeoff_500k/20260607-135828_faiss_centralized_004r_e0681359/benchmark_metrics.json,2026-06-07T13:58:28,c0411,configs/rank_thread_configs/final_rank_thread_500k_centralized_threads04.json,14129179,pchpc-bench,scc-cpu,1,4,4,4,32768,,c0411,hot_repeated_retrieval,final_rank_thread_tradeoff_500k,mpi_centralized,faiss,True,4,shard_aware_shared_npy,single_vectors_npy,full_queries_on_each_rank,4,500000,1,2560,10,5,50,1.2837087839999999,1.25704241175,0.41107915799999994,0.40731953099999996,final_rank_thread_tradeoff_500k,benchmark_500k_2560d,42,False,50,0.14694534852000007,0.14628127900000054,0.1431902530000002,0.15148284099999998,0.0021142236651502805,50,0.00014411155999995097,0.0001330924999995986,0.00011627099999955703,0.0004062309999999236,4.357409596475903e-05,50,0.14652882598,0.14590200200000059,0.1427822179999998,0.15083773499999964,0.002115227676459251,50,0.14562006875,0.14510462637499988,0.14197335725000015,0.14963792024999978,0.0020979939788283207,50,0.0026285938000000187,0.002595272000000204,0.002161046000000333,0.0031455959999995287,0.00028760245321946215,50,0.0007633317950000573,0.0007814112499999748,0.0006411772500001245,0.0009552882500001303,8.0656413817305e-05,50,6.806624931149108,6.836144857269513,6.601407746241042,6.983715574551003,0.0974413228312045
final_rank_thread_tradeoff_500k,20260607-135750_faiss_centralized_008r_9abb1619,/mnt/vast-standard/home/darius.heere/u27936/pchpc-project/results/final_rank_thread_tradeoff_500k/20260607-135750_faiss_centralized_008r_9abb1619,results/final_rank_thread_tradeoff_500k/20260607-135750_faiss_centralized_008r_9abb1619/benchmark_metrics.json,2026-06-07T13:57:50,c0411,configs/rank_thread_configs/final_rank_thread_500k_centralized_threads02.json,14129178,pchpc-bench,scc-cpu,1,8,8,2,32768,,c0411,hot_repeated_retrieval,final_rank_thread_tradeoff_500k,mpi_centralized,faiss,True,2,shard_aware_shared_npy,single_vectors_npy,full_queries_on_each_rank,8,500000,1,2560,10,5,50,5.765095985,3.449264047625,0.2284363899999997,0.222114191375,final_rank_thread_tradeoff_500k,benchmark_500k_2560d,42,False,50,0.0777174365399999,0.07780454200000042,0.07413595699999931,0.08085715500000035,0.0011184914142092842,50,0.0001474658000000062,0.00014398600000031792,0.0001316810000009383,0.00021967099999997686,1.4483362977619126e-05,50,0.07723022271999995,0.07729064700000032,0.07365515100000053,0.08011756900000044,0.0010778115686091994,50,0.07665097837750001,0.07675674362500001,0.07327898725000026,0.07945634387499978,0.001032022333995606,50,0.0007653124799999312,0.0006972610000000046,0.0003391509999985942,0.0015902000000007632,0.00022920843617853137,50,0.0002592816299999945,0.0002498306875000633,0.0001704164999998259,0.00046313112500051545,5.807340541575071e-05,50,12.869751629868338,12.852720179252076,12.36748930876922,13.488731250882878,0.18627439791665648
final_rank_thread_tradeoff_500k,20260607-143600_faiss_centralized_016r_6132f425,/mnt/vast-standard/home/darius.heere/u27936/pchpc-project/results/final_rank_thread_tradeoff_500k/20260607-143600_faiss_centralized_016r_6132f425,results/final_rank_thread_tradeoff_500k/20260607-143600_faiss_centralized_016r_6132f425/benchmark_metrics.json,2026-06-07T14:36:00,c0138,configs/rank_thread_configs/final_rank_thread_500k_centralized_threads01.json,14129177,pchpc-bench,scc-cpu,1,16,16,1,32768,,c0138,hot_repeated_retrieval,final_rank_thread_tradeoff_500k,mpi_centralized,faiss,True,1,shard_aware_shared_npy,single_vectors_npy,full_queries_on_each_rank,16,500000,1,2560,10,5,50,2.925384589,1.6811468460625,0.2739752219999998,0.23513021118749997,final_rank_thread_tradeoff_500k,benchmark_500k_2560d,42,False,50,0.06034556714000008,0.05197802400000029,0.038361575999999786,0.10042856500000052,0.02205231192440753,50,0.00015490076000002518,0.00015014649999978147,0.00013775499999990615,0.0002802080000003926,2.1678905945744456e-05,50,0.05966442623999996,0.051213817500000314,0.03781830700000022,0.09868624500000056,0.021962558072740987,50,0.04013639229874998,0.03947727315624999,0.037570454562499966,0.05268991737499995,0.002610841218972046,50,0.021077209880000006,0.012615128000000198,0.0005260700000002672,0.06241304699999972,0.02258666306080791,50,0.0028578338037500307,0.0015806374375001153,0.00018809750000003955,0.009431552249999975,0.0029384115120424047,50,18.694138093973166,19.24177845754035,9.95732638418158,26.067750709720727,6.103470619185741
final_rank_thread_tradeoff_500k,20260607-140306_faiss_tree_001r_6929baef,/mnt/vast-standard/home/darius.heere/u27936/pchpc-project/results/final_rank_thread_tradeoff_500k/20260607-140306_faiss_tree_001r_6929baef,results/final_rank_thread_tradeoff_500k/20260607-140306_faiss_tree_001r_6929baef/benchmark_metrics.json,2026-06-07T14:03:06,c0411,configs/rank_thread_configs/final_rank_thread_500k_tree_threads16.json,14129189,pchpc-bench,scc-cpu,1,1,1,16,32768,,c0411,hot_repeated_retrieval,final_rank_thread_tradeoff_500k,mpi_tree,faiss,True,16,shard_aware_shared_npy,single_vectors_npy,full_queries_on_each_rank,1,500000,1,2560,10,5,50,4.053109410999999,4.053109410999999,3.751435914,3.751435914,final_rank_thread_tradeoff_500k,benchmark_500k_2560d,42,False,50,0.6309422502000005,0.6095538245000007,0.5803863139999983,0.734737483,0.040653939815736916,50,1.0910000003150344e-06,1.033500002023402e-06,6.269999985875074e-07,2.070999997272338e-06,3.271019941447994e-07,50,0.6308639108199994,0.6094734875000007,0.5803152350000005,0.7346672549999997,0.04065795578305909,50,0.6308639108199994,0.6094734875000007,0.5803152350000005,0.7346672549999997,0.04065795578305909,50,0.0,0.0,0.0,0.0,0.0,50,0.0,0.0,0.0,0.0,0.0,50,1.5912594865701875,1.6405638832327298,1.3610303314279122,1.7229903184794997,0.10032153760437479
final_rank_thread_tradeoff_500k,20260607-140201_faiss_tree_002r_6804d26e,/mnt/vast-standard/home/darius.heere/u27936/pchpc-project/results/final_rank_thread_tradeoff_500k/20260607-140201_faiss_tree_002r_6804d26e,results/final_rank_thread_tradeoff_500k/20260607-140201_faiss_tree_002r_6804d26e/benchmark_metrics.json,2026-06-07T14:02:01,c0411,configs/rank_thread_configs/final_rank_thread_500k_tree_threads08.json,14129188,pchpc-bench,scc-cpu,1,2,2,8,32768,,c0411,hot_repeated_retrieval,final_rank_thread_tradeoff_500k,mpi_tree,faiss,True,8,shard_aware_shared_npy,single_vectors_npy,full_queries_on_each_rank,2,500000,1,2560,10,5,50,2.1888063320000004,2.1831830805,1.9420501579999998,1.9321896435,final_rank_thread_tradeoff_500k,benchmark_500k_2560d,42,False,50,0.33366133806000003,0.3142588590000006,0.28997728000000045,0.43592082099999985,0.04225286468603191,50,0.015568640119999913,0.0003078545000008148,0.0002646649999995532,0.074559880999999,0.02867710140930152,50,0.33325876113999997,0.3137384300000008,0.2896360189999996,0.43554866600000075,0.04224987962283353,50,0.31775625716999994,0.31002946325000025,0.2892454130000006,0.4018924305000007,0.027522883382175057,50,0.015413697219999882,0.00015898599999975005,0.00012059899999883328,0.07441112900000135,0.028675940111331677,50,0.007762858769999896,0.0001329279999993105,0.00010910800000019094,0.037260328500000384,0.014337658096723093,50,3.0427607298827253,3.1821902349913245,2.293994578432858,3.4485460378137156,0.36941747058102364
final_rank_thread_tradeoff_500k,20260607-140118_faiss_tree_004r_ab33c77b,/mnt/vast-standard/home/darius.heere/u27936/pchpc-project/results/final_rank_thread_tradeoff_500k/20260607-140118_faiss_tree_004r_ab33c77b,results/final_rank_thread_tradeoff_500k/20260607-140118_faiss_tree_004r_ab33c77b/benchmark_metrics.json,2026-06-07T14:01:18,c0411,configs/rank_thread_configs/final_rank_thread_500k_tree_threads04.json,14129187,pchpc-bench,scc-cpu,1,4,4,4,32768,,c0411,hot_repeated_retrieval,final_rank_thread_tradeoff_500k,mpi_tree,faiss,True,4,shard_aware_shared_npy,single_vectors_npy,full_queries_on_each_rank,4,500000,1,2560,10,5,50,2.470799859,2.3787650872499997,0.9253789919999997,0.65578497725,final_rank_thread_tradeoff_500k,benchmark_500k_2560d,42,False,50,0.15779881821999997,0.15105415900000008,0.1479444000000001,0.22625429100000005,0.020826697284588726,50,0.00033665077999987857,0.0003294039999999221,0.00027899200000014446,0.0007073420000001107,5.857740475689073e-05,50,0.15739290821999993,0.15064354649999956,0.14759588500000032,0.22586165199999986,0.020809699055722202,50,0.150642688635,0.14722385937499993,0.14350109375000009,0.18557107200000011,0.010513452782439352,50,0.0001879895799998188,0.0001679039999995524,0.00013782099999914976,0.00045751799999926845,6.780146587097675e-05,50,0.0001283403299999275,0.00012099587499969644,0.00010627325000012178,0.00022677700000017786,2.5493010587557623e-05,50,6.4182630050783285,6.620142555302977,4.419805677851209,6.7592960598711365,0.6279339049130481
final_rank_thread_tradeoff_500k,20260607-140025_faiss_tree_008r_91d2038b,/mnt/vast-standard/home/darius.heere/u27936/pchpc-project/results/final_rank_thread_tradeoff_500k/20260607-140025_faiss_tree_008r_91d2038b,results/final_rank_thread_tradeoff_500k/20260607-140025_faiss_tree_008r_91d2038b/benchmark_metrics.json,2026-06-07T14:00:25,c0411,configs/rank_thread_configs/final_rank_thread_500k_tree_threads02.json,14129186,pchpc-bench,scc-cpu,1,8,8,2,32768,,c0411,hot_repeated_retrieval,final_rank_thread_tradeoff_500k,mpi_tree,faiss,True,2,shard_aware_shared_npy,single_vectors_npy,full_queries_on_each_rank,8,500000,1,2560,10,5,50,1.0619869469999998,1.047988961,0.25915608499999987,0.2555433436249999,final_rank_thread_tradeoff_500k,benchmark_500k_2560d,42,False,50,0.07730016918000004,0.07717959349999992,0.07552060900000024,0.08006285300000027,0.000859031819925324,50,0.0011373172000000232,0.001114267499999766,0.0009269309999999642,0.001780249000000289,0.0001554424047516839,50,0.07686199820000002,0.07674576599999994,0.0751083889999995,0.07966093699999988,0.0008400712129559214,50,0.07594110763999999,0.07586582825000007,0.07410574725000013,0.07875419712499998,0.0008451920077550457,50,0.001890290739999836,0.00185658749999984,0.0016801819999994194,0.0024247760000002394,0.00012904325727069026,50,0.0005169861350000016,0.0004983614999999331,0.0004711398750001372,0.0008534411249999652,6.006787726631091e-05,50,12.938132242330655,12.956795414600982,12.490186928512236,13.241418643750567,0.1423407967156904
final_rank_thread_tradeoff_500k,20260607-143633_faiss_tree_016r_bdfe5f8f,/mnt/vast-standard/home/darius.heere/u27936/pchpc-project/results/final_rank_thread_tradeoff_500k/20260607-143633_faiss_tree_016r_bdfe5f8f,results/final_rank_thread_tradeoff_500k/20260607-143633_faiss_tree_016r_bdfe5f8f/benchmark_metrics.json,2026-06-07T14:36:33,c0138,configs/rank_thread_configs/final_rank_thread_500k_tree_threads01.json,14129185,pchpc-bench,scc-cpu,1,16,16,1,32768,,c0138,hot_repeated_retrieval,final_rank_thread_tradeoff_500k,mpi_tree,faiss,True,1,shard_aware_shared_npy,single_vectors_npy,full_queries_on_each_rank,16,500000,1,2560,10,5,50,1.104300415,1.0336897401875,0.29827161,0.2750431757500001,final_rank_thread_tradeoff_500k,benchmark_500k_2560d,42,False,50,0.04793555097999997,0.0391715534999999,0.038152693999999876,0.08764334800000029,0.015796584785251637,50,0.007225227600000012,0.0007160420000000833,0.00035130400000005224,0.05299866200000025,0.014320062447284109,50,0.047381549579999974,0.03867138900000011,0.03764557799999935,0.08718006000000056,0.01574775207367664,50,0.03950730086750001,0.038439086531250055,0.037434546749999964,0.06628423262499994,0.004332866229899106,50,0.0070781859599999475,0.0005554429999996557,0.0004710439999993099,0.05277996499999915,0.014288225609356461,50,0.001207038551249988,0.00020456503124995085,0.0001718821249999114,0.009559152062499854,0.0022431972058074355,50,22.522760828583127,25.5287405708522,11.409879047523342,26.210468912103643,5.226753422142837
final_throughput_500k_100q,20260606-113416_faiss_centralized_001r_a74020df,/mnt/vast-standard/home/darius.heere/u27936/pchpc-project/results/final_throughput_500k_100q/20260606-113416_faiss_centralized_001r_a74020df,results/final_throughput_500k_100q/20260606-113416_faiss_centralized_001r_a74020df/benchmark_metrics.json,2026-06-06T11:34:16,c0409,configs/final_throughput_500k_100q_centralized.json,14104788,pchpc-bench,scc-cpu,1,1,1,1,32768,,c0409,hot_repeated_retrieval,final_throughput_500k_100q,mpi_centralized,faiss,True,1,shard_aware_shared_npy,single_vectors_npy,full_queries_on_each_rank,1,500000,100,2560,10,2,10,35.534638833,35.534638833,3.5975356260000027,3.5975356260000027,final_throughput_500k_100q,benchmark_500k_100q_2560d,42,False,10,3.1912921732999977,3.2489626984999944,2.991676825000006,3.3424408930000027,0.15228776132521465,10,0.00026354900000100654,0.00024223149999968996,0.0002261289999978544,0.000379307999999412,5.183048457049781e-05,10,3.1906747005000007,3.2484056884999966,2.991131955,3.341899498999993,0.15236565834596286,10,3.1906747005000007,3.2484056884999966,2.991131955,3.341899498999993,0.15236565834596286,10,0.0002880118999989634,0.00025504999999981237,0.0002367320000047357,0.00044154999999790334,7.693753303250878e-05,10,0.0002880118999989634,0.00025504999999981237,0.0002367320000047357,0.00044154999999790334,7.693753303250878e-05,10,31.4005034476253,30.788491581478368,29.918255311388663,33.42607034434603,1.5192341440081492
final_throughput_500k_100q,20260606-115609_faiss_centralized_002r_b8f3f66a,/mnt/vast-standard/home/darius.heere/u27936/pchpc-project/results/final_throughput_500k_100q/20260606-115609_faiss_centralized_002r_b8f3f66a,results/final_throughput_500k_100q/20260606-115609_faiss_centralized_002r_b8f3f66a/benchmark_metrics.json,2026-06-06T11:56:09,c0409,configs/final_throughput_500k_100q_centralized.json,14104845,pchpc-bench,scc-cpu,1,2,2,1,32768,,c0409,hot_repeated_retrieval,final_throughput_500k_100q,mpi_centralized,faiss,True,1,shard_aware_shared_npy,single_vectors_npy,full_queries_on_each_rank,2,500000,100,2560,10,2,10,3.4534802350000002,3.446347278,1.9824285730000004,1.9453307210000002,final_throughput_500k_100q,benchmark_500k_100q_2560d,42,False,10,1.6070497137,1.535742439999999,1.5163883080000016,1.7579228479999998,0.10703452416736718,10,0.0003022939000000946,0.00026106799999858765,0.00025539399999985335,0.0005262750000021299,9.092385607382402e-05,10,1.6063346128000002,1.5350877345000002,1.5157735629999998,1.757273339000001,0.10696632383678328,10,1.5959249514000002,1.5298772907499996,1.5122868975000001,1.7413736029999995,0.1005775788481389,10,0.009118317999999626,0.00032810500000035603,0.0002833409999993819,0.07299439799999874,0.022953492989310882,10,0.004678356449999743,0.00027322275000063456,0.00024402499999975902,0.036701703999998614,0.011506213074093776,10,62.46800161348585,65.11789406478479,56.88531787033239,65.94616924466546,4.0409273714568466
final_throughput_500k_100q,20260606-122115_faiss_centralized_004r_7d4d9cdc,/mnt/vast-standard/home/darius.heere/u27936/pchpc-project/results/final_throughput_500k_100q/20260606-122115_faiss_centralized_004r_7d4d9cdc,results/final_throughput_500k_100q/20260606-122115_faiss_centralized_004r_7d4d9cdc/benchmark_metrics.json,2026-06-06T12:21:15,c0411,configs/final_throughput_500k_100q_centralized.json,14104846,pchpc-bench,scc-cpu,1,4,4,1,32768,,c0411,hot_repeated_retrieval,final_throughput_500k_100q,mpi_centralized,faiss,True,1,shard_aware_shared_npy,single_vectors_npy,full_queries_on_each_rank,4,500000,100,2560,10,2,10,8.095416499999999,7.37324835225,0.4553430110000001,0.4401085450000002,final_throughput_500k_100q,benchmark_500k_100q_2560d,42,False,10,0.7474435460999997,0.7469328939999995,0.7444232369999995,0.7508796310000001,0.002400437487184121,10,0.00032297680000006326,0.0002769299999991759,0.0002564440000014656,0.0007145400000005964,0.00013954830427403996,10,0.7466577235000005,0.7462441725000017,0.7437980969999991,0.7499403250000007,0.002379478331684015,10,0.734292830425,0.7345767807499999,0.7325790967500003,0.7360288169999998,0.0012523921110879936,10,0.02959333179999941,0.029050929999999475,0.02328255800000001,0.03519054499999896,0.0034856188005675296,10,0.007977804849999704,0.007923535624999811,0.006500878499999807,0.009161164249999576,0.0009140638928590288,10,133.7906091711604,133.88089080537526,133.1771376816053,134.33218501211303,0.4292532425672097
final_throughput_500k_100q,20260606-150214_faiss_centralized_008r_0550f68b,/mnt/vast-standard/home/darius.heere/u27936/pchpc-project/results/final_throughput_500k_100q/20260606-150214_faiss_centralized_008r_0550f68b,results/final_throughput_500k_100q/20260606-150214_faiss_centralized_008r_0550f68b/benchmark_metrics.json,2026-06-06T15:02:14,c0410,configs/final_throughput_500k_100q_centralized.json,14104847,pchpc-bench,scc-cpu,1,8,8,1,32768,,c0410,hot_repeated_retrieval,final_throughput_500k_100q,mpi_centralized,faiss,True,1,shard_aware_shared_npy,single_vectors_npy,full_queries_on_each_rank,8,500000,100,2560,10,2,10,1.5222077760000001,1.518579231,0.39593921499999984,0.388796440625,final_throughput_500k_100q,benchmark_500k_100q_2560d,42,False,10,0.4061931124,0.39360003800000043,0.3852655770000002,0.45077397399999963,0.02546771871205064,10,0.00035965899999994554,0.0003343654999996559,0.00030629900000000987,0.0004872379999998344,6.038424717132341e-05,10,0.40527772659999994,0.39242991950000006,0.38422847500000046,0.44972399000000074,0.025455334677663925,10,0.3991370127125,0.3834278550625,0.38038941800000026,0.4454213581250004,0.02491845879498759,10,0.008253376000000002,0.006061284000000056,0.004498111000000193,0.019129010000000335,0.005321675979303816,10,0.002063487512500023,0.001713242687500005,0.0013122907500000558,0.003845731250000206,0.0008838196132430839,10,247.0250167432891,254.12420158110677,221.84066908885046,259.5612117196755,14.83915600797813
final_throughput_500k_100q,20260606-152049_faiss_centralized_016r_af71de30,/mnt/vast-standard/home/darius.heere/u27936/pchpc-project/results/final_throughput_500k_100q/20260606-152049_faiss_centralized_016r_af71de30,results/final_throughput_500k_100q/20260606-152049_faiss_centralized_016r_af71de30/benchmark_metrics.json,2026-06-06T15:20:49,c0081,configs/final_throughput_500k_100q_centralized.json,14104849,pchpc-bench,scc-cpu,1,16,16,1,32768,,c0081,hot_repeated_retrieval,final_throughput_500k_100q,mpi_centralized,faiss,True,1,shard_aware_shared_npy,single_vectors_npy,full_queries_on_each_rank,16,500000,100,2560,10,2,10,1.082822058,1.07756467725,0.20511461499999983,0.20137577375000001,final_throughput_500k_100q,benchmark_500k_100q_2560d,42,False,10,0.1902480749000001,0.19037298150000015,0.18909031300000034,0.19126167400000016,0.0007448921767576059,10,0.0004774767999998986,0.00046430499999972064,0.00045728899999986083,0.0005520379999999214,2.9980526816230255e-05,10,0.18918846200000003,0.1893134685000002,0.18809894799999993,0.19001502500000012,0.000664333676661966,10,0.18658054765,0.18665776353125002,0.18576204693749998,0.1872891558125,0.0006176593563705024,10,0.009600498900000077,0.00951355949999999,0.00893849400000013,0.010376425000000467,0.0004599562704078967,10,0.001270326300000002,0.0012430794375000997,0.0011465066250000155,0.001433247062500087,9.934219864783655e-05,10,525.6367577833763,525.2846425532248,522.8439023282831,528.8478209880578,2.060361738119219
final_throughput_500k_100q,20260606-152251_faiss_centralized_032r_88e065f7,/mnt/vast-standard/home/darius.heere/u27936/pchpc-project/results/final_throughput_500k_100q/20260606-152251_faiss_centralized_032r_88e065f7,results/final_throughput_500k_100q/20260606-152251_faiss_centralized_032r_88e065f7/benchmark_metrics.json,2026-06-06T15:22:51,c0081,configs/final_throughput_500k_100q_centralized.json,14104850,pchpc-bench,scc-cpu,1,32,32,1,32768,,c0081,hot_repeated_retrieval,final_throughput_500k_100q,mpi_centralized,faiss,True,1,shard_aware_shared_npy,single_vectors_npy,full_queries_on_each_rank,32,500000,100,2560,10,2,10,1.581425884,1.5650013231875,0.13312575299999985,0.1202670828125,final_throughput_500k_100q,benchmark_500k_100q_2560d,42,False,10,0.09503962330000011,0.09517140450000006,0.09345077800000023,0.0957752270000003,0.000655462991908063,10,0.0005683686000000687,0.000564689499999993,0.0005466780000000782,0.0006123320000002153,1.7682100253575835e-05,10,0.09371473209999995,0.0938474250000001,0.09215957400000008,0.09447614999999976,0.0006489701259630403,10,0.09164562039062499,0.09172706767187498,0.0910779751875,0.09187491681250004,0.00025383509872649627,10,0.002060727600000023,0.002172385500000207,0.0014301579999997927,0.0024252279999998905,0.00030382687946611586,10,0.00031032137500000556,0.0002976172968750107,0.0002408635625000266,0.0004352036562500494,5.1635494103238545e-05,10,1052.2382102991546,1050.7358723988064,1044.1113337168044,1070.0820489691348,7.328593816876988
final_throughput_500k_100q,20260606-120246_faiss_tree_001r_a61b0a9f,/mnt/vast-standard/home/darius.heere/u27936/pchpc-project/results/final_throughput_500k_100q/20260606-120246_faiss_tree_001r_a61b0a9f,results/final_throughput_500k_100q/20260606-120246_faiss_tree_001r_a61b0a9f/benchmark_metrics.json,2026-06-06T12:02:46,c0409,configs/final_throughput_500k_100q_tree.json,14104873,pchpc-bench,scc-cpu,1,1,1,1,32768,,c0409,hot_repeated_retrieval,final_throughput_500k_100q,mpi_tree,faiss,True,1,shard_aware_shared_npy,single_vectors_npy,full_queries_on_each_rank,1,500000,100,2560,10,2,10,4.930917453999999,4.930917453999999,3.873306789999999,3.873306789999999,final_throughput_500k_100q,benchmark_500k_100q_2560d,42,False,10,3.2597584906,3.2358083064999974,3.0484836410000042,3.541098950000002,0.19285493318661698,10,1.3832999997021033e-06,1.402499998803819e-06,9.500000004436515e-07,1.5990000008514471e-06,2.0406646634955172e-07,10,3.2596029237999997,3.235690116999997,3.048228116000004,3.5409555860000026,0.19288283460709257,10,3.2596029237999997,3.235690116999997,3.048228116000004,3.5409555860000026,0.19288283460709257,10,0.0,0.0,0.0,0.0,0.0,10,0.0,0.0,0.0,0.0,0.0,10,30.772483769655317,30.90422316600503,28.239820861261148,32.80319390764277,1.7923515139710593
final_throughput_500k_100q,20260606-120232_faiss_tree_002r_08eb9290,/mnt/vast-standard/home/darius.heere/u27936/pchpc-project/results/final_throughput_500k_100q/20260606-120232_faiss_tree_002r_08eb9290,results/final_throughput_500k_100q/20260606-120232_faiss_tree_002r_08eb9290/benchmark_metrics.json,2026-06-06T12:02:32,c0410,configs/final_throughput_500k_100q_tree.json,14104875,pchpc-bench,scc-cpu,1,2,2,1,32768,,c0410,hot_repeated_retrieval,final_throughput_500k_100q,mpi_tree,faiss,True,1,shard_aware_shared_npy,single_vectors_npy,full_queries_on_each_rank,2,500000,100,2560,10,2,10,16.084154197,15.5042556815,0.9021020100000001,0.8938854979999995,final_throughput_500k_100q,benchmark_500k_100q_2560d,42,False,10,1.5170919061000003,1.5173212615000011,1.5088808930000006,1.5306025319999996,0.0065462024672975775,10,0.0193450201000001,0.01896042450000124,0.014217110000000588,0.02854767799999891,0.0042825796916707275,10,1.5162914334,1.5164978505000004,1.5079023360000008,1.5296453329999977,0.006586477224401648,10,1.5069633690000002,1.5068869327500014,1.4982786125,1.5158048589999993,0.005631073118315919,10,0.019027488200000064,0.018616710999998176,0.013928284000002122,0.028256951999999558,0.0042941005926379954,10,0.009627090449999898,0.009401385249997674,0.007045373500000451,0.014333756999999281,0.002185622380651314,10,65.9166862123454,65.90564486725665,65.33374792561759,66.27428345333283,0.2836503795316059
final_throughput_500k_100q,20260606-122144_faiss_tree_004r_81e54e8d,/mnt/vast-standard/home/darius.heere/u27936/pchpc-project/results/final_throughput_500k_100q/20260606-122144_faiss_tree_004r_81e54e8d,results/final_throughput_500k_100q/20260606-122144_faiss_tree_004r_81e54e8d/benchmark_metrics.json,2026-06-06T12:21:44,c0411,configs/final_throughput_500k_100q_tree.json,14104876,pchpc-bench,scc-cpu,1,4,4,1,32768,,c0411,hot_repeated_retrieval,final_throughput_500k_100q,mpi_tree,faiss,True,1,shard_aware_shared_npy,single_vectors_npy,full_queries_on_each_rank,4,500000,100,2560,10,2,10,3.001155437,2.99966829325,0.45680404600000024,0.43920886650000013,final_throughput_500k_100q,benchmark_500k_100q_2560d,42,False,10,0.748936648,0.7495319630000004,0.7410893640000005,0.7535895770000005,0.004152153208536766,10,0.03135296280000013,0.03149107549999952,0.027285353999999984,0.035218636000000636,0.0025089325780746747,10,0.7480172616,0.7484181555000005,0.7402713030000001,0.7527403230000003,0.004218678844872068,10,0.7322590873000001,0.7322807935000001,0.7265764854999999,0.73685762925,0.0032049587294956786,10,0.030929052200000216,0.030983268500000882,0.026930755999998723,0.03483444899999988,0.002501928071627575,10,0.010858830674999976,0.010880844749999952,0.00995002099999942,0.012057800250000028,0.0007235715454869404,10,133.52634904347954,133.41660079432688,132.69822600001265,134.93649329988216,0.742936836650821
final_throughput_500k_100q,20260606-150310_faiss_tree_008r_5bd16ee7,/mnt/vast-standard/home/darius.heere/u27936/pchpc-project/results/final_throughput_500k_100q/20260606-150310_faiss_tree_008r_5bd16ee7,results/final_throughput_500k_100q/20260606-150310_faiss_tree_008r_5bd16ee7/benchmark_metrics.json,2026-06-06T15:03:10,c0410,configs/final_throughput_500k_100q_tree.json,14104879,pchpc-bench,scc-cpu,1,8,8,1,32768,,c0410,hot_repeated_retrieval,final_throughput_500k_100q,mpi_tree,faiss,True,1,shard_aware_shared_npy,single_vectors_npy,full_queries_on_each_rank,8,500000,100,2560,10,2,10,1.3520565880000002,1.347541961375,0.3998697469999999,0.394941253375,final_throughput_500k_100q,benchmark_500k_100q_2560d,42,False,10,0.4064848896999999,0.39702269449999994,0.3857460589999997,0.45339628099999985,0.02279941134678775,10,0.0032875170999999703,0.0007620900000002706,0.0005552709999996353,0.01574028199999944,0.005475372917592251,10,0.4056216614000001,0.3963611275000001,0.385010694,0.4524718830000003,0.02273842636683006,10,0.39928256215,0.39256213818750013,0.3808001411249998,0.4491244228750002,0.021255377685912964,10,0.007971011499999925,0.005276878000000096,0.0045913699999999835,0.02157615700000015,0.0057558024906448945,10,0.0017284695625000013,0.0008972173750000922,0.0007828800000001523,0.006307835750000046,0.0018356289673069504,10,246.68136100218484,251.92897904132982,220.55760973478306,259.2379044888702,13.282588301240878
final_throughput_500k_100q,20260606-152319_faiss_tree_016r_689075b1,/mnt/vast-standard/home/darius.heere/u27936/pchpc-project/results/final_throughput_500k_100q/20260606-152319_faiss_tree_016r_689075b1,results/final_throughput_500k_100q/20260606-152319_faiss_tree_016r_689075b1/benchmark_metrics.json,2026-06-06T15:23:19,c0081,configs/final_throughput_500k_100q_tree.json,14104881,pchpc-bench,scc-cpu,1,16,16,1,32768,,c0081,hot_repeated_retrieval,final_throughput_500k_100q,mpi_tree,faiss,True,1,shard_aware_shared_npy,single_vectors_npy,full_queries_on_each_rank,16,500000,100,2560,10,2,10,1.4302288,1.4143459938125,0.17904904799999977,0.1639515355625,final_throughput_500k_100q,benchmark_500k_100q_2560d,42,False,10,0.18896989009999993,0.18920460500000003,0.1872879460000001,0.19067946599999974,0.0010186242328977893,10,0.0030385429999998602,0.002990338000000037,0.0020643620000000418,0.003886172999999715,0.0005329860954938727,10,0.18798900009999997,0.18805142500000027,0.18647456400000006,0.1897021360000002,0.0010070584521170922,10,0.18458681494375,0.18456054978125003,0.18332145868750005,0.1862542013125,0.0008652826086229059,10,0.004168671100000054,0.004192303499999994,0.0032510050000000845,0.005538793000000375,0.0006379180954179356,10,0.0009226659062499476,0.0008937497187499754,0.0007566705625000614,0.0012512519999999527,0.00013230047325415854,10,529.1986793133431,528.5289070330377,524.4403191269695,533.9371920924369,2.853861168682236
final_throughput_500k_100q,20260606-163740_faiss_tree_032r_6ade3f38,/mnt/vast-standard/home/darius.heere/u27936/pchpc-project/results/final_throughput_500k_100q/20260606-163740_faiss_tree_032r_6ade3f38,results/final_throughput_500k_100q/20260606-163740_faiss_tree_032r_6ade3f38/benchmark_metrics.json,2026-06-06T16:37:40,c0137,configs/final_throughput_500k_100q_tree.json,14104899,pchpc-bench,scc-cpu,1,32,32,1,32768,,c0137,hot_repeated_retrieval,final_throughput_500k_100q,mpi_tree,faiss,True,1,shard_aware_shared_npy,single_vectors_npy,full_queries_on_each_rank,32,500000,100,2560,10,2,10,2.825283908,2.711783362875,0.17899558800000026,0.12204967900000004,final_throughput_500k_100q,benchmark_500k_100q_2560d,42,False,10,0.10050188299999992,0.09782852649999985,0.09731410199999946,0.11867369199999978,0.006657349573408163,10,0.003339313699999824,0.0008034219999992764,0.0007629309999996892,0.020882063999999367,0.006388270204510232,10,0.09949340690000001,0.09682174900000007,0.09639819099999958,0.11747028400000037,0.006572543505156104,10,0.09250296999062499,0.09231873276562502,0.09204317987500002,0.09347680131249991,0.0004803545780641546,10,0.004539575399999762,0.002136463499999852,0.0015391389999983573,0.021667230999999454,0.00625972774830729,10,0.0005713903249999763,0.0004206729687500077,0.0003293070624999783,0.0016999699062499873,0.0004167305562752824,10,998.4508905612878,1022.1969061834559,842.6467426327328,1027.6002957926958,57.82887136497569
final_weak_scaling_100k_per_rank,20260607-183301_faiss_centralized_001r_8f32f6af,/mnt/vast-standard/home/darius.heere/u27936/pchpc-project/results/final_weak_scaling_100k_per_rank/20260607-183301_faiss_centralized_001r_8f32f6af,results/final_weak_scaling_100k_per_rank/20260607-183301_faiss_centralized_001r_8f32f6af/benchmark_metrics.json,2026-06-07T18:33:01,c0137,configs/weak_scaling_configs/final_weak_scaling_100k_per_rank_01r_centralized.json,14133665,pchpc-bench,scc-cpu,1,1,1,1,8192,,c0137,hot_repeated_retrieval,final_weak_scaling_100k_per_rank,mpi_centralized,faiss,True,1,shard_aware_shared_npy,single_vectors_npy,full_queries_on_each_rank,1,100000,1,2560,10,5,50,0.6028559659999999,0.6028559659999999,0.297715084,0.297715084,final_weak_scaling_100k_per_rank,weak_100k_per_rank_01r_2560d,42,False,50,0.10177281707999994,0.10130886449999998,0.10045585099999954,0.10791059200000008,0.0015053789829260072,50,0.000131791380000017,0.00011653400000000147,0.00010224499999988979,0.0005320220000002429,6.455969749975968e-05,50,0.10144250698,0.10101797050000005,0.10017281399999955,0.107610223,0.0014801347783152629,50,0.10144250698,0.10101797050000005,0.10017281399999955,0.107610223,0.0014801347783152629,50,0.00016436592000005135,0.0001480634999997399,0.00012656899999985427,0.0003568060000000983,5.635231401688058e-05,50,0.00016436592000005135,0.0001480634999997399,0.00012656899999985427,0.0003568060000000983,5.635231401688058e-05,50,9.827834952101927,9.8708045459267,9.26693090517008,9.95462175717375,0.1399809259972074
final_weak_scaling_100k_per_rank,20260607-183819_faiss_tree_001r_6370a27a,/mnt/vast-standard/home/darius.heere/u27936/pchpc-project/results/final_weak_scaling_100k_per_rank/20260607-183819_faiss_tree_001r_6370a27a,results/final_weak_scaling_100k_per_rank/20260607-183819_faiss_tree_001r_6370a27a/benchmark_metrics.json,2026-06-07T18:38:19,c0137,configs/weak_scaling_configs/final_weak_scaling_100k_per_rank_01r_tree.json,14133705,pchpc-bench,scc-cpu,1,1,1,1,8192,,c0137,hot_repeated_retrieval,final_weak_scaling_100k_per_rank,mpi_tree,faiss,True,1,shard_aware_shared_npy,single_vectors_npy,full_queries_on_each_rank,1,100000,1,2560,10,5,50,0.6260088650000001,0.6260088650000001,0.297118086,0.297118086,final_weak_scaling_100k_per_rank,weak_100k_per_rank_01r_2560d,42,False,50,0.10158558177999998,0.10119921900000017,0.10049592900000004,0.1076509179999996,0.001330099085347149,50,7.660200000625395e-07,7.740000000922009e-07,4.0699999992455105e-07,1.2100000001957767e-06,1.9244914409357302e-07,50,0.10151530614000008,0.10114629650000051,0.10043328800000051,0.10759499699999964,0.0013297707551619923,50,0.10151530614000008,0.10114629650000051,0.10043328800000051,0.10759499699999964,0.0013297707551619923,50,0.0,0.0,0.0,0.0,0.0,50,0.0,0.0,0.0,0.0,0.0,50,9.84550883977426,9.881499184704705,9.28928446295278,9.950651831876689,0.12410949607527212
final_weak_scaling_100k_per_rank,20260607-183629_faiss_centralized_002r_b5d7360a,/mnt/vast-standard/home/darius.heere/u27936/pchpc-project/results/final_weak_scaling_100k_per_rank/20260607-183629_faiss_centralized_002r_b5d7360a,results/final_weak_scaling_100k_per_rank/20260607-183629_faiss_centralized_002r_b5d7360a/benchmark_metrics.json,2026-06-07T18:36:29,c0137,configs/weak_scaling_configs/final_weak_scaling_100k_per_rank_02r_centralized.json,14133701,pchpc-bench,scc-cpu,1,2,2,1,8192,,c0137,hot_repeated_retrieval,final_weak_scaling_100k_per_rank,mpi_centralized,faiss,True,1,shard_aware_shared_npy,single_vectors_npy,full_queries_on_each_rank,2,200000,1,2560,10,5,50,0.6393463140000001,0.639193395,0.300589274,0.300521194,final_weak_scaling_100k_per_rank,weak_100k_per_rank_02r_2560d,42,False,50,0.10281572057999996,0.10270410050000023,0.10177758000000026,0.10462227199999985,0.0006482192817800278,50,0.00012676347999993176,0.00011889399999986949,0.00010651200000033612,0.0002498289999999237,2.714726486253501e-05,50,0.10244861238000005,0.10235545650000022,0.10142721799999954,0.1043023070000002,0.0006393360457388099,50,0.10186427812000003,0.10176898749999985,0.10083452299999962,0.10380517100000008,0.0006093222057205073,50,0.0002032777400000807,0.00018706650000011038,0.00015766900000002693,0.00044323200000029317,5.3643207798298176e-05,50,0.00015524518000002984,0.00014315750000015726,0.00012456200000010575,0.0003734230000000949,4.4560635281942286e-05,50,9.726516319236095,9.736710236107255,9.558194262881248,9.825346603839446,0.061054706373677964
final_weak_scaling_100k_per_rank,20260607-183827_faiss_tree_002r_45863bd4,/mnt/vast-standard/home/darius.heere/u27936/pchpc-project/results/final_weak_scaling_100k_per_rank/20260607-183827_faiss_tree_002r_45863bd4,results/final_weak_scaling_100k_per_rank/20260607-183827_faiss_tree_002r_45863bd4/benchmark_metrics.json,2026-06-07T18:38:27,c0142,configs/weak_scaling_configs/final_weak_scaling_100k_per_rank_02r_tree.json,14133706,pchpc-bench,scc-cpu,1,2,2,1,8192,,c0142,hot_repeated_retrieval,final_weak_scaling_100k_per_rank,mpi_tree,faiss,True,1,shard_aware_shared_npy,single_vectors_npy,full_queries_on_each_rank,2,200000,1,2560,10,5,50,9.296478171,9.120720861,0.31016325500000086,0.3078424680000005,final_weak_scaling_100k_per_rank,weak_100k_per_rank_02r_2560d,42,False,50,0.10192987927999994,0.10187034749999935,0.09974157399999939,0.10436432100000026,0.0010146412431995284,50,0.0005248560400001168,0.0004897970000001806,0.00020436199999984694,0.0015925540000001348,0.00025278548223799926,50,0.10159314465999991,0.1015546365000004,0.09938967999999981,0.1040592269999987,0.0010173157084677998,50,0.10144297564999982,0.10146037149999998,0.09916603899999998,0.10395662149999918,0.0010142790794008764,50,0.0004026107800000389,0.0003567890000004681,9.491600000011147e-05,0.0014756849999990607,0.00025647174194931197,50,0.00025004701999996825,0.00022443325000054415,8.69579999998038e-05,0.0008813139999990227,0.00013993937986767893,50,9.811621576409433,9.816399592025476,9.581818675368927,10.025909557031916,0.09796598263090102
final_weak_scaling_100k_per_rank,20260607-215102_faiss_centralized_004r_7bda869a,/mnt/vast-standard/home/darius.heere/u27936/pchpc-project/results/final_weak_scaling_100k_per_rank/20260607-215102_faiss_centralized_004r_7bda869a,results/final_weak_scaling_100k_per_rank/20260607-215102_faiss_centralized_004r_7bda869a/benchmark_metrics.json,2026-06-07T21:51:02,c0138,configs/weak_scaling_configs/final_weak_scaling_100k_per_rank_04r_centralized.json,14136440,pchpc-bench,scc-cpu,1,4,4,1,16384,,c0138,hot_repeated_retrieval,final_weak_scaling_100k_per_rank,mpi_centralized,faiss,True,1,shard_aware_shared_npy,single_vectors_npy,full_queries_on_each_rank,4,400000,1,2560,10,5,50,4.971348583,2.0604478715,0.7976672290000009,0.6913743407500001,final_weak_scaling_100k_per_rank,weak_100k_per_rank_04r_2560d,42,False,50,0.11848209748,0.10425960500000064,0.10287078100000002,0.16985720499999957,0.02513197075075407,50,0.00012828951999994232,0.00011955350000025788,0.00010094199999954867,0.0003664300000005838,3.908131279433145e-05,50,0.11807938341999993,0.10387672150000071,0.10251550300000023,0.16946751499999912,0.025113739958805642,50,0.10752652223499995,0.10334453762499984,0.1022254682499999,0.1355249464999999,0.007978763525041207,50,0.004703161319999864,0.00023744699999905805,0.0001888210000000612,0.06486525499999907,0.01510140958815192,50,0.0012420912850000087,0.00012470837500000442,0.00010819175000076342,0.016290062999999577,0.0037764004016436013,50,8.741446255626604,9.591449514092776,5.887298098423335,9.720933293973921,1.4533143006367155
final_weak_scaling_100k_per_rank,20260607-183957_faiss_tree_004r_a77c2273,/mnt/vast-standard/home/darius.heere/u27936/pchpc-project/results/final_weak_scaling_100k_per_rank/20260607-183957_faiss_tree_004r_a77c2273,results/final_weak_scaling_100k_per_rank/20260607-183957_faiss_tree_004r_a77c2273/benchmark_metrics.json,2026-06-07T18:39:57,c0075,configs/weak_scaling_configs/final_weak_scaling_100k_per_rank_04r_tree.json,14133707,pchpc-bench,scc-cpu,1,4,4,1,16384,,c0075,hot_repeated_retrieval,final_weak_scaling_100k_per_rank,mpi_tree,faiss,True,1,shard_aware_shared_npy,single_vectors_npy,full_queries_on_each_rank,4,400000,1,2560,10,5,50,8.802478302,7.85084157875,0.4014860650000003,0.37180578624999994,final_weak_scaling_100k_per_rank,weak_100k_per_rank_04r_2560d,42,False,50,0.1108247915799998,0.10271652249999974,0.10062412399999943,0.1532101059999995,0.01586610587677361,50,0.006730030200000208,0.0002664920000006177,0.00022655900000145834,0.050084080999999614,0.014865023605706868,50,0.11044248324000008,0.10241322649999951,0.10029164000000002,0.15269724000000018,0.015715867398115785,50,0.10336784010000008,0.10138731025000025,0.09927551275000024,0.12060750150000032,0.004496590776528303,50,0.007332959200000175,0.0010799260000000643,0.0004942479999989757,0.0514948170000018,0.014720976932892692,50,0.0023506096149999945,0.0003414313750000897,0.00019945574999935545,0.02539210250000057,0.005224952290281425,50,9.171790774793758,9.735532454837301,6.526984584163157,9.937974714691734,1.0627511948670905
final_weak_scaling_100k_per_rank,20260607-195438_faiss_centralized_008r_8e113b8e,/mnt/vast-standard/home/darius.heere/u27936/pchpc-project/results/final_weak_scaling_100k_per_rank/20260607-195438_faiss_centralized_008r_8e113b8e,results/final_weak_scaling_100k_per_rank/20260607-195438_faiss_centralized_008r_8e113b8e/benchmark_metrics.json,2026-06-07T19:54:38,c0409,configs/weak_scaling_configs/final_weak_scaling_100k_per_rank_08r_centralized.json,14133703,pchpc-bench,scc-cpu,1,8,8,1,32768,,c0409,hot_repeated_retrieval,final_weak_scaling_100k_per_rank,mpi_centralized,faiss,True,1,shard_aware_shared_npy,single_vectors_npy,full_queries_on_each_rank,8,800000,1,2560,10,5,50,9.46254294,8.63709104875,0.35388827000000056,0.3387282011249999,final_weak_scaling_100k_per_rank,weak_100k_per_rank_08r_2560d,42,False,50,0.1267736083599999,0.1264810220000001,0.1226316599999997,0.13139495699999948,0.0023102156593338944,50,0.00016425382000011978,0.0001577490000004289,0.00014106200000085778,0.00026048900000041897,2.4213946891517103e-05,50,0.1262904626,0.12585733449999914,0.12217832400000006,0.13089558000000068,0.002307090975203236,50,0.1187548606675,0.11837925768750002,0.1166904165,0.12188983749999993,0.0014037808733327111,50,0.0015252164800000755,0.0015334755000004918,0.0007341179999986736,0.001995269999998328,0.0002437488160171827,50,0.00030398739250007354,0.0002942388750003522,0.0002185579999998133,0.0005313311250001451,4.940112337398558e-05,50,7.8906266384061094,7.906325068238367,7.610642164904426,8.154501048098039,0.14278217318993322
final_weak_scaling_100k_per_rank,20260607-195505_faiss_tree_008r_43cd201f,/mnt/vast-standard/home/darius.heere/u27936/pchpc-project/results/final_weak_scaling_100k_per_rank/20260607-195505_faiss_tree_008r_43cd201f,results/final_weak_scaling_100k_per_rank/20260607-195505_faiss_tree_008r_43cd201f/benchmark_metrics.json,2026-06-07T19:55:05,c0409,configs/weak_scaling_configs/final_weak_scaling_100k_per_rank_08r_tree.json,14133709,pchpc-bench,scc-cpu,1,8,8,1,32768,,c0409,hot_repeated_retrieval,final_weak_scaling_100k_per_rank,mpi_tree,faiss,True,1,shard_aware_shared_npy,single_vectors_npy,full_queries_on_each_rank,8,800000,1,2560,10,5,50,3.2144087480000003,3.2018372481250004,0.3489840879999999,0.33349277075000006,final_weak_scaling_100k_per_rank,weak_100k_per_rank_08r_2560d,42,False,50,0.12242080831999996,0.12186161850000055,0.11989664299999969,0.1271783519999996,0.0018937512689432045,50,0.001099794239999916,0.0010572234999997043,0.0004173999999999012,0.001964465999999554,0.00025863566517369933,50,0.12198691667999985,0.12145950599999988,0.11948297199999924,0.12677205299999983,0.001886118567358949,50,0.11688858655999997,0.11660178881249983,0.11532590137499987,0.12048917049999996,0.0011055259662533666,50,0.0009173686999998942,0.0008412825000001511,0.00019285700000004624,0.002330224999999686,0.0003261620505471548,50,0.00024091380749995616,0.0002293516874998236,0.00012843062499989788,0.0005038240000002636,6.498413468177234e-05,50,8.170431780514596,8.206030713857349,7.86297340918526,8.34051709020746,0.12440973857415143
final_weak_scaling_100k_per_rank,20260608-071344_faiss_centralized_016r_c350175a,/mnt/vast-standard/home/darius.heere/u27936/pchpc-project/results/final_weak_scaling_100k_per_rank/20260608-071344_faiss_centralized_016r_c350175a,results/final_weak_scaling_100k_per_rank/20260608-071344_faiss_centralized_016r_c350175a/benchmark_metrics.json,2026-06-08T07:13:44,c0419,configs/weak_scaling_configs/final_weak_scaling_100k_per_rank_16r_centralized.json,14133704,pchpc-bench,scc-cpu,1,16,16,1,65536,,c0419,hot_repeated_retrieval,final_weak_scaling_100k_per_rank,mpi_centralized,faiss,True,1,shard_aware_shared_npy,single_vectors_npy,full_queries_on_each_rank,16,1600000,1,2560,10,5,50,5.77891337,5.176128257,0.45007097500000004,0.43593640850000004,final_weak_scaling_100k_per_rank,weak_100k_per_rank_16r_2560d,42,False,50,0.11621447375999994,0.11646860749999988,0.11392297199999923,0.11819891599999899,0.0010698907756126585,50,0.00014658933999996292,0.00013767649999962828,0.00013113099999984001,0.00026404500000154485,2.630040517467624e-05,50,0.11561068267999998,0.11588777750000023,0.11338379899999929,0.11743933600000034,0.0010478282266736397,50,0.11453731983499998,0.11475861171875013,0.11231239587499975,0.1164165851250002,0.0010238253088121266,50,0.001579980979999931,0.00156670699999939,0.0008374969999991322,0.002660568000001362,0.0003129311481926838,50,0.00031870365499997113,0.0003064178437500731,0.0002198463749998325,0.0005052568124997991,6.07070262835594e-05,50,8.605497924964101,8.586004748523855,8.46031447530372,8.77786088656471,0.07955866161417226
final_weak_scaling_100k_per_rank,20260608-071411_faiss_tree_016r_a5858712,/mnt/vast-standard/home/darius.heere/u27936/pchpc-project/results/final_weak_scaling_100k_per_rank/20260608-071411_faiss_tree_016r_a5858712,results/final_weak_scaling_100k_per_rank/20260608-071411_faiss_tree_016r_a5858712/benchmark_metrics.json,2026-06-08T07:14:11,c0419,configs/weak_scaling_configs/final_weak_scaling_100k_per_rank_16r_tree.json,14133710,pchpc-bench,scc-cpu,1,16,16,1,65536,,c0419,hot_repeated_retrieval,final_weak_scaling_100k_per_rank,mpi_tree,faiss,True,1,shard_aware_shared_npy,single_vectors_npy,full_queries_on_each_rank,16,1600000,1,2560,10,5,50,3.5777401739999997,3.569177414625,0.43858757599999976,0.43163691643749985,final_weak_scaling_100k_per_rank,weak_100k_per_rank_16r_2560d,42,False,50,0.11951696799999983,0.11934672749999908,0.11473515299999981,0.12788454200000032,0.0023409637923544804,50,0.0008602999000000189,0.0008527330000007716,0.0003849349999995866,0.0015323330000001079,0.00024152693808161571,50,0.11906123994000009,0.11889765300000033,0.11429727199999995,0.12739754299999895,0.0023303296783453555,50,0.11765376175125006,0.11735385021875022,0.11308031125000001,0.1260572724375002,0.002339237279716836,50,0.0011528454599999448,0.001131389499999802,0.0009301129999998992,0.001748150999999254,0.0001429833933313491,50,0.00028008553750001884,0.00027548525000026247,0.0002318927499997958,0.0004888714999998767,3.6319961461613554e-05,50,8.370130623724979,8.378951100870648,7.8195533593106,8.715724639335267,0.1625351420348969
local_benchmark_numpy_centralized,,results/local_benchmark_numpy_centralized,results/local_benchmark_numpy_centralized/benchmark_metrics.json,,,,,,,,,,,,,,hot_repeated_retrieval,local_benchmark_numpy_centralized,mpi_centralized,numpy,True,,shard_aware_shared_npy,single_vectors_npy,full_queries_on_each_rank,4,5000,3,2560,10,2,5,0.009810616999999855,0.00945128724999994,6.642000000001147e-06,6.269250000023874e-06,local_benchmark_numpy_centralized,small_random_2560d,42,False,5,0.004420967000000031,0.0043909719999999375,0.0036513270000000375,0.00528364800000003,0.000709895347611814,5,9.2637799999995e-05,7.825900000013597e-05,7.542299999996338e-05,0.00013228099999995635,2.4185513002602827e-05,5,0.004146875999999989,0.004148811999999946,0.0034190149999999697,0.004984478999999986,0.000679358122083988,5,0.0038379286999999707,0.004052992250000054,0.003392344499999922,0.004135306499999991,0.0003614655370197043,5,0.0005343611999999887,0.0002404769999999612,0.00015863099999990915,0.0013133850000000002,0.0005014620250071159,5,0.00040079380000000996,0.00016267900000005442,0.00010796749999997246,0.0010252275000000033,0.00040415647539872074,5,692.7930056247943,683.2200250878491,567.7895272357249,821.6190990289199,111.03927482170126
local_benchmark_numpy_centralized,20260529-121052_numpy_centralized_004r_7efcf5f5,/home/darius/PycharmProjects/pchpc-project/results/local_benchmark_numpy_centralized/20260529-121052_numpy_centralized_004r_7efcf5f5,results/local_benchmark_numpy_centralized/20260529-121052_numpy_centralized_004r_7efcf5f5/benchmark_metrics.json,2026-05-29T12:10:52,darius-Inspiron-14-5425,configs/local_benchmark.json,,,,,,,,,,,hot_repeated_retrieval,local_benchmark_numpy_centralized,mpi_centralized,numpy,True,,shard_aware_shared_npy,single_vectors_npy,full_queries_on_each_rank,4,5000,3,2560,10,2,5,0.03290873399999983,0.0321303315,6.9520000001155324e-06,6.396500000005467e-06,local_benchmark_numpy_centralized,small_random_2560d,42,False,5,0.003592119399999971,0.0035271709999999956,0.003511502999999916,0.0037692140000000762,0.00011233205566224553,5,9.993680000000004e-05,0.00010097099999994974,8.564300000002412e-05,0.00011273099999997704,9.631083853830134e-06,5,0.00331002279999999,0.0032470300000000396,0.0032304899999999748,0.0034887830000001063,0.0001091255427968509,5,0.0032272766999999923,0.0032060212500000795,0.0031553034999999285,0.003292401499999875,5.9510742783710927e-05,5,0.00021363640000000573,0.0001838390000001855,0.00015551799999991012,0.0003459599999999785,7.861896850188927e-05,5,0.00017874925000002095,0.00015356249999998184,0.00013277499999997389,0.0002875970000000838,6.430096547781773e-05,5,835.8002092799079,850.5399936663132,795.9219083872498,854.3350240623664,25.532384110726124
local_benchmark_numpy_centralized,20260529-121108_numpy_centralized_004r_5f328557,/home/darius/PycharmProjects/pchpc-project/results/local_benchmark_numpy_centralized/20260529-121108_numpy_centralized_004r_5f328557,results/local_benchmark_numpy_centralized/20260529-121108_numpy_centralized_004r_5f328557/benchmark_metrics.json,2026-05-29T12:11:08,darius-Inspiron-14-5425,configs/local_benchmark.json,,,,,,,,,,,hot_repeated_retrieval,local_benchmark_numpy_centralized,mpi_centralized,numpy,True,,shard_aware_shared_npy,single_vectors_npy,full_queries_on_each_rank,4,5000,3,2560,10,2,5,0.009273332999999884,0.00885134549999994,7.423000000006397e-06,6.902249999940491e-06,local_benchmark_numpy_centralized,small_random_2560d,42,False,5,0.00381755319999999,0.0037151780000002077,0.003522252999999864,0.004308189000000073,0.00031416967218087676,5,8.234340000012885e-05,7.762900000019002e-05,7.461400000008389e-05,0.00010203200000002965,1.1426884059042804e-05,5,0.0035577179999999762,0.003448740999999922,0.003256096000000097,0.004058071999999857,0.000319025781228538,5,0.0034880386999999956,0.0033468512500000047,0.003189236500000081,0.0040016780000000085,0.0003354786557846123,5,0.00022578800000006005,0.00022133600000007192,0.000164905000000104,0.0002897289999999053,5.1810633594793575e-05,5,0.00015820305000002755,0.00014945750000006086,0.0001309165000000223,0.00018475349999996782,2.2194560176976858e-05,5,789.9104347593611,807.4983217492761,696.3482799849191,851.7275732322794,61.8690440206599
local_faiss_test,,results/local_faiss_test,results/local_faiss_test/benchmark_metrics.json,,,,,,,,,,,,,,hot_repeated_retrieval,local_faiss_test,mpi_centralized,faiss,True,1,shard_aware_shared_npy,single_vectors_npy,full_queries_on_each_rank,4,5000,3,2560,10,1,5,0.00801142399999999,0.00785420025000011,0.04934053500000002,0.04923193600000003,local_faiss_test,small_random_2560d,42,False,5,0.006774656799999912,0.006832423999999948,0.005856370999999916,0.00776173999999985,0.0008284846312706766,5,0.0001288966000000613,0.00011875599999999764,9.757500000007191e-05,0.00018153400000020525,3.2639246396100534e-05,5,0.006428473599999896,0.006561820999999801,0.00548171999999969,0.0074513800000000074,0.0008623559976560514,5,0.006171554899999964,0.00644273174999993,0.005263499750000011,0.0070796412499999906,0.0007772925381251529,5,0.0004629571999999804,0.0005877359999999499,0.00022222199999988312,0.0006443639999997863,0.00020759730051036262,5,0.0003683283999999953,0.0004598507499999904,0.00019532574999991947,0.0005155637500000032,0.00015901603682410534,5,448.2102807520401,439.0828203870285,386.51127195706863,512.2626281702513,55.14961719627052
local_tree_explicit_test,20260607-120622_numpy_tree-explicit_004r_d15ba8f2,/home/darius/PycharmProjects/pchpc-project/results/local_tree_explicit_test/20260607-120622_numpy_tree-explicit_004r_d15ba8f2,results/local_tree_explicit_test/20260607-120622_numpy_tree-explicit_004r_d15ba8f2/benchmark_metrics.json,2026-06-07T12:06:22,darius-Inspiron-14-5425,configs/local_tree_explicit.json,,,,,,,,,,,hot_repeated_retrieval,local_tree_explicit_test,mpi_tree_explicit,numpy,True,,shard_aware_shared_npy,single_vectors_npy,full_queries_on_each_rank,4,5000,3,2560,10,1,5,0.008236457999999836,0.008044987499999934,5.880999999874348e-06,5.763499999866806e-06,local_tree_explicit_test,small_random_2560d,42,False,5,0.0035097820000000723,0.003487676000000217,0.003203391,0.004083047000000173,0.000348272346496314,5,0.0001969069999999906,0.0001966610000001534,0.00016685399999993855,0.000247836999999862,3.2562785146534604e-05,5,0.0033209086000000275,0.003280866999999965,0.0030418070000000075,0.0038917570000001067,0.0003419834015128899,5,0.0032841144500000198,0.003279975749999997,0.002998803500000091,0.003824866749999989,0.0003300572514079439,5,7.234000000000407e-05,6.263700000008754e-05,3.872300000007378e-05,0.00011691999999974279,2.9491895140775467e-05,5,3.531654999998635e-05,3.3490499999899725e-05,2.2705000000011744e-05,4.637775000010391e-05,9.056383438299132e-06,5,861.0372346650272,860.1716443843445,734.7453996977925,936.5075946083385,79.35788325846005
scorep_comm_stress,20260530-131038_numpy_centralized_004r_07110ac9,/mnt/vast-standard/home/darius.heere/u27936/pchpc-project/results/scorep_comm_stress/20260530-131038_numpy_centralized_004r_07110ac9,results/scorep_comm_stress/20260530-131038_numpy_centralized_004r_07110ac9/benchmark_metrics.json,2026-05-30T13:10:38,c0075,configs/cluster_scorep_comm_stress.json,14014738,pchpc-scorep,scc-cpu,1,4,4,1,16384,,c0075,hot_repeated_retrieval,scorep_comm_stress,mpi_centralized,numpy,True,,shard_aware_shared_npy,single_vectors_npy,full_queries_on_each_rank,4,100000,100,2560,1000,0,1,0.289514445,0.28589216625,7.046000000010544e-06,6.513999999999132e-06,scorep_comm_stress,benchmark_calibrate_2560d,42,False,1,0.29723553700000005,0.29723553700000005,0.29723553700000005,0.29723553700000005,0.0,1,0.01213516300000006,0.01213516300000006,0.01213516300000006,0.01213516300000006,0.0,1,0.27996838,0.27996838,0.27996838,0.27996838,0.0,1,0.21641076674999998,0.21641076674999998,0.21641076674999998,0.21641076674999998,0.0,1,0.128323223,0.128323223,0.128323223,0.128323223,0.0,1,0.06691210550000001,0.06691210550000001,0.06691210550000001,0.06691210550000001,0.0,1,336.4335267892277,336.4335267892277,336.4335267892277,336.4335267892277,0.0
scorep_comm_stress_tree,20260530-123623_numpy_tree_002r_2b3642c0,/mnt/vast-standard/home/darius.heere/u27936/pchpc-project/results/scorep_comm_stress_tree/20260530-123623_numpy_tree_002r_2b3642c0,results/scorep_comm_stress_tree/20260530-123623_numpy_tree_002r_2b3642c0/benchmark_metrics.json,2026-05-30T12:36:23,c0075,configs/cluster_scorep_comm_stress_tree.json,14014912,pchpc-scorep,scc-cpu,1,2,2,1,8192,,c0075,hot_repeated_retrieval,scorep_comm_stress_tree,mpi_tree,numpy,True,,shard_aware_shared_npy,single_vectors_npy,full_queries_on_each_rank,2,100000,100,2560,1000,0,1,3.478895391,3.456272382,7.752000000138537e-06,7.2880000001607215e-06,scorep_comm_stress_tree,benchmark_calibrate_2560d,42,False,1,0.34179885899999984,0.34179885899999984,0.34179885899999984,0.34179885899999984,0.0,1,0.007936462999999616,0.007936462999999616,0.007936462999999616,0.007936462999999616,0.0,1,0.3337074549999999,0.3337074549999999,0.3337074549999999,0.3337074549999999,0.0,1,0.33356504349999994,0.33356504349999994,0.33356504349999994,0.33356504349999994,0.0,1,0.0008722759999999496,0.0008722759999999496,0.0008722759999999496,0.0008722759999999496,0.0,1,0.0008098704999999207,0.0008098704999999207,0.0008098704999999207,0.0008098704999999207,0.0,1,292.5697303161566,292.5697303161566,292.5697303161566,292.5697303161566,0.0
scorep_merge_trace_500k_topk0010_centralized,20260606-205215_numpy_centralized_016r_8a98695d,/mnt/vast-standard/home/darius.heere/u27936/pchpc-project/results/scorep_merge_trace_500k_topk0010_centralized/20260606-205215_numpy_centralized_016r_8a98695d,results/scorep_merge_trace_500k_topk0010_centralized/20260606-205215_numpy_centralized_016r_8a98695d/benchmark_metrics.json,2026-06-06T20:52:15,c0071,configs/scorep_trace_configs/scorep_merge_trace_500k_topk0010_centralized.json,14112463,pchpc-scorep,scc-cpu,4,16,4,1,16384,,"c[0071,0125,0137,0409]",hot_repeated_retrieval,scorep_merge_trace_500k_topk0010_centralized,mpi_centralized,numpy,True,,shard_aware_shared_npy,single_vectors_npy,full_queries_on_each_rank,16,500000,1,2560,10,0,1,2.4166998939999997,2.2126412044375,3.789599999981519e-05,1.4803625000003873e-05,scorep_merge_trace_500k_topk0010_centralized,benchmark_500k_2560d,42,False,1,0.10987515599999975,0.10987515599999975,0.10987515599999975,0.10987515599999975,0.0,1,0.00023762000000004946,0.00023762000000004946,0.00023762000000004946,0.00023762000000004946,0.0,1,0.10880241999999996,0.10880241999999996,0.10880241999999996,0.10880241999999996,0.0,1,0.08919960131249993,0.08919960131249993,0.08919960131249993,0.08919960131249993,0.0,1,0.031662214000000244,0.031662214000000244,0.031662214000000244,0.031662214000000244,0.0,1,0.00507768950000001,0.00507768950000001,0.00507768950000001,0.00507768950000001,0.0,1,9.10123850017562,9.10123850017562,9.10123850017562,9.10123850017562,0.0
scorep_merge_trace_500k_topk5000_centralized,20260606-205251_numpy_centralized_016r_1df6944b,/mnt/vast-standard/home/darius.heere/u27936/pchpc-project/results/scorep_merge_trace_500k_topk5000_centralized/20260606-205251_numpy_centralized_016r_1df6944b,results/scorep_merge_trace_500k_topk5000_centralized/20260606-205251_numpy_centralized_016r_1df6944b/benchmark_metrics.json,2026-06-06T20:52:51,c0071,configs/scorep_trace_configs/scorep_merge_trace_500k_topk5000_centralized.json,14112471,pchpc-scorep,scc-cpu,4,16,4,1,16384,,"c[0071,0125,0137,0409]",hot_repeated_retrieval,scorep_merge_trace_500k_topk5000_centralized,mpi_centralized,numpy,True,,shard_aware_shared_npy,single_vectors_npy,full_queries_on_each_rank,16,500000,1,2560,5000,0,1,0.739014099,0.44454474975,1.568200000001685e-05,1.1624437499999779e-05,scorep_merge_trace_500k_topk5000_centralized,benchmark_500k_2560d,42,False,1,0.07501096000000007,0.07501096000000007,0.07501096000000007,0.07501096000000007,0.0,1,0.001999778000000063,0.001999778000000063,0.001999778000000063,0.001999778000000063,0.0,1,0.07126187699999997,0.07126187699999997,0.07126187699999997,0.07126187699999997,0.0,1,0.052336234249999995,0.052336234249999995,0.052336234249999995,0.052336234249999995,0.0,1,0.039416589,0.039416589,0.039416589,0.039416589,0.0,1,0.012502106312500004,0.012502106312500004,0.012502106312500004,0.012502106312500004,0.0,1,13.331385173579955,13.331385173579955,13.331385173579955,13.331385173579955,0.0
scorep_merge_trace_500k_topk5000_tree,20260606-205343_numpy_tree_016r_299c3c7c,/mnt/vast-standard/home/darius.heere/u27936/pchpc-project/results/scorep_merge_trace_500k_topk5000_tree/20260606-205343_numpy_tree_016r_299c3c7c,results/scorep_merge_trace_500k_topk5000_tree/20260606-205343_numpy_tree_016r_299c3c7c/benchmark_metrics.json,2026-06-06T20:53:43,c0071,configs/scorep_trace_configs/scorep_merge_trace_500k_topk5000_tree.json,14112473,pchpc-scorep,scc-cpu,4,16,4,1,16384,,"c[0071,0125,0137,0409]",hot_repeated_retrieval,scorep_merge_trace_500k_topk5000_tree,mpi_tree,numpy,True,,shard_aware_shared_npy,single_vectors_npy,full_queries_on_each_rank,16,500000,1,2560,5000,0,1,0.678155568,0.41769843125,1.2684999999956759e-05,1.0735437500002804e-05,scorep_merge_trace_500k_topk5000_tree,benchmark_500k_2560d,42,False,1,0.07720726700000002,0.07720726700000002,0.07720726700000002,0.07720726700000002,0.0,1,0.032930110999999984,0.032930110999999984,0.032930110999999984,0.032930110999999984,0.0,1,0.07460737899999992,0.07460737899999992,0.07460737899999992,0.07460737899999992,0.0,1,0.05023919668749999,0.05023919668749999,0.05023919668749999,0.05023919668749999,0.0,1,0.03170881000000003,0.03170881000000003,0.03170881000000003,0.03170881000000003,0.0,1,0.0121276996875,0.0121276996875,0.0121276996875,0.0121276996875,0.0,1,12.952148662379148,12.952148662379148,12.952148662379148,12.952148662379148,0.0
scorep_merge_trace_500k_topk5000_tree_explicit,20260607-230705_numpy_tree-explicit_016r_da861a16,/mnt/vast-standard/home/darius.heere/u27936/pchpc-project/results/scorep_merge_trace_500k_topk5000_tree_explicit/20260607-230705_numpy_tree-explicit_016r_da861a16,results/scorep_merge_trace_500k_topk5000_tree_explicit/20260607-230705_numpy_tree-explicit_016r_da861a16/benchmark_metrics.json,2026-06-07T23:07:05,c0410,configs/scorep_trace_configs/scorep_merge_trace_500k_topk5000_tree_explicit.json,14128999,pchpc-scorep,scc-cpu,4,16,4,1,16384,,"c[0410,0414-0416]",hot_repeated_retrieval,scorep_merge_trace_500k_topk5000_tree_explicit,mpi_tree_explicit,numpy,True,,shard_aware_shared_npy,single_vectors_npy,full_queries_on_each_rank,16,500000,1,2560,5000,0,1,0.424113459,0.354562966,4.472199999994153e-05,1.18518750000067e-05,scorep_merge_trace_500k_topk5000_tree_explicit,benchmark_500k_2560d,42,False,1,0.13075122799999983,0.13075122799999983,0.13075122799999983,0.13075122799999983,0.0,1,0.009401881000000056,0.009401881000000056,0.009401881000000056,0.009401881000000056,0.0,1,0.12152128200000001,0.12152128200000001,0.12152128200000001,0.12152128200000001,0.0,1,0.1003283205625,0.1003283205625,0.1003283205625,0.1003283205625,0.0,1,0.044956505000000035,0.044956505000000035,0.044956505000000035,0.044956505000000035,0.0,1,0.014360702125000006,0.014360702125000006,0.014360702125000006,0.014360702125000006,0.0,1,7.648111725574013,7.648111725574013,7.648111725574013,7.648111725574013,0.0
scorep_smoke,20260529-185108_numpy_centralized_002r_4b48f3e7,/mnt/vast-standard/home/darius.heere/u27936/pchpc-project/results/scorep_smoke/20260529-185108_numpy_centralized_002r_4b48f3e7,results/scorep_smoke/20260529-185108_numpy_centralized_002r_4b48f3e7/benchmark_metrics.json,2026-05-29T18:51:08,c0075,configs/cluster_scorep_smoke.json,14002725,pchpc-scorep,scc-cpu,1,2,2,1,4096,,c0075,hot_repeated_retrieval,scorep_smoke,mpi_centralized,numpy,True,,shard_aware_shared_npy,single_vectors_npy,full_queries_on_each_rank,2,5000,3,2560,10,0,1,0.345037387,0.342239602,5.28700000002047e-06,5.277500000011592e-06,scorep_smoke,small_random_2560d,42,False,1,0.047452101000000024,0.047452101000000024,0.047452101000000024,0.047452101000000024,0.0,1,8.143299999996412e-05,8.143299999996412e-05,8.143299999996412e-05,8.143299999996412e-05,0.0,1,0.04719783800000005,0.04719783800000005,0.04719783800000005,0.04719783800000005,0.0,1,0.047196609500000014,0.047196609500000014,0.047196609500000014,0.047196609500000014,0.0,1,0.00014304799999997897,0.00014304799999997897,0.00014304799999997897,0.00014304799999997897,0.0,1,0.00011256699999995234,0.00011256699999995234,0.00011256699999995234,0.00011256699999995234,0.0,1,63.221647446126745,63.221647446126745,63.221647446126745,63.221647446126745,0.0
