experiment_id,unique_run_name,run_dir,metrics_path,created_at,hostname,config_path,slurm_job_id,slurm_job_name,slurm_partition,slurm_nodes,slurm_ntasks,slurm_ntasks_per_node,slurm_cpus_per_task,slurm_mem_per_node_mb,slurm_mem_per_cpu_mb,slurm_nodelist,benchmark_mode,run_id,retrieval_mode,search_backend,search_index_reuse,faiss_num_threads,loading_strategy,vector_storage,query_loading,query_policy,query_pool_size,queries_per_retrieval,world_size,num_vectors,num_queries,dimension,top_k,warmup_runs,measurement_runs,initial_load_time_sec_max,initial_load_time_sec_mean,initial_index_build_time_sec_max,initial_index_build_time_sec_mean,config_project_run_id,config_dataset_name,config_dataset_seed,config_dataset_normalize,config_benchmark_query_policy,mpi_total_time_sec_count,mpi_total_time_sec_mean,mpi_total_time_sec_median,mpi_total_time_sec_min,mpi_total_time_sec_max,mpi_total_time_sec_std,merge_time_sec_count,merge_time_sec_mean,merge_time_sec_median,merge_time_sec_min,merge_time_sec_max,merge_time_sec_std,max_local_search_time_sec_count,max_local_search_time_sec_mean,max_local_search_time_sec_median,max_local_search_time_sec_min,max_local_search_time_sec_max,max_local_search_time_sec_std,mean_local_search_time_sec_count,mean_local_search_time_sec_mean,mean_local_search_time_sec_median,mean_local_search_time_sec_min,mean_local_search_time_sec_max,mean_local_search_time_sec_std,max_communication_time_sec_count,max_communication_time_sec_mean,max_communication_time_sec_median,max_communication_time_sec_min,max_communication_time_sec_max,max_communication_time_sec_std,mean_communication_time_sec_count,mean_communication_time_sec_mean,mean_communication_time_sec_median,mean_communication_time_sec_min,mean_communication_time_sec_max,mean_communication_time_sec_std,throughput_queries_per_sec_count,throughput_queries_per_sec_mean,throughput_queries_per_sec_median,throughput_queries_per_sec_min,throughput_queries_per_sec_max,throughput_queries_per_sec_std
cluster_benchmark_500k_latency,20260530-173338_faiss_centralized_001r_996fc5af,/mnt/vast-standard/home/darius.heere/u27936/pchpc-project/results/cluster_benchmark_500k_latency/20260530-173338_faiss_centralized_001r_996fc5af,results/cluster_benchmark_500k_latency/20260530-173338_faiss_centralized_001r_996fc5af/benchmark_metrics.json,2026-05-30T17:33:38,c0075,configs/cluster_benchmark_500k_latency.json,14016804,pchpc-bench,scc-cpu,1,1,1,1,16384,,c0075,hot_repeated_retrieval,cluster_benchmark_500k_latency,mpi_centralized,faiss,True,1,shard_aware_shared_npy,single_vectors_npy,full_queries_on_each_rank,,,,1,500000,1,2560,10,5,50,3.4540684980000003,3.4540684980000003,3.301201894,3.301201894,cluster_benchmark_500k_latency,benchmark_500k_2560d,42,False,,50,0.4965847268000004,0.4720936945000016,0.46853587100000027,0.5878382640000002,0.0317916764047007,50,0.0001100944399999193,0.00010279900000043085,9.124399999649313e-05,0.0003298720000000088,3.499758502763764e-05,50,0.4963165864800001,0.47182883700000033,0.4682959559999986,0.5875767459999999,0.031793955737863484,50,0.4963165864800001,0.47182883700000033,0.4682959559999986,0.5875767459999999,0.031793955737863484,50,0.0001290638000000044,0.00012211099999781538,0.00010756700000058572,0.0003118989999997268,2.8899026948480694e-05,50,0.0001290638000000044,0.00012211099999781538,0.00010756700000058572,0.0003118989999997268,2.8899026948480694e-05,50,2.0215857762213014,2.1182235959450906,1.701148192013577,2.1343083035791715,0.12495756311711113
cluster_benchmark_500k_latency,20260530-173242_faiss_centralized_002r_d425880e,/mnt/vast-standard/home/darius.heere/u27936/pchpc-project/results/cluster_benchmark_500k_latency/20260530-173242_faiss_centralized_002r_d425880e,results/cluster_benchmark_500k_latency/20260530-173242_faiss_centralized_002r_d425880e/benchmark_metrics.json,2026-05-30T17:32:42,c0075,configs/cluster_benchmark_500k_latency.json,14016801,pchpc-bench,scc-cpu,1,2,2,1,16384,,c0075,hot_repeated_retrieval,cluster_benchmark_500k_latency,mpi_centralized,faiss,True,1,shard_aware_shared_npy,single_vectors_npy,full_queries_on_each_rank,,,,2,500000,1,2560,10,5,50,1.831041784,1.819525083,1.7075062560000003,1.6991721865,cluster_benchmark_500k_latency,benchmark_500k_2560d,42,False,,50,0.25435557587999996,0.2405812665,0.23957019099999854,0.3005348219999995,0.023727978246485076,50,0.00010878733999998502,0.00010130149999998395,9.001900000171759e-05,0.0003354159999995332,3.655486171546142e-05,50,0.2540658009800001,0.24031429049999975,0.23932196600000033,0.30026799500000045,0.02373238710597429,50,0.25285013630000003,0.23929854650000015,0.23827309299999966,0.29930138799999995,0.02355082664193145,50,0.002436871559999911,0.0022611975000002005,0.00015178399999982162,0.008304565999999625,0.0012603076978272636,50,0.0012604734299999354,0.001170015250000267,0.00011705649999971257,0.004200141000000102,0.0006311256723800733,50,3.9618154295599086,4.156599634830496,3.3274014416871855,4.174142015857082,0.3317324561006807
cluster_benchmark_500k_latency,20260530-173032_faiss_centralized_004r_b3193e15,/mnt/vast-standard/home/darius.heere/u27936/pchpc-project/results/cluster_benchmark_500k_latency/20260530-173032_faiss_centralized_004r_b3193e15,results/cluster_benchmark_500k_latency/20260530-173032_faiss_centralized_004r_b3193e15/benchmark_metrics.json,2026-05-30T17:30:32,c0075,configs/cluster_benchmark_500k_latency.json,14016780,pchpc-bench,scc-cpu,1,4,4,1,16384,,c0075,hot_repeated_retrieval,cluster_benchmark_500k_latency,mpi_centralized,faiss,True,1,shard_aware_shared_npy,single_vectors_npy,full_queries_on_each_rank,,,,4,500000,1,2560,10,5,50,11.418341778999999,10.9437832005,1.0195398229999988,0.9760931604999996,cluster_benchmark_500k_latency,benchmark_500k_2560d,42,False,,50,0.14872223335999984,0.13696585849999998,0.12215970100000106,0.18625931400000084,0.02674493017575324,50,0.00010314156000013952,9.31435000000036e-05,8.38600000001577e-05,0.0003260069999999615,3.788742437634818e-05,50,0.1484039738599998,0.1366809945000007,0.12188995800000058,0.18596674200000152,0.02672955563279303,50,0.13000597211499998,0.12530690575000003,0.12113906575000044,0.1574511869999995,0.010073496540255559,50,0.013478640719999895,0.000516507000000388,0.0001702819999991334,0.06423268100000001,0.022826843673776947,50,0.004930352865000005,0.00018281899999950113,9.473874999876841e-05,0.031838073749999474,0.008927477422838408,50,6.932229287075704,7.301102872645346,5.368859030587837,8.186005628812003,1.1862795898775385
cluster_benchmark_500k_latency,20260531-112412_faiss_centralized_004r_5b3a1733,/mnt/vast-standard/home/darius.heere/u27936/pchpc-project/results/cluster_benchmark_500k_latency/20260531-112412_faiss_centralized_004r_5b3a1733,results/cluster_benchmark_500k_latency/20260531-112412_faiss_centralized_004r_5b3a1733/benchmark_metrics.json,2026-05-31T11:24:12,c0018,configs/cluster_benchmark_500k_latency.json,14021430,pchpc-bench,scc-cpu,1,4,4,1,16384,,c0018,hot_repeated_retrieval,cluster_benchmark_500k_latency,mpi_centralized,faiss,True,1,shard_aware_shared_npy,single_vectors_npy,full_queries_on_each_rank,,,,4,500000,1,2560,10,5,50,4.011417007,3.0624816472500003,0.9850498249999999,0.9042661517500004,cluster_benchmark_500k_latency,benchmark_500k_2560d,42,False,,50,0.14682808982000004,0.1303972075000006,0.1230686479999985,0.18258917699999966,0.025687833869067662,50,0.00011648200000010434,0.00010813849999991021,9.462100000057205e-05,0.00035501300000007063,3.8976458307095014e-05,50,0.14648149958000012,0.1300757835000006,0.1227687900000003,0.18221866799999997,0.02564840848129253,50,0.12885655719500005,0.1242383122500006,0.1221572662499999,0.15025664574999942,0.0076590270764704685,50,0.014632601839999992,0.0011436800000002023,0.00018672899999927495,0.0604066440000004,0.022501531309442876,50,0.005289570845000094,0.00034809524999968033,0.00011068450000006891,0.028892343750000382,0.008592159427732423,50,7.01005176692274,7.668913103432969,5.476775877028033,8.125546321106999,1.1649669025374945
cluster_benchmark_500k_latency,20260530-173105_faiss_centralized_008r_323b4dcc,/mnt/vast-standard/home/darius.heere/u27936/pchpc-project/results/cluster_benchmark_500k_latency/20260530-173105_faiss_centralized_008r_323b4dcc,results/cluster_benchmark_500k_latency/20260530-173105_faiss_centralized_008r_323b4dcc/benchmark_metrics.json,2026-05-30T17:31:05,c0075,configs/cluster_benchmark_500k_latency.json,14016794,pchpc-bench,scc-cpu,1,8,8,1,16384,,c0075,hot_repeated_retrieval,cluster_benchmark_500k_latency,mpi_centralized,faiss,True,1,shard_aware_shared_npy,single_vectors_npy,full_queries_on_each_rank,,,,8,500000,1,2560,10,5,50,1.1977357610000001,1.192441756,0.450504445,0.4365276439999999,cluster_benchmark_500k_latency,benchmark_500k_2560d,42,False,,50,0.0712527887,0.06450574250000018,0.06418858299999997,0.12760548699999985,0.016775717553435827,50,0.00014110474000004203,0.00010033499999995144,8.993199999984824e-05,0.0019921450000000007,0.0002674677180062259,50,0.07072549094000001,0.0641687270000002,0.06387953300000015,0.1272744750000001,0.016760790763044455,50,0.06774686458250001,0.06360597731249998,0.06334577699999999,0.12291496287500003,0.012792564957473463,50,0.005425865700000063,0.0009190034999995156,0.0007528130000000743,0.05058484000000085,0.012380965157589284,50,0.0009914222600000066,0.00026165662499982867,0.00023890749999999628,0.011528954999999952,0.0020716036908345154,50,14.55184854271236,15.502495843115883,7.8366536072230275,15.579094494109654,2.258349703235546
cluster_benchmark_500k_latency,20260531-024212_faiss_centralized_008r_32b19a94,/mnt/vast-standard/home/darius.heere/u27936/pchpc-project/results/cluster_benchmark_500k_latency/20260531-024212_faiss_centralized_008r_32b19a94,results/cluster_benchmark_500k_latency/20260531-024212_faiss_centralized_008r_32b19a94/benchmark_metrics.json,2026-05-31T02:42:12,c0075,configs/cluster_benchmark_500k_latency.json,14017828,pchpc-bench,scc-cpu,2,8,4,1,8192,,"c[0075,0412]",hot_repeated_retrieval,cluster_benchmark_500k_latency,mpi_centralized,faiss,True,1,shard_aware_shared_npy,single_vectors_npy,full_queries_on_each_rank,,,,8,500000,1,2560,10,5,50,6.903669108,6.209144437,0.585354832000001,0.4975566246250005,cluster_benchmark_500k_latency,benchmark_500k_2560d,42,False,,50,0.08869055171999993,0.08321128850000026,0.06581317400000053,0.12762447899999962,0.02346912805089642,50,0.00013050161999998976,0.0001264365000004375,0.00012024199999949303,0.00021020500000012987,1.320889553057533e-05,50,0.08823780119999995,0.0827105235000003,0.06540623999999973,0.12719852500000073,0.023443122967907477,50,0.06647937973500002,0.06515204018750054,0.06274154387500008,0.08016383374999969,0.004313089631031884,50,0.02336450901999992,0.005448676999999513,0.00026562699999921335,0.06638984800000003,0.023385061390574027,50,0.004901190534999977,0.0008625320624999766,0.00010962825000015997,0.02168730899999982,0.00579914529758171,50,12.055521533429848,12.02336463364053,7.835487422440353,15.194526250929517,3.034649485054428
cluster_benchmark_500k_latency,20260530-173128_faiss_centralized_016r_852a8867,/mnt/vast-standard/home/darius.heere/u27936/pchpc-project/results/cluster_benchmark_500k_latency/20260530-173128_faiss_centralized_016r_852a8867,results/cluster_benchmark_500k_latency/20260530-173128_faiss_centralized_016r_852a8867/benchmark_metrics.json,2026-05-30T17:31:28,c0075,configs/cluster_benchmark_500k_latency.json,14016797,pchpc-bench,scc-cpu,1,16,16,1,16384,,c0075,hot_repeated_retrieval,cluster_benchmark_500k_latency,mpi_centralized,faiss,True,1,shard_aware_shared_npy,single_vectors_npy,full_queries_on_each_rank,,,,16,500000,1,2560,10,5,50,0.9381453299999999,0.9253786349374999,0.2973511839999998,0.26976286725,cluster_benchmark_500k_latency,benchmark_500k_2560d,42,False,,50,0.040592360779999996,0.035985838500000034,0.0357954549999997,0.08343979999999984,0.011114816104906737,50,0.00011938313999999118,0.00011612099999980252,0.00010797600000023166,0.00020466099999971732,1.5336661133841494e-05,50,0.040074989960000015,0.03550169400000014,0.03533038800000021,0.08290116999999997,0.011068790793529187,50,0.036040209143749995,0.03520012753124997,0.03505503643749999,0.045600371374999976,0.002366118883331545,50,0.0052791947999999865,0.0006869604999997225,0.0006128039999997448,0.04946970399999984,0.011204816781770802,50,0.0011960545824999975,0.00018152771874997697,0.00016402418750005587,0.01376015500000008,0.002787578334429131,50,25.785007232885693,27.788709249978755,11.984688362148542,27.936507581758868,4.384640416525823
cluster_benchmark_500k_latency,20260531-104131_faiss_centralized_016r_e884f526,/mnt/vast-standard/home/darius.heere/u27936/pchpc-project/results/cluster_benchmark_500k_latency/20260531-104131_faiss_centralized_016r_e884f526,results/cluster_benchmark_500k_latency/20260531-104131_faiss_centralized_016r_e884f526/benchmark_metrics.json,2026-05-31T10:41:31,c0012,configs/cluster_benchmark_500k_latency.json,14017260,pchpc-bench,scc-cpu,4,16,4,1,8192,,"c[0012,0018,0075,0410]",hot_repeated_retrieval,cluster_benchmark_500k_latency,mpi_centralized,faiss,True,1,shard_aware_shared_npy,single_vectors_npy,full_queries_on_each_rank,,,,16,500000,1,2560,10,5,50,1.8733580550000002,1.6583958909375,0.4065403999999999,0.33051854856250007,cluster_benchmark_500k_latency,benchmark_500k_2560d,42,False,,50,0.05663733975999993,0.05305502050000044,0.03246212100000001,0.09604774399999982,0.021917131242504124,50,0.00013911233999996497,0.00013609100000033791,0.00012442199999984638,0.0002409999999999357,1.713117846189019e-05,50,0.05599237956000005,0.052423922000000456,0.031913897999999996,0.09546679600000019,0.021896304628504726,50,0.03317811207125,0.03237750787499999,0.030870121562499964,0.04262022693750006,0.002637385596826925,50,0.024634386259999995,0.01907871250000026,0.0015403979999994988,0.0651400329999996,0.022045635667302343,50,0.003517339377500014,0.0018938303749999608,0.0002882621874998881,0.01633579049999989,0.0037819611777890243,50,20.344738813613706,18.848585072700075,10.411488686293369,30.805134390325257,7.424383709897298
cluster_benchmark_calibrate,,results/cluster_benchmark_calibrate,results/cluster_benchmark_calibrate/benchmark_metrics.json,,,,,,,,,,,,,,hot_repeated_retrieval,cluster_benchmark_calibrate,mpi_centralized,faiss,True,1,shard_aware_shared_npy,single_vectors_npy,full_queries_on_each_rank,,,,16,100000,100,2560,10,2,5,0.26061414299999996,0.2523671691875,0.12120260400000005,0.116275698375,cluster_benchmark_calibrate,benchmark_calibrate_2560d,42,False,,5,0.05272244919999989,0.05590086499999991,0.042542655999999957,0.0642843839999998,0.00959054770059269,5,0.0005128130000000119,0.0004886159999999418,0.0004580480000000442,0.0006619850000000316,8.457094613104669e-05,5,0.05119501679999998,0.05477380799999998,0.041580210000000006,0.061596975999999914,0.008979772131721865,5,0.0450422227375,0.04338700324999997,0.04096533200000001,0.055882026187499975,0.006197649906429208,5,0.010337726599999986,0.007850021999999957,0.0037248370000000364,0.019459005000000085,0.007286746830368203,5,0.0016447803874999945,0.001244521999999998,0.0003713180624999868,0.004192160250000007,0.0015537533557887348,5,1949.534657354683,1788.8810843982496,1555.5877458513144,2350.5819664855926,364.4554838769396
cluster_benchmark_calibrate_latency,,results/cluster_benchmark_calibrate_latency,results/cluster_benchmark_calibrate_latency/benchmark_metrics.json,,,,,,,,,,,,,,hot_repeated_retrieval,cluster_benchmark_calibrate_latency,mpi_centralized,faiss,True,1,shard_aware_shared_npy,single_vectors_npy,full_queries_on_each_rank,,,,16,100000,1,2560,10,5,100,1.0573423270000002,0.7816360171875,0.09602545400000007,0.09396923250000001,cluster_benchmark_calibrate_latency,benchmark_calibrate_latency_2560d,42,False,,100,0.013777505890000015,0.012458754499999891,0.01216888599999999,0.02935486700000034,0.0040995846854422575,100,0.0001554830099999993,0.0001519805000000929,0.0001371309999997905,0.0002478990000001069,1.4703653552343979e-05,100,0.013078074499999965,0.011770691499999764,0.011468365999999897,0.0283617770000002,0.004043456078454378,100,0.011594207493749998,0.01143912200000001,0.01114737025000001,0.019962053187500023,0.0009018748429432908,100,0.001801880220000036,0.0004452440000000113,0.00039005300000027887,0.018106700000000142,0.004176723474757641,100,0.000328370818125004,0.00013301228125005282,0.0001200771249999788,0.003015534749999993,0.0006304974984763378,100,76.17561737208426,80.26485443581649,34.0659012353893,82.17679087469476,12.324824958712302
cluster_benchmark_faiss_threads4,,results/cluster_benchmark_faiss_threads4,results/cluster_benchmark_faiss_threads4/benchmark_metrics.json,,,,,,,,,,,,,,hot_repeated_retrieval,cluster_benchmark_faiss_threads4,mpi_centralized,faiss,True,4,shard_aware_shared_npy,single_vectors_npy,full_queries_on_each_rank,,,,4,5000,3,2560,10,2,5,0.017719923999999998,0.016740817749999998,0.04402951899999996,0.043650986749999995,cluster_benchmark_faiss_threads4,small_random_2560d,42,False,,5,0.002023294799999986,0.001992151000000053,0.0019505779999999806,0.0021480739999999443,8.2808305680636e-05,5,0.00011576659999998907,0.00011641299999998189,0.00010751999999991657,0.0001219209999999693,5.262624658884128e-06,5,0.0016917259999999824,0.0016479529999999798,0.0016340639999999906,0.0018210719999999236,8.07001064961929e-05,5,0.0015716269999999921,0.0015404022499999892,0.001532671749999992,0.001658159250000013,5.3101112724344065e-05,5,0.00017742680000003562,0.0001710570000000855,0.00016002900000000597,0.0001951830000000987,1.4964508117560442e-05,5,0.00010592964999999732,0.00011028149999997572,9.399924999997644e-05,0.00011301900000001974,8.517568541699939e-06,5,1484.6732922046729,1505.9099435735143,1396.5999309148929,1538.005657810162,59.36866547952959
cluster_benchmark_numpy_centralized,20260529-130238_numpy_centralized_002r_b7d3b93a,/mnt/vast-standard/home/darius.heere/u27936/pchpc-project/results/cluster_benchmark_numpy_centralized/20260529-130238_numpy_centralized_002r_b7d3b93a,results/cluster_benchmark_numpy_centralized/20260529-130238_numpy_centralized_002r_b7d3b93a/benchmark_metrics.json,2026-05-29T13:02:38,c0075,configs/cluster_benchmark.json,13996020,pchpc-bench,scc-cpu,1,2,2,1,16384,,c0075,hot_repeated_retrieval,cluster_benchmark_numpy_centralized,mpi_centralized,numpy,True,,shard_aware_shared_npy,single_vectors_npy,full_queries_on_each_rank,,,,2,5000,3,2560,10,2,5,0.2841338950000001,0.25723904300000006,1.1097999999987174e-05,9.909500000016003e-06,cluster_benchmark_numpy_centralized,small_random_2560d,42,False,,5,0.004678204200000003,0.004668424000000004,0.0046503530000000515,0.004729537999999978,3.0214259881695325e-05,5,6.08782000000252e-05,6.09390000000376e-05,5.325800000000047e-05,6.734299999999749e-05,5.221852133095113e-06,5,0.004503688799999961,0.004491237999999953,0.004487324999999931,0.004553099000000005,2.777670594583523e-05,5,0.004462605699999978,0.0044555889999999265,0.004448163000000005,0.0044861250000000075,1.5971850783499945e-05,5,9.45595999999993e-05,9.571799999996689e-05,8.73980000000163e-05,0.00010327300000001483,6.536144911184522e-06,5,7.193389999999855e-05,7.045849999998133e-05,6.94465000000144e-05,7.586250000002348e-05,2.9911850160172804e-06,5,641.2929706119555,642.6151523511998,634.311427458668,645.1123172799929,4.11517218907416
cluster_benchmark_numpy_centralized,20260529-130357_numpy_centralized_002r_30da13cf,/mnt/vast-standard/home/darius.heere/u27936/pchpc-project/results/cluster_benchmark_numpy_centralized/20260529-130357_numpy_centralized_002r_30da13cf,results/cluster_benchmark_numpy_centralized/20260529-130357_numpy_centralized_002r_30da13cf/benchmark_metrics.json,2026-05-29T13:03:57,c0075,configs/cluster_benchmark.json,13996055,pchpc-bench,scc-cpu,1,2,2,1,16384,,c0075,hot_repeated_retrieval,cluster_benchmark_numpy_centralized,mpi_centralized,numpy,True,,shard_aware_shared_npy,single_vectors_npy,full_queries_on_each_rank,,,,2,5000,3,2560,10,2,5,0.030081723000000005,0.029775922499999996,7.914999999969474e-06,7.570499999942637e-06,cluster_benchmark_numpy_centralized,small_random_2560d,42,False,,5,0.0046644986,0.004659606999999899,0.004632738999999941,0.004691226000000048,2.3905783093268923e-05,5,5.669260000000787e-05,5.548300000002282e-05,5.0115999999933436e-05,6.449600000002498e-05,5.338076226531131e-06,5,0.004496299400000003,0.004492819999999953,0.0044861790000000346,0.004523009999999994,1.530442789848635e-05,5,0.0044659642000000055,0.004462619999999973,0.004457540499999968,0.004486321999999987,1.1623136714106407e-05,5,8.985980000002503e-05,9.161499999998934e-05,7.940800000005854e-05,9.585800000000422e-05,6.2607593948186736e-06,5,6.976100000002372e-05,6.977000000008005e-05,6.365050000001204e-05,7.427400000004081e-05,3.899264433841795e-06,5,643.1694659634917,643.831121379993,639.4916808527172,647.5650797508856,3.298049872726102
cluster_benchmark_numpy_centralized,20260529-134437_numpy_centralized_002r_f02e65ed,/mnt/vast-standard/home/darius.heere/u27936/pchpc-project/results/cluster_benchmark_numpy_centralized/20260529-134437_numpy_centralized_002r_f02e65ed,results/cluster_benchmark_numpy_centralized/20260529-134437_numpy_centralized_002r_f02e65ed/benchmark_metrics.json,2026-05-29T13:44:37,c0075,configs/cluster_benchmark.json,13997127,pchpc-bench,scc-cpu,1,2,2,1,16384,,c0075,hot_repeated_retrieval,cluster_benchmark_numpy_centralized,mpi_centralized,numpy,True,,shard_aware_shared_npy,single_vectors_npy,full_queries_on_each_rank,,,,2,5000,3,2560,10,2,5,0.276151319,0.25567451150000003,7.290999999964853e-06,6.863999999995318e-06,cluster_benchmark_numpy_centralized,small_random_2560d,42,False,,5,0.004662931999999986,0.004650673999999966,0.004635163999999969,0.004696427999999919,3.030347362104095e-05,5,5.528720000005372e-05,5.486100000007266e-05,5.2186000000009614e-05,5.769900000007766e-05,2.177264728994091e-06,5,0.004498243000000013,0.004490256999999942,0.004473812000000077,0.004528626000000036,2.384427935585242e-05,5,0.0044710728000000085,0.0044642715000000055,0.004453607000000026,0.004486991000000051,1.4982982173963198e-05,5,9.018700000003043e-05,9.08929999999808e-05,8.098700000003234e-05,9.50699999999749e-05,5.708493365146246e-06,5,6.917799999999197e-05,7.014399999999421e-05,6.639149999998484e-05,7.175100000000878e-05,2.538380413774447e-06,5,643.3937248759249,645.0677901740742,638.7833476846769,647.2262901593168,4.1739658584211
cluster_benchmark_numpy_centralized,,results/cluster_benchmark_numpy_centralized,results/cluster_benchmark_numpy_centralized/benchmark_metrics.json,,,,,,,,,,,,,,hot_repeated_retrieval,cluster_benchmark_numpy_centralized,mpi_centralized,numpy,True,,shard_aware_shared_npy,single_vectors_npy,full_queries_on_each_rank,,,,4,5000,3,2560,10,2,5,0.015743041999999985,0.014280494000000019,1.3519999999989096e-05,9.719249999984303e-06,cluster_benchmark_numpy_centralized,small_random_2560d,42,False,,5,0.0025024034000000308,0.0025034569999999867,0.0024879349999999967,0.0025234470000000675,1.5030950295975779e-05,5,6.107140000000122e-05,6.0648000000051994e-05,5.461400000006389e-05,6.775999999997229e-05,5.077503008338811e-06,5,0.0022712338000000056,0.0022705969999999853,0.0022551860000000756,0.002284828000000072,1.0807364350290825e-05,5,0.0022061514000000226,0.0022018924999999967,0.002198015249999935,0.002215584000000048,8.179259694146945e-06,5,0.000219687799999968,0.0002168049999999866,0.00020450499999991045,0.0002454410000000129,1.6398134869596964e-05,5,0.00011970590000000559,0.00012181075000003427,0.00011396699999996485,0.0001237985000000219,4.320020415923834e-06,5,1198.8820247846757,1198.3429313944741,1188.8500134934159,1205.8192838639288,7.189817078727521
cosine_sensitivity_500k,20260610-124512_faiss_centralized_001r_5b44b018,/mnt/vast-standard/home/darius.heere/u27936/pchpc-project/results/cosine_sensitivity_500k/20260610-124512_faiss_centralized_001r_5b44b018,results/cosine_sensitivity_500k/20260610-124512_faiss_centralized_001r_5b44b018/benchmark_metrics.json,2026-06-10T12:45:12,c0123,configs/cosine_sensitivity_configs/cosine_sensitivity_500k_centralized.json,14211181,pchpc-bench,scc-cpu,1,1,1,1,32768,,c0123,hot_repeated_retrieval,cosine_sensitivity_500k,mpi_centralized,faiss,True,1,shard_aware_shared_npy,single_vectors_npy,full_queries_on_each_rank,,,,1,500000,1,2560,10,5,50,54.524237981,54.524237981,1.3021999400000013,1.3021999400000013,cosine_sensitivity_500k,benchmark_500k_2560d_normalized,42,True,,50,0.48594466009999965,0.4857500155000025,0.48356697899999546,0.48879440799998974,0.0011332081491026748,50,0.0001327464400004885,0.00011972699999773795,0.00011120599999969727,0.00041465599999668257,4.8244002127136386e-05,50,0.48561541090000004,0.4854307920000025,0.4832702830000031,0.4884852550000005,0.0011329752554180609,50,0.48561541090000004,0.4854307920000025,0.4832702830000031,0.4884852550000005,0.0011329752554180609,50,0.00016326583999955345,0.00015031200000237277,0.00013580699999238277,0.00033488299999362425,4.473116309676025e-05,50,0.00016326583999955345,0.00015031200000237277,0.00013580699999238277,0.00033488299999362425,4.473116309676025e-05,50,2.0578584474562405,2.0586720912649255,2.0458499189704744,2.0679658525649853,0.004793872272537405
cosine_sensitivity_500k,20260610-124707_faiss_centralized_002r_4ff427f8,/mnt/vast-standard/home/darius.heere/u27936/pchpc-project/results/cosine_sensitivity_500k/20260610-124707_faiss_centralized_002r_4ff427f8,results/cosine_sensitivity_500k/20260610-124707_faiss_centralized_002r_4ff427f8/benchmark_metrics.json,2026-06-10T12:47:07,c0123,configs/cosine_sensitivity_configs/cosine_sensitivity_500k_centralized.json,14211186,pchpc-bench,scc-cpu,1,2,2,1,32768,,c0123,hot_repeated_retrieval,cosine_sensitivity_500k,mpi_centralized,faiss,True,1,shard_aware_shared_npy,single_vectors_npy,full_queries_on_each_rank,,,,2,500000,1,2560,10,5,50,1.627511233,1.6211556655,0.6609631230000002,0.6595167774999999,cosine_sensitivity_500k,benchmark_500k_2560d_normalized,42,True,,50,0.24573669105999996,0.24569485850000028,0.24376611699999984,0.2487243010000002,0.0010227541451364448,50,0.0001362726400000014,0.00012169350000013068,0.00010988300000036588,0.0003607289999996155,4.70751170224945e-05,50,0.24534921237999982,0.24534505549999963,0.24343026499999887,0.24794400100000047,0.0009795392881192387,50,0.24396724357999985,0.24393776925,0.24196193099999874,0.2465329580000004,0.0009725013263179529,50,0.0002111262200000219,0.00019029749999965873,0.00015529400000069415,0.00045149500000007947,7.08287182997322e-05,50,0.00015698231999997425,0.0001395312499998802,0.00012057950000077255,0.0003680284999996175,6.249861988448688e-05,50,4.069465329097192,4.070089270614309,4.0205158723111625,4.1022928547530695,0.016905811731068997
cosine_sensitivity_500k,20260610-124925_faiss_centralized_004r_e8b9bae8,/mnt/vast-standard/home/darius.heere/u27936/pchpc-project/results/cosine_sensitivity_500k/20260610-124925_faiss_centralized_004r_e8b9bae8,results/cosine_sensitivity_500k/20260610-124925_faiss_centralized_004r_e8b9bae8/benchmark_metrics.json,2026-06-10T12:49:25,c0123,configs/cosine_sensitivity_configs/cosine_sensitivity_500k_centralized.json,14211187,pchpc-bench,scc-cpu,1,4,4,1,32768,,c0123,hot_repeated_retrieval,cosine_sensitivity_500k,mpi_centralized,faiss,True,1,shard_aware_shared_npy,single_vectors_npy,full_queries_on_each_rank,,,,4,500000,1,2560,10,5,50,1.274198614,1.26598095575,0.36648003900000004,0.36509473575000007,cosine_sensitivity_500k,benchmark_500k_2560d_normalized,42,True,,50,0.12597103146000002,0.1259000290000003,0.12491556199999998,0.12920402399999986,0.0007348225950775721,50,0.00013580585999997118,0.00012408349999981638,0.00011128399999993377,0.0003645240000000882,3.9782778752911535e-05,50,0.12556466786000006,0.1255158555,0.12454764499999982,0.12884436399999988,0.0007155590987778867,50,0.12462167573000003,0.12459904487500006,0.12358785250000004,0.12786777525000015,0.0006989760420382377,50,0.0010932435999999957,0.0011142079999997279,0.00048075999999985797,0.001444176999999769,0.00017728787019548453,50,0.0003777306149999871,0.000368433249999911,0.00022079024999976937,0.0005892182499998011,6.196161568127621e-05,50,7.938594794261838,7.942810074737395,7.739697023677847,8.005407684912791,0.04579300678352146
cosine_sensitivity_500k,20260610-125943_faiss_centralized_008r_50c75b58,/mnt/vast-standard/home/darius.heere/u27936/pchpc-project/results/cosine_sensitivity_500k/20260610-125943_faiss_centralized_008r_50c75b58,results/cosine_sensitivity_500k/20260610-125943_faiss_centralized_008r_50c75b58/benchmark_metrics.json,2026-06-10T12:59:43,c0123,configs/cosine_sensitivity_configs/cosine_sensitivity_500k_centralized.json,14211188,pchpc-bench,scc-cpu,1,8,8,1,32768,,c0123,hot_repeated_retrieval,cosine_sensitivity_500k,mpi_centralized,faiss,True,1,shard_aware_shared_npy,single_vectors_npy,full_queries_on_each_rank,,,,8,500000,1,2560,10,5,50,1.203255225,1.198408590625,0.2326378739999999,0.22837357399999997,cosine_sensitivity_500k,benchmark_500k_2560d_normalized,42,True,,50,0.06609674861999996,0.06597826750000002,0.06544074299999991,0.0684075850000001,0.0004922818713528416,50,0.00013273944000007808,0.0001256399999998159,0.00011528299999996605,0.00021277700000066346,1.897773234792852e-05,50,0.06566288196000002,0.06553794149999992,0.0650551290000001,0.0680245459999993,0.00047184214706972135,50,0.064929926085,0.06480592574999999,0.06436267149999986,0.06736467512499977,0.0004642368586651743,50,0.001261609940000028,0.001255074499999953,0.0010483159999994385,0.0014866189999995783,6.92063117129753e-05,50,0.0003648273374999933,0.0003555035624999425,0.00032506312499991363,0.0004996873749998354,3.614832807243042e-05,50,15.130144171720037,15.15650589251588,14.618261995362042,15.281000095001998,0.1105664411065012
cosine_sensitivity_500k,20260610-130004_faiss_centralized_016r_65add98f,/mnt/vast-standard/home/darius.heere/u27936/pchpc-project/results/cosine_sensitivity_500k/20260610-130004_faiss_centralized_016r_65add98f,results/cosine_sensitivity_500k/20260610-130004_faiss_centralized_016r_65add98f/benchmark_metrics.json,2026-06-10T13:00:04,c0123,configs/cosine_sensitivity_configs/cosine_sensitivity_500k_centralized.json,14211189,pchpc-bench,scc-cpu,1,16,16,1,32768,,c0123,hot_repeated_retrieval,cosine_sensitivity_500k,mpi_centralized,faiss,True,1,shard_aware_shared_npy,single_vectors_npy,full_queries_on_each_rank,,,,16,500000,1,2560,10,5,50,1.027724235,1.0174885644375,0.1897981350000002,0.18293198012500006,cosine_sensitivity_500k,benchmark_500k_2560d_normalized,42,True,,50,0.03750591849999995,0.03749077399999989,0.03644413999999996,0.039280951999999925,0.0005160917816758833,50,0.0001397886799999748,0.0001348775000000746,0.00012611400000039907,0.00022493300000014926,1.6590391137613623e-05,50,0.036953439680000005,0.03694478250000022,0.0359252699999999,0.038179399000000114,0.00046839479195932534,50,0.036519646612500005,0.036565904093750004,0.035487764749999956,0.03747113750000003,0.00041192307314513027,50,0.0006891394599999545,0.0006506774999996967,0.0005354259999998945,0.001994637999999771,0.00020569637052616374,50,0.0002312172012500141,0.00021540350000004427,0.00020123468750007922,0.0006799520000000114,7.010621894752164e-05,50,26.667352382358864,26.673229101683383,25.457631474919495,27.439253608399078,0.3630203943214469
cosine_sensitivity_500k,20260610-124552_faiss_centralized_032r_0ef0d764,/mnt/vast-standard/home/darius.heere/u27936/pchpc-project/results/cosine_sensitivity_500k/20260610-124552_faiss_centralized_032r_0ef0d764,results/cosine_sensitivity_500k/20260610-124552_faiss_centralized_032r_0ef0d764/benchmark_metrics.json,2026-06-10T12:45:52,c0123,configs/cosine_sensitivity_configs/cosine_sensitivity_500k_centralized.json,14211191,pchpc-bench,scc-cpu,1,32,32,1,32768,,c0123,hot_repeated_retrieval,cosine_sensitivity_500k,mpi_centralized,faiss,True,1,shard_aware_shared_npy,single_vectors_npy,full_queries_on_each_rank,,,,32,500000,1,2560,10,5,50,1.750653266,1.725599188875,0.12050688099999984,0.10612936681249995,cosine_sensitivity_500k,benchmark_500k_2560d_normalized,42,True,,50,0.02116392568000003,0.021110004999999932,0.020091656000000402,0.023348632000000258,0.0006336321845545961,50,0.00015025252000004487,0.00014794450000010784,0.0001375320000001068,0.00018749000000006788,1.0456034606042191e-05,50,0.020375853400000022,0.020340925499999996,0.019306606999999865,0.022244622000000103,0.0006072724426865891,50,0.01870518067312501,0.018668526171875012,0.018076774781249985,0.019918903656249987,0.00037682766837097634,50,0.0005914481399999527,0.0005640424999999727,0.0005182009999997739,0.0010365049999996323,9.779361806186675e-05,50,0.00013288423874999067,0.00012925524999998772,0.00012015321875000207,0.00021622418750003036,1.6095019217105582e-05,50,47.29022343768127,47.37090376776214,42.829061676932035,49.77190531233364,1.365385833423853
cosine_sensitivity_500k_per_run_queries,20260617-102801_faiss_centralized_001r_062270c9,/mnt/vast-standard/home/darius.heere/u27936/pchpc-project/results/cosine_sensitivity_500k_per_run_queries/20260617-102801_faiss_centralized_001r_062270c9,results/cosine_sensitivity_500k_per_run_queries/20260617-102801_faiss_centralized_001r_062270c9/benchmark_metrics.json,2026-06-17T10:28:01,c0421,configs/cosine_sensitivity_configs/cosine_sensitivity_500k_per_run_centralized.json,14338630,pchpc-bench,scc-cpu,1,1,1,1,32768,,c0421,hot_repeated_retrieval,cosine_sensitivity_500k_per_run_queries,mpi_centralized,faiss,True,1,shard_aware_shared_npy,single_vectors_npy,full_query_pool_on_each_rank,per_run,55,1,1,500000,1,2560,10,5,50,2.8851813199999996,2.8851813199999996,1.3423469779999997,1.3423469779999997,cosine_sensitivity_500k_per_run_queries,benchmark_500k_2560d_normalized_55q,42,True,per_run,50,0.50496421734,0.5032097044999997,0.5011245960000004,0.5210639759999989,0.004316487387892934,50,0.00013926679999997304,0.00012648999999953503,0.00010640500000036468,0.00036795800000000156,4.414864992410128e-05,50,0.5046098015,0.5028907499999997,0.5008015969999988,0.5204743789999995,0.004291596190144519,50,0.5046098015,0.5028907499999997,0.5008015969999988,0.5204743789999995,0.004291596190144519,50,0.00017792886000034258,0.00015999699999902361,0.00014425399999851152,0.0003645869999999718,5.414845107052188e-05,50,0.00017792886000034258,0.00015999699999902361,0.00014425399999851152,0.0003645869999999718,5.414845107052188e-05,50,1.9804780251659526,1.9872430744913965,1.919150135222555,1.9955117110236578,0.016675452156378837
cosine_sensitivity_500k_per_run_queries,20260617-103220_faiss_centralized_002r_1839d854,/mnt/vast-standard/home/darius.heere/u27936/pchpc-project/results/cosine_sensitivity_500k_per_run_queries/20260617-103220_faiss_centralized_002r_1839d854,results/cosine_sensitivity_500k_per_run_queries/20260617-103220_faiss_centralized_002r_1839d854/benchmark_metrics.json,2026-06-17T10:32:20,c0421,configs/cosine_sensitivity_configs/cosine_sensitivity_500k_per_run_centralized.json,14338631,pchpc-bench,scc-cpu,1,2,2,1,32768,,c0421,hot_repeated_retrieval,cosine_sensitivity_500k_per_run_queries,mpi_centralized,faiss,True,1,shard_aware_shared_npy,single_vectors_npy,full_query_pool_on_each_rank,per_run,55,1,2,500000,1,2560,10,5,50,1.8031860690000001,1.7864384050000002,0.6745419359999998,0.6663446915,cosine_sensitivity_500k_per_run_queries,benchmark_500k_2560d_normalized_55q,42,True,per_run,50,0.25494567638000004,0.25474091749999994,0.2534585689999993,0.2576153689999998,0.0010087668716640375,50,0.00013709245999969256,0.00012435899999907463,0.0001114309999996621,0.000378290999999642,4.342586393210089e-05,50,0.25455444078,0.25439153199999964,0.2528347630000001,0.2572740059999994,0.000993697065869351,50,0.25267960744,0.2525222277499999,0.2509245055,0.2551034044999998,0.0010116517354896775,50,0.00021497207999994218,0.00019052900000104955,0.00016836300000022675,0.00046656700000013984,7.466731221353005e-05,50,0.00016160209999999787,0.00014136375000028956,0.0001274550000012198,0.0003715155000003634,6.1869520163401e-05,50,3.9224642301333903,3.925557066289464,3.8817559832775377,3.9454179984737574,0.015472924470148568
cosine_sensitivity_500k_per_run_queries,20260617-103349_faiss_centralized_004r_408e932c,/mnt/vast-standard/home/darius.heere/u27936/pchpc-project/results/cosine_sensitivity_500k_per_run_queries/20260617-103349_faiss_centralized_004r_408e932c,results/cosine_sensitivity_500k_per_run_queries/20260617-103349_faiss_centralized_004r_408e932c/benchmark_metrics.json,2026-06-17T10:33:49,c0421,configs/cosine_sensitivity_configs/cosine_sensitivity_500k_per_run_centralized.json,14338632,pchpc-bench,scc-cpu,1,4,4,1,32768,,c0421,hot_repeated_retrieval,cosine_sensitivity_500k_per_run_queries,mpi_centralized,faiss,True,1,shard_aware_shared_npy,single_vectors_npy,full_query_pool_on_each_rank,per_run,55,1,4,500000,1,2560,10,5,50,1.362057373,1.357812145,0.36836703700000006,0.361639584,cosine_sensitivity_500k_per_run_queries,benchmark_500k_2560d_normalized_55q,42,True,per_run,50,0.12863562965999994,0.12869074550000015,0.12740102799999953,0.1300966379999995,0.0005025731767245104,50,0.00013314678000000412,0.00012627900000028447,0.00011617100000016478,0.00022917300000013796,2.3053295417478086e-05,50,0.1282414889,0.12831673900000018,0.12703520200000007,0.12948537100000035,0.00046587717653350777,50,0.12681516725,0.12690575237500035,0.1253562397500001,0.12782225549999993,0.00047087205040034,50,0.000883661540000098,0.0008621715000001196,0.0003480520000005427,0.0022494160000006147,0.000336597359823309,50,0.00031867053500004514,0.00030571050000005595,0.00017308024999973526,0.0007080245000001817,9.035222379628676e-05,50,7.774012105954738,7.770566532430234,7.68659371505053,7.849230227561458,0.03033896191673328
cosine_sensitivity_500k_per_run_queries,20260617-103513_faiss_centralized_008r_1cf467f9,/mnt/vast-standard/home/darius.heere/u27936/pchpc-project/results/cosine_sensitivity_500k_per_run_queries/20260617-103513_faiss_centralized_008r_1cf467f9,results/cosine_sensitivity_500k_per_run_queries/20260617-103513_faiss_centralized_008r_1cf467f9/benchmark_metrics.json,2026-06-17T10:35:13,c0421,configs/cosine_sensitivity_configs/cosine_sensitivity_500k_per_run_centralized.json,14338633,pchpc-bench,scc-cpu,1,8,8,1,32768,,c0421,hot_repeated_retrieval,cosine_sensitivity_500k_per_run_queries,mpi_centralized,faiss,True,1,shard_aware_shared_npy,single_vectors_npy,full_query_pool_on_each_rank,per_run,55,1,8,500000,1,2560,10,5,50,1.2523430589999998,1.2456602453749999,0.22214831599999996,0.21916243987499995,cosine_sensitivity_500k_per_run_queries,benchmark_500k_2560d_normalized_55q,42,True,per_run,50,0.06737649812000006,0.06734028999999975,0.06631203400000008,0.06865187400000039,0.0005194881362000167,50,0.00012674944000004907,0.00012240450000011727,0.00011174199999963719,0.00019002500000020461,1.546588968540821e-05,50,0.06692941847999995,0.06692925449999998,0.0658787059999999,0.06805442399999961,0.0005080059752689465,50,0.06596869640749999,0.06605981531250002,0.06481600687500005,0.06737583137500003,0.0006199580409711762,50,0.000549547820000047,0.0005327065000000353,0.0003697500000003906,0.0012668900000001315,0.00015467053089207825,50,0.00020118341250002891,0.00018745468749994942,0.0001591224999999974,0.00046235674999994814,4.9117871054379414e-05,50,14.842832720686163,14.849950987390478,14.566244761213573,15.08021907456494,0.11411159895110541
cosine_sensitivity_500k_per_run_queries,20260617-103558_faiss_centralized_016r_9b4abf91,/mnt/vast-standard/home/darius.heere/u27936/pchpc-project/results/cosine_sensitivity_500k_per_run_queries/20260617-103558_faiss_centralized_016r_9b4abf91,results/cosine_sensitivity_500k_per_run_queries/20260617-103558_faiss_centralized_016r_9b4abf91/benchmark_metrics.json,2026-06-17T10:35:58,c0421,configs/cosine_sensitivity_configs/cosine_sensitivity_500k_per_run_centralized.json,14338634,pchpc-bench,scc-cpu,1,16,16,1,32768,,c0421,hot_repeated_retrieval,cosine_sensitivity_500k_per_run_queries,mpi_centralized,faiss,True,1,shard_aware_shared_npy,single_vectors_npy,full_query_pool_on_each_rank,per_run,55,1,16,500000,1,2560,10,5,50,1.097431459,1.0887195736875,0.16304352600000005,0.1582444729375,cosine_sensitivity_500k_per_run_queries,benchmark_500k_2560d_normalized_55q,42,True,per_run,50,0.03735458620000002,0.03739379150000022,0.03662459600000023,0.03865771800000006,0.00039342960815394495,50,0.00014332997999998653,0.00013679650000009147,0.00012926499999998953,0.00022932999999980552,2.0124396547144333e-05,50,0.03676367802000002,0.03682908549999997,0.036059739999999785,0.037653247999999806,0.00035501342777021866,50,0.036285045936249996,0.03639619771874998,0.03560868881249998,0.036791392624999975,0.00031336446013861694,50,0.000724210439999986,0.0006706619999998775,0.0005321969999996234,0.001941584999999968,0.0002450818335290296,50,0.0002197065712500007,0.0002010190312500132,0.00015381268749997679,0.0006453022500000072,7.954474300073507e-05,50,26.773372616442863,26.742407850952894,25.868055636393187,27.3040554495125,0.28082145781050516
cosine_sensitivity_500k_per_run_queries,20260617-103647_faiss_centralized_032r_c3a7e064,/mnt/vast-standard/home/darius.heere/u27936/pchpc-project/results/cosine_sensitivity_500k_per_run_queries/20260617-103647_faiss_centralized_032r_c3a7e064,results/cosine_sensitivity_500k_per_run_queries/20260617-103647_faiss_centralized_032r_c3a7e064/benchmark_metrics.json,2026-06-17T10:36:47,c0421,configs/cosine_sensitivity_configs/cosine_sensitivity_500k_per_run_centralized.json,14338635,pchpc-bench,scc-cpu,1,32,32,1,32768,,c0421,hot_repeated_retrieval,cosine_sensitivity_500k_per_run_queries,mpi_centralized,faiss,True,1,shard_aware_shared_npy,single_vectors_npy,full_query_pool_on_each_rank,per_run,55,1,32,500000,1,2560,10,5,50,1.013355914,1.00277531265625,0.14897148199999988,0.14595178056249997,cosine_sensitivity_500k_per_run_queries,benchmark_500k_2560d_normalized_55q,42,True,per_run,50,0.025584115119999994,0.025577753000000092,0.024292599000000248,0.026769679999999685,0.0007496121572978156,50,0.0001559136399999872,0.00015343849999993608,0.00014050700000023397,0.0001805770000000706,9.575271251600089e-06,50,0.024745558959999955,0.024714820999999887,0.023433535999999755,0.025946880999999866,0.0007529567488043995,50,0.02449500588375,0.024504841968750003,0.023187746750000002,0.025697015156250017,0.0007483275654316933,50,0.0005754996399999702,0.0005670564999999961,0.0005327269999999551,0.0007325879999999785,4.090457269324609e-05,50,0.00013044637687500193,0.00012833695312500226,0.00011857790625005582,0.00019285275000001378,1.2233154276824734e-05,50,39.119806496336246,39.09685455102252,37.35569495040702,41.16480085148525,1.1515225340000539
final_backend_comparison_500k_per_run_queries,20260617-122218_faiss_centralized_001r_eb130d54,/mnt/vast-standard/home/darius.heere/u27936/pchpc-project/results/final_backend_comparison_500k_per_run_queries/20260617-122218_faiss_centralized_001r_eb130d54,results/final_backend_comparison_500k_per_run_queries/20260617-122218_faiss_centralized_001r_eb130d54/benchmark_metrics.json,2026-06-17T12:22:18,c0421,configs/backend_comparison_configs/final_backend_comparison_500k_per_run_faiss_centralized.json,14339858,pchpc-bench,scc-cpu,1,1,1,1,32768,,c0421,hot_repeated_retrieval,final_backend_comparison_500k_per_run_queries,mpi_centralized,faiss,True,1,shard_aware_shared_npy,single_vectors_npy,full_query_pool_on_each_rank,per_run,55,1,1,500000,1,2560,10,5,50,2.864250235,2.864250235,1.279923298,1.279923298,final_backend_comparison_500k_per_run_queries,benchmark_500k_2560d_55q,42,False,per_run,50,0.5048942666399995,0.504432446,0.5027227620000012,0.5089684080000012,0.0016282196838912427,50,0.00013985864000002124,0.00012501099999973064,0.00011521500000100104,0.0003654669999999527,4.3529639543373165e-05,50,0.5045352464599999,0.5040857069999989,0.5024154769999996,0.5086527109999999,0.001629725824879766,50,0.5045352464599999,0.5040857069999989,0.5024154769999996,0.5086527109999999,0.001629725824879766,50,0.00018202945999998832,0.00016428049999817063,0.00015301499999864632,0.0003621410000000935,5.190283488021149e-05,50,0.00018202945999998832,0.00016428049999817063,0.00015301499999864632,0.0003621410000000935,5.190283488021149e-05,50,1.9806328423631592,1.982426007774583,1.9647584885072034,1.9891679382522123,0.006371349345036877
final_backend_comparison_500k_per_run_queries,20260617-122307_faiss_centralized_002r_c591533d,/mnt/vast-standard/home/darius.heere/u27936/pchpc-project/results/final_backend_comparison_500k_per_run_queries/20260617-122307_faiss_centralized_002r_c591533d,results/final_backend_comparison_500k_per_run_queries/20260617-122307_faiss_centralized_002r_c591533d/benchmark_metrics.json,2026-06-17T12:23:07,c0421,configs/backend_comparison_configs/final_backend_comparison_500k_per_run_faiss_centralized.json,14339859,pchpc-bench,scc-cpu,1,2,2,1,32768,,c0421,hot_repeated_retrieval,final_backend_comparison_500k_per_run_queries,mpi_centralized,faiss,True,1,shard_aware_shared_npy,single_vectors_npy,full_query_pool_on_each_rank,per_run,55,1,2,500000,1,2560,10,5,50,1.5181084470000001,1.501661115,0.6727890539999999,0.6666872329999999,final_backend_comparison_500k_per_run_queries,benchmark_500k_2560d_55q,42,False,per_run,50,0.25463915607999993,0.254516851,0.2531944939999997,0.2576466839999991,0.0010307288958200734,50,0.00013988655999986222,0.00012748599999978794,0.00011287000000059777,0.00036352399999994844,4.2044671463276046e-05,50,0.25424111458000004,0.2541395755,0.25281639000000045,0.2572680819999995,0.0010013463228219176,50,0.25227220118000016,0.2521433900000005,0.2508054494999996,0.25506609800000035,0.000983261448204849,50,0.00022680607999996382,0.00019890350000029144,0.00017116899999969348,0.0004786909999996425,7.711866985409543e-05,50,0.00016358661999992918,0.00014712824999985052,0.00012844549999968535,0.00028200199999961484,4.374803733845505e-05,50,3.927188559239223,3.9290129366184203,3.881284185283764,3.949532962592785,0.015820705299197012
final_backend_comparison_500k_per_run_queries,20260617-122414_faiss_centralized_004r_9479e8a4,/mnt/vast-standard/home/darius.heere/u27936/pchpc-project/results/final_backend_comparison_500k_per_run_queries/20260617-122414_faiss_centralized_004r_9479e8a4,results/final_backend_comparison_500k_per_run_queries/20260617-122414_faiss_centralized_004r_9479e8a4/benchmark_metrics.json,2026-06-17T12:24:14,c0421,configs/backend_comparison_configs/final_backend_comparison_500k_per_run_faiss_centralized.json,14339860,pchpc-bench,scc-cpu,1,4,4,1,32768,,c0421,hot_repeated_retrieval,final_backend_comparison_500k_per_run_queries,mpi_centralized,faiss,True,1,shard_aware_shared_npy,single_vectors_npy,full_query_pool_on_each_rank,per_run,55,1,4,500000,1,2560,10,5,50,1.137451543,1.13181063425,0.36604385100000014,0.3636476470000001,final_backend_comparison_500k_per_run_queries,benchmark_500k_2560d_55q,42,False,per_run,50,0.12960979260000005,0.12953099649999977,0.12783625600000015,0.13133484000000006,0.0006938689805754634,50,0.00013407970000007375,0.00011884299999964654,0.00010531900000110284,0.0004088449999999355,4.7759712269743404e-05,50,0.1292062524600001,0.12918173399999988,0.1274941829999996,0.1305075040000001,0.0006368312263990508,50,0.12799047291000004,0.12805085775000025,0.1264747057500002,0.12910534775000015,0.0006403677471911715,50,0.00041936445999995797,0.00031280399999999986,0.0001767659999991622,0.0025763040000001958,0.00040641365879838916,50,0.00020042805000000774,0.00017234099999996477,0.00010828899999992814,0.0008714472500001014,0.00013197353409506404,50,7.715682940868121,7.7201598669101426,7.614125848099404,7.8225069420055515,0.04127517099826227
final_backend_comparison_500k_per_run_queries,20260617-122501_faiss_centralized_008r_8fa8cd9f,/mnt/vast-standard/home/darius.heere/u27936/pchpc-project/results/final_backend_comparison_500k_per_run_queries/20260617-122501_faiss_centralized_008r_8fa8cd9f,results/final_backend_comparison_500k_per_run_queries/20260617-122501_faiss_centralized_008r_8fa8cd9f/benchmark_metrics.json,2026-06-17T12:25:01,c0421,configs/backend_comparison_configs/final_backend_comparison_500k_per_run_faiss_centralized.json,14339861,pchpc-bench,scc-cpu,1,8,8,1,32768,,c0421,hot_repeated_retrieval,final_backend_comparison_500k_per_run_queries,mpi_centralized,faiss,True,1,shard_aware_shared_npy,single_vectors_npy,full_query_pool_on_each_rank,per_run,55,1,8,500000,1,2560,10,5,50,0.9825707970000002,0.979069549625,0.22789944099999992,0.22286036437499998,final_backend_comparison_500k_per_run_queries,benchmark_500k_2560d_55q,42,False,per_run,50,0.06731016879999999,0.06727795500000022,0.0662084329999999,0.06897870299999997,0.000558635951732184,50,0.00013338533999999848,0.00012762749999994938,0.00011968399999995327,0.0002028059999998888,1.7348663823876077e-05,50,0.06685537073999999,0.06682892200000001,0.0657666490000004,0.06827098800000009,0.0005242810373927546,50,0.0657061584,0.06574426043749995,0.06459275050000024,0.06727165775000005,0.0005519970796396314,50,0.0008447890800000036,0.0008097919999998648,0.0004247639999999109,0.001597867000000086,0.00019619037333476068,50,0.0002602704625000063,0.00024694231249997034,0.00019857874999995584,0.000447950625000082,4.895178550827746e-05,50,14.8575962294987,14.863709941464863,14.497228224195522,15.103816155866452,0.12295814662310098
final_backend_comparison_500k_per_run_queries,20260617-122617_faiss_centralized_016r_bd243dc5,/mnt/vast-standard/home/darius.heere/u27936/pchpc-project/results/final_backend_comparison_500k_per_run_queries/20260617-122617_faiss_centralized_016r_bd243dc5,results/final_backend_comparison_500k_per_run_queries/20260617-122617_faiss_centralized_016r_bd243dc5/benchmark_metrics.json,2026-06-17T12:26:17,c0421,configs/backend_comparison_configs/final_backend_comparison_500k_per_run_faiss_centralized.json,14339862,pchpc-bench,scc-cpu,1,16,16,1,32768,,c0421,hot_repeated_retrieval,final_backend_comparison_500k_per_run_queries,mpi_centralized,faiss,True,1,shard_aware_shared_npy,single_vectors_npy,full_query_pool_on_each_rank,per_run,55,1,16,500000,1,2560,10,5,50,0.881627251,0.8762303257499999,0.15785888100000012,0.15475548700000002,final_backend_comparison_500k_per_run_queries,benchmark_500k_2560d_55q,42,False,per_run,50,0.03708340736000002,0.037093855500000106,0.03636978599999985,0.038225399000000104,0.000386678939992607,50,0.00014659150000002175,0.00014046399999978476,0.00012983000000010847,0.00024136900000026884,2.0587750661910843e-05,50,0.03646226287999999,0.0365243085000001,0.03580139099999968,0.03731281699999989,0.0003207319642858201,50,0.03596542774125,0.03604074903124997,0.035020605812499994,0.03655826068749997,0.0003448907222741015,50,0.0006614109200000362,0.0005451300000001158,0.00042512399999994344,0.0018145500000001924,0.0003132904449565904,50,0.00023039935124999773,0.00020172243749999597,0.00016905150000004476,0.0005525767500000195,8.366869591393395e-05,50,26.969098044310115,26.95864350617193,26.16061640062926,27.49535012386392,0.2798961929929447
final_backend_comparison_500k_per_run_queries,20260617-122814_faiss_centralized_032r_276b5da5,/mnt/vast-standard/home/darius.heere/u27936/pchpc-project/results/final_backend_comparison_500k_per_run_queries/20260617-122814_faiss_centralized_032r_276b5da5,results/final_backend_comparison_500k_per_run_queries/20260617-122814_faiss_centralized_032r_276b5da5/benchmark_metrics.json,2026-06-17T12:28:14,c0421,configs/backend_comparison_configs/final_backend_comparison_500k_per_run_faiss_centralized.json,14339863,pchpc-bench,scc-cpu,1,32,32,1,32768,,c0421,hot_repeated_retrieval,final_backend_comparison_500k_per_run_queries,mpi_centralized,faiss,True,1,shard_aware_shared_npy,single_vectors_npy,full_query_pool_on_each_rank,per_run,55,1,32,500000,1,2560,10,5,50,1.010238712,0.9979471930625,0.1367618530000001,0.1283210995,final_backend_comparison_500k_per_run_queries,benchmark_500k_2560d_55q,42,False,per_run,50,0.02569590921999997,0.02526100600000003,0.023715279999999783,0.027389220999999964,0.0010418885838574998,50,0.00015563647999996988,0.0001519629999999772,0.00012609700000032475,0.00023556199999985594,1.606063895370104e-05,50,0.024867947280000014,0.024399645999999997,0.022912783999999853,0.026600251000000075,0.0010284635333266017,50,0.024660482673750008,0.02420617710937502,0.022723584343749992,0.02645184840625002,0.0010150950188407006,50,0.0005719424199999956,0.0005459254999999885,0.0005144389999998111,0.0012773740000002753,0.00010946112843961009,50,0.000126307743124999,0.00012270846874998936,0.00011062378124995775,0.000280332218750054,2.363353333766905e-05,50,38.97891651015819,39.586935840402724,36.51071346644,42.16690673692274,1.5664914708198716
final_backend_comparison_500k_per_run_queries,20260617-120252_numpy_centralized_001r_ba0d47c8,/mnt/vast-standard/home/darius.heere/u27936/pchpc-project/results/final_backend_comparison_500k_per_run_queries/20260617-120252_numpy_centralized_001r_ba0d47c8,results/final_backend_comparison_500k_per_run_queries/20260617-120252_numpy_centralized_001r_ba0d47c8/benchmark_metrics.json,2026-06-17T12:02:52,c0421,configs/backend_comparison_configs/final_backend_comparison_500k_per_run_numpy_centralized.json,14339682,pchpc-bench,scc-cpu,1,1,1,1,32768,,c0421,hot_repeated_retrieval,final_backend_comparison_500k_per_run_queries,mpi_centralized,numpy,True,1,shard_aware_shared_npy,single_vectors_npy,full_query_pool_on_each_rank,per_run,55,1,1,500000,1,2560,10,5,50,2.844481382,2.844481382,2.452900000005087e-05,2.452900000005087e-05,final_backend_comparison_500k_per_run_queries,benchmark_500k_2560d_55q,42,False,per_run,50,0.33990520724000006,0.34019644450000097,0.33690349899999816,0.34315047400000154,0.001725313912110326,50,5.890724000000347e-05,5.596300000032528e-05,5.035599999914098e-05,9.316000000048064e-05,9.059893544752911e-06,50,0.33967276606,0.33997876350000134,0.33670182300000207,0.34292903900000127,0.001711190196749156,50,0.33967276606,0.33997876350000134,0.33670182300000207,0.34292903900000127,0.001711190196749156,50,0.0001491503200001709,0.00014021450000001323,0.00012379100000003973,0.000266996999999769,3.061123282182726e-05,50,0.0001491503200001709,0.00014021450000001323,0.00012379100000003973,0.000266996999999769,3.061123282182726e-05,50,2.942071030486503,2.9394781069544043,2.9141734480016934,2.968209006342215,0.01494179455393508
final_backend_comparison_500k_per_run_queries,20260617-120351_numpy_centralized_002r_18dc7764,/mnt/vast-standard/home/darius.heere/u27936/pchpc-project/results/final_backend_comparison_500k_per_run_queries/20260617-120351_numpy_centralized_002r_18dc7764,results/final_backend_comparison_500k_per_run_queries/20260617-120351_numpy_centralized_002r_18dc7764/benchmark_metrics.json,2026-06-17T12:03:51,c0421,configs/backend_comparison_configs/final_backend_comparison_500k_per_run_numpy_centralized.json,14339683,pchpc-bench,scc-cpu,1,2,2,1,32768,,c0421,hot_repeated_retrieval,final_backend_comparison_500k_per_run_queries,mpi_centralized,numpy,True,1,shard_aware_shared_npy,single_vectors_npy,full_query_pool_on_each_rank,per_run,55,1,2,500000,1,2560,10,5,50,1.514165669,1.5020864820000002,1.8053000000239905e-05,1.355650000012254e-05,final_backend_comparison_500k_per_run_queries,benchmark_500k_2560d_55q,42,False,per_run,50,0.17383436070000016,0.1740417530000009,0.1707662459999999,0.17996733500000062,0.002128373697702878,50,6.453896000004456e-05,6.112300000005177e-05,5.5142999999979736e-05,0.00010157100000007802,9.931038024515242e-06,50,0.17355369410000004,0.17377759850000007,0.17049607499999997,0.17970546699999979,0.0021178768512240434,50,0.17124339321999998,0.1713200992499999,0.16866285749999999,0.1770190359999999,0.0017363321967282337,50,0.0001906786400000904,0.00017242799999994673,0.000149921999999858,0.0003668169999997417,5.454874825950777e-05,50,0.00014870562000012465,0.00013690200000016084,0.00012389500000020703,0.0002368974999997775,3.195785585565542e-05,50,5.753442769538659,5.7457487047695635,5.556563917557575,5.855958208509196,0.07002671237260659
final_backend_comparison_500k_per_run_queries,20260617-120547_numpy_centralized_004r_0a4b0583,/mnt/vast-standard/home/darius.heere/u27936/pchpc-project/results/final_backend_comparison_500k_per_run_queries/20260617-120547_numpy_centralized_004r_0a4b0583,results/final_backend_comparison_500k_per_run_queries/20260617-120547_numpy_centralized_004r_0a4b0583/benchmark_metrics.json,2026-06-17T12:05:47,c0421,configs/backend_comparison_configs/final_backend_comparison_500k_per_run_numpy_centralized.json,14339684,pchpc-bench,scc-cpu,1,4,4,1,32768,,c0421,hot_repeated_retrieval,final_backend_comparison_500k_per_run_queries,mpi_centralized,numpy,True,1,shard_aware_shared_npy,single_vectors_npy,full_query_pool_on_each_rank,per_run,55,1,4,500000,1,2560,10,5,50,1.145888522,1.13677625575,1.5501000000028853e-05,1.1693500000076185e-05,final_backend_comparison_500k_per_run_queries,benchmark_500k_2560d_55q,42,False,per_run,50,0.08803270374000005,0.08781106150000006,0.08650744799999988,0.09022102999999948,0.000865808498171122,50,6.706328000001705e-05,6.588500000015429e-05,5.8440000000103964e-05,8.611800000046799e-05,5.564369025736508e-06,50,0.08773272108,0.08751756900000007,0.08622819800000014,0.08991931999999991,0.000864508581790538,50,0.08645071089,0.08640048587500004,0.08492195899999999,0.08840058075000012,0.000800831018559086,50,0.0017233592599999704,0.0017204239999997206,0.000914558999999926,0.0027121159999996536,0.00032923841569902726,50,0.00052708333,0.0005221626250002664,0.00031783724999989715,0.0008509219999999207,9.510595888179145e-05,50,11.360486374060285,11.38808691783337,11.083890308057953,11.559698304821122,0.11118071458781482
final_backend_comparison_500k_per_run_queries,20260617-121102_numpy_centralized_008r_f22ba631,/mnt/vast-standard/home/darius.heere/u27936/pchpc-project/results/final_backend_comparison_500k_per_run_queries/20260617-121102_numpy_centralized_008r_f22ba631,results/final_backend_comparison_500k_per_run_queries/20260617-121102_numpy_centralized_008r_f22ba631/benchmark_metrics.json,2026-06-17T12:11:02,c0421,configs/backend_comparison_configs/final_backend_comparison_500k_per_run_numpy_centralized.json,14339685,pchpc-bench,scc-cpu,1,8,8,1,32768,,c0421,hot_repeated_retrieval,final_backend_comparison_500k_per_run_queries,mpi_centralized,numpy,True,1,shard_aware_shared_npy,single_vectors_npy,full_query_pool_on_each_rank,per_run,55,1,8,500000,1,2560,10,5,50,0.993709741,0.988870356875,1.3346999999885867e-05,9.988124999943393e-06,final_backend_comparison_500k_per_run_queries,benchmark_500k_2560d_55q,42,False,per_run,50,0.04727665915999997,0.04731088899999991,0.04639861599999984,0.048534500999999786,0.000458620237007226,50,7.769898000000275e-05,7.003350000012176e-05,6.377600000018191e-05,0.0003717459999998951,4.2987123025124525e-05,50,0.046893831379999945,0.046954871499999884,0.046010722999999754,0.047887865999999946,0.00043904045201960195,50,0.04577901769499999,0.04585612331249994,0.044718886999999985,0.04673850475000002,0.0004564123716309849,50,0.0011996665000000427,0.001154888000000187,0.0009597600000001982,0.002227018000000136,0.0002309407255813864,50,0.00039088573999999823,0.0003819464374999748,0.0002776844999999306,0.000659058875000007,5.7219827125418174e-05,50,21.154031922836,21.13678312222347,20.60389989380965,21.552366993015557,0.20461949866941243
final_backend_comparison_500k_per_run_queries,20260617-121236_numpy_centralized_016r_71bf49ec,/mnt/vast-standard/home/darius.heere/u27936/pchpc-project/results/final_backend_comparison_500k_per_run_queries/20260617-121236_numpy_centralized_016r_71bf49ec,results/final_backend_comparison_500k_per_run_queries/20260617-121236_numpy_centralized_016r_71bf49ec/benchmark_metrics.json,2026-06-17T12:12:36,c0421,configs/backend_comparison_configs/final_backend_comparison_500k_per_run_numpy_centralized.json,14339686,pchpc-bench,scc-cpu,1,16,16,1,32768,,c0421,hot_repeated_retrieval,final_backend_comparison_500k_per_run_queries,mpi_centralized,numpy,True,1,shard_aware_shared_npy,single_vectors_npy,full_query_pool_on_each_rank,per_run,55,1,16,500000,1,2560,10,5,50,0.882629053,0.8790679924375,1.786100000011892e-05,1.0922437500004989e-05,final_backend_comparison_500k_per_run_queries,benchmark_500k_2560d_55q,42,False,per_run,50,0.029124051240000014,0.029076259499999813,0.028236589000000034,0.03035390299999996,0.00043928441099029,50,8.515223999998156e-05,7.789550000003587e-05,7.076099999991925e-05,0.000349227000000063,3.9591456198296445e-05,50,0.028605893760000015,0.02857920199999997,0.02774145700000008,0.02962328000000003,0.0004190687096701626,50,0.028102953860000005,0.028073446125000054,0.027261591750000008,0.02912748650000002,0.0004002029167668264,50,0.0005958721800000122,0.0005624054999999739,0.0005019919999997846,0.0014002300000002244,0.00016622289902978776,50,0.00020888699999999205,0.00019953503124997551,0.00017852493749997977,0.0005234392500000351,5.215618986704219e-05,50,34.3434766031573,34.39231941420564,32.94469248320393,35.41504251806048,0.5139072135778859
final_backend_comparison_500k_per_run_queries,20260617-121328_numpy_centralized_032r_4692e36e,/mnt/vast-standard/home/darius.heere/u27936/pchpc-project/results/final_backend_comparison_500k_per_run_queries/20260617-121328_numpy_centralized_032r_4692e36e,results/final_backend_comparison_500k_per_run_queries/20260617-121328_numpy_centralized_032r_4692e36e/benchmark_metrics.json,2026-06-17T12:13:28,c0421,configs/backend_comparison_configs/final_backend_comparison_500k_per_run_numpy_centralized.json,14339687,pchpc-bench,scc-cpu,1,32,32,1,32768,,c0421,hot_repeated_retrieval,final_backend_comparison_500k_per_run_queries,mpi_centralized,numpy,True,1,shard_aware_shared_npy,single_vectors_npy,full_query_pool_on_each_rank,per_run,55,1,32,500000,1,2560,10,5,50,0.9918773059999999,0.9713575746875,3.262599999986904e-05,2.0279281249986625e-05,final_backend_comparison_500k_per_run_queries,benchmark_500k_2560d_55q,42,False,per_run,50,0.023709194660000016,0.023719884500000177,0.02285138600000014,0.02455559400000018,0.0004050132646816457,50,9.747696000002915e-05,9.538000000008928e-05,9.019200000004446e-05,0.00011999999999989797,5.6238447265671115e-06,50,0.022959156539999966,0.022964188000000108,0.02213904599999994,0.02379895799999998,0.0003914475320913776,50,0.022624326446874992,0.022673354187499994,0.021844516437500017,0.02349178153125002,0.0003654377908459115,50,0.0005819582000000035,0.0005378420000001771,0.0004897930000002937,0.0013307959999999674,0.00017904450081804594,50,0.0001471331093749978,0.0001428247500000132,0.00013459656249999175,0.00025319459375000575,2.2649786743165566e-05,50,42.1898453690205,42.158725871641686,40.7239181426437,43.76102176034285,0.7239023386258606
final_hot_latency_500k,20260602-213301_faiss_centralized_001r_348e0e96,/mnt/vast-standard/home/darius.heere/u27936/pchpc-project/results/final_hot_latency_500k/20260602-213301_faiss_centralized_001r_348e0e96,results/final_hot_latency_500k/20260602-213301_faiss_centralized_001r_348e0e96/benchmark_metrics.json,2026-06-02T21:33:01,c0125,configs/final_hot_latency_500k_centralized.json,14059515,pchpc-bench,scc-cpu,1,1,1,1,32768,,c0125,hot_repeated_retrieval,final_hot_latency_500k,mpi_centralized,faiss,True,1,shard_aware_shared_npy,single_vectors_npy,full_queries_on_each_rank,,,,1,500000,1,2560,10,5,50,47.194706402,47.194706402,1.3582419450000032,1.3582419450000032,final_hot_latency_500k,benchmark_500k_2560d,42,False,,50,0.48280237355999955,0.4825520590000032,0.47973982500001,0.48654162100000065,0.0016725843234716117,50,0.00012433304000055044,0.00011085449999725938,0.00010385800000278778,0.0003678349999987063,4.3842399691270686e-05,50,0.48249986014000085,0.48227639899999986,0.4794688340000022,0.48625086700000253,0.001654936772260796,50,0.48249986014000085,0.48227639899999986,0.4794688340000022,0.48625086700000253,0.001654936772260796,50,0.00014633339999917894,0.00013214999999888732,0.00011816199999259425,0.00034654200000261426,4.814594769617928e-05,50,0.00014633339999917894,0.00013214999999888732,0.00011816199999259425,0.00034654200000261426,4.814594769617928e-05,50,2.0712651688185617,2.072315299426747,2.055322621618015,2.0844631775149773,0.007162240518322486
final_hot_latency_500k,20260602-213902_faiss_centralized_002r_5aac9673,/mnt/vast-standard/home/darius.heere/u27936/pchpc-project/results/final_hot_latency_500k/20260602-213902_faiss_centralized_002r_5aac9673,results/final_hot_latency_500k/20260602-213902_faiss_centralized_002r_5aac9673/benchmark_metrics.json,2026-06-02T21:39:02,c0125,configs/final_hot_latency_500k_centralized.json,14059561,pchpc-bench,scc-cpu,1,2,2,1,32768,,c0125,hot_repeated_retrieval,final_hot_latency_500k,mpi_centralized,faiss,True,1,shard_aware_shared_npy,single_vectors_npy,full_queries_on_each_rank,,,,2,500000,1,2560,10,5,50,14.250689394,13.782597922499999,0.6719876329999988,0.6699689509999995,final_hot_latency_500k,benchmark_500k_2560d,42,False,,50,0.2420476609200002,0.24202442550000036,0.24104813699999994,0.24333287099999978,0.0004962495517858508,50,0.00011643270000000428,0.00010661849999848982,9.162400000306548e-05,0.0004879229999978918,5.575092950902565e-05,50,0.24172541816000012,0.24172924049999978,0.24073832999999922,0.24261705300000003,0.00044660791693494167,50,0.24135584298999999,0.2413729775000002,0.2403917154999995,0.24238000150000083,0.0004512974328348662,50,0.0009027829400005061,0.000900277999999588,0.00017301500000144188,0.0014179600000012726,0.0002447161232888742,50,0.0004992693000001225,0.0004892632499995386,0.00015626800000134722,0.0008444185000016091,0.0001340034347343619,50,4.131434739607957,4.131814390478905,4.1095968493299075,4.148548968042845,0.008461384840083843
final_hot_latency_500k,20260602-214348_faiss_centralized_004r_8fc2f6b5,/mnt/vast-standard/home/darius.heere/u27936/pchpc-project/results/final_hot_latency_500k/20260602-214348_faiss_centralized_004r_8fc2f6b5,results/final_hot_latency_500k/20260602-214348_faiss_centralized_004r_8fc2f6b5/benchmark_metrics.json,2026-06-02T21:43:48,c0125,configs/final_hot_latency_500k_centralized.json,14059611,pchpc-bench,scc-cpu,1,4,4,1,32768,,c0125,hot_repeated_retrieval,final_hot_latency_500k,mpi_centralized,faiss,True,1,shard_aware_shared_npy,single_vectors_npy,full_queries_on_each_rank,,,,4,500000,1,2560,10,5,50,1.6109767689999999,1.5987562855,0.36396510299999996,0.3621817999999999,final_hot_latency_500k,benchmark_500k_2560d,42,False,,50,0.12395135343999995,0.12379018449999979,0.12356435899999951,0.1273124680000004,0.0005803651360374365,50,0.00011851794000007132,0.00011252849999987546,0.00010194800000018489,0.0002255050000004033,2.4396271164107442e-05,50,0.1236316863,0.12348888150000015,0.12327859599999957,0.12690720800000044,0.0005358021278089254,50,0.12307438412499996,0.12300984299999995,0.12280881524999976,0.12586817125000005,0.0004254497926299609,50,0.0007071571000000886,0.000658434500000471,0.0002366699999996058,0.00167033399999994,0.00027553175716571676,50,0.00024913468999999245,0.00023699637499996484,0.00014072824999988853,0.0005227489999999335,7.672911214703994e-05,50,8.067851098961887,8.078184949046857,7.854690241335962,8.092948549994128,0.03703518214411134
final_hot_latency_500k,20260602-214805_faiss_centralized_008r_9120e6b7,/mnt/vast-standard/home/darius.heere/u27936/pchpc-project/results/final_hot_latency_500k/20260602-214805_faiss_centralized_008r_9120e6b7,results/final_hot_latency_500k/20260602-214805_faiss_centralized_008r_9120e6b7/benchmark_metrics.json,2026-06-02T21:48:05,c0125,configs/final_hot_latency_500k_centralized.json,14059652,pchpc-bench,scc-cpu,1,8,8,1,32768,,c0125,hot_repeated_retrieval,final_hot_latency_500k,mpi_centralized,faiss,True,1,shard_aware_shared_npy,single_vectors_npy,full_queries_on_each_rank,,,,8,500000,1,2560,10,5,50,1.048754749,1.045901097375,0.227731562,0.2261363345,final_hot_latency_500k,benchmark_500k_2560d,42,False,,50,0.06493163340000001,0.06480889650000021,0.06459681099999948,0.06586117300000005,0.00028302995212330106,50,0.0001225495400000387,0.00011839750000031124,0.00010813700000023019,0.0001954160000003924,1.534259878372431e-05,50,0.06453732944000001,0.06444393149999983,0.06425914400000021,0.06520111499999981,0.0002353603347029196,50,0.06418744314250001,0.06411801143750012,0.06396421824999998,0.06477791000000005,0.00018448316817401138,50,0.0006739622599999251,0.000665601499999946,0.0005520019999996073,0.0009626469999997056,8.08404679415709e-05,50,0.000203091717499998,0.0001949986874999754,0.00016051012500006845,0.0003750981250000285,4.0055730107907646e-05,50,15.401098723399668,15.429980434485998,15.183452623900264,15.480640367835003,0.06668545911638248
final_hot_latency_500k,20260602-215308_faiss_centralized_016r_0435bcf4,/mnt/vast-standard/home/darius.heere/u27936/pchpc-project/results/final_hot_latency_500k/20260602-215308_faiss_centralized_016r_0435bcf4,results/final_hot_latency_500k/20260602-215308_faiss_centralized_016r_0435bcf4/benchmark_metrics.json,2026-06-02T21:53:08,c0125,configs/final_hot_latency_500k_centralized.json,14059692,pchpc-bench,scc-cpu,1,16,16,1,32768,,c0125,hot_repeated_retrieval,final_hot_latency_500k,mpi_centralized,faiss,True,1,shard_aware_shared_npy,single_vectors_npy,full_queries_on_each_rank,,,,16,500000,1,2560,10,5,50,0.948539806,0.9450581965,0.1774855230000001,0.17453313000000004,final_hot_latency_500k,benchmark_500k_2560d,42,False,,50,0.036718633140000026,0.03667873549999978,0.03644676200000019,0.038108032000000236,0.00028281922881984693,50,0.00013681861999997213,0.00013361100000008896,0.00012607700000000222,0.00022564499999955245,1.5159783265184385e-05,50,0.036206413700000016,0.03618040849999993,0.03594625699999998,0.03710666299999987,0.00021333853056019515,50,0.035837401762500005,0.035821013406250005,0.035621940000000046,0.03635732412499998,0.0001457820766025534,50,0.0006514955599999572,0.000618471999999981,0.0005140849999998309,0.0016402030000000067,0.00019224216936440344,50,0.0001868212262499974,0.00017723846875000726,0.00015237249999994207,0.0005049445624999982,5.6230922589604324e-05,50,27.235670914341522,27.2637535659851,26.241187159704122,27.437279613481024,0.20426274669396122
final_hot_latency_500k,20260603-182831_faiss_centralized_032r_b82aa3b9,/mnt/vast-standard/home/darius.heere/u27936/pchpc-project/results/final_hot_latency_500k/20260603-182831_faiss_centralized_032r_b82aa3b9,results/final_hot_latency_500k/20260603-182831_faiss_centralized_032r_b82aa3b9/benchmark_metrics.json,2026-06-03T18:28:31,c0142,configs/final_hot_latency_500k_centralized.json,14072472,pchpc-bench,scc-cpu,1,32,32,1,32768,,c0142,hot_repeated_retrieval,final_hot_latency_500k,mpi_centralized,faiss,True,1,shard_aware_shared_npy,single_vectors_npy,full_queries_on_each_rank,,,,32,500000,1,2560,10,5,50,3.006057191,2.4695479740625,0.12104788700000002,0.08364124178125003,final_hot_latency_500k,benchmark_500k_2560d,42,False,,50,0.019275577120000005,0.019217676999999878,0.018893353000000168,0.02036542699999977,0.00029284645408749095,50,0.00012991263999996506,0.00012703049999984728,0.00011549800000043575,0.0001823349999998669,1.2103033577801383e-05,50,0.018537444120000045,0.018504797000000295,0.01822511999999943,0.01945487700000026,0.00023865548871510126,50,0.01783014489500002,0.017820841171875032,0.017696288437500096,0.017979950812500006,6.346500387285594e-05,50,0.0007483321200000681,0.0006152009999995656,0.0005509110000003759,0.001678443000000307,0.00029969377271557216,50,0.00014981989999999612,0.00013446840625007395,0.0001248506562499252,0.0002925369687499235,3.6060539633850446e-05,50,51.890484796152606,52.03544061430375,49.102825096670514,52.9286675583731,0.7634246739957785
final_hot_latency_500k,20260602-215558_faiss_tree_001r_aaa31d9d,/mnt/vast-standard/home/darius.heere/u27936/pchpc-project/results/final_hot_latency_500k/20260602-215558_faiss_tree_001r_aaa31d9d,results/final_hot_latency_500k/20260602-215558_faiss_tree_001r_aaa31d9d/benchmark_metrics.json,2026-06-02T21:55:58,c0125,configs/final_hot_latency_500k_tree.json,14059720,pchpc-bench,scc-cpu,1,1,1,1,32768,,c0125,hot_repeated_retrieval,final_hot_latency_500k,mpi_tree,faiss,True,1,shard_aware_shared_npy,single_vectors_npy,full_queries_on_each_rank,,,,1,500000,1,2560,10,5,50,2.800312691,2.800312691,1.2471780239999997,1.2471780239999997,final_hot_latency_500k,benchmark_500k_2560d,42,False,,50,0.4817218715999998,0.48183938099999946,0.47703305699999987,0.48770359599999935,0.0027253099431613008,50,7.093200000163336e-07,6.655000008848333e-07,4.219999993892998e-07,1.2109999998344279e-06,1.8183738429188107e-07,50,0.4816594391799998,0.48178875449999925,0.476978030999998,0.48763379800000095,0.002719845089714874,50,0.4816594391799998,0.48178875449999925,0.476978030999998,0.48763379800000095,0.002719845089714874,50,0.0,0.0,0.0,0.0,0.0,50,0.0,0.0,0.0,0.0,0.0,50,2.0759517377372076,2.075380675464153,2.050425726202768,2.0962907817937664,0.011740710650893296
final_hot_latency_500k,20260602-220016_faiss_tree_002r_eefb3313,/mnt/vast-standard/home/darius.heere/u27936/pchpc-project/results/final_hot_latency_500k/20260602-220016_faiss_tree_002r_eefb3313,results/final_hot_latency_500k/20260602-220016_faiss_tree_002r_eefb3313/benchmark_metrics.json,2026-06-02T22:00:16,c0125,configs/final_hot_latency_500k_tree.json,14059735,pchpc-bench,scc-cpu,1,2,2,1,32768,,c0125,hot_repeated_retrieval,final_hot_latency_500k,mpi_tree,faiss,True,1,shard_aware_shared_npy,single_vectors_npy,full_queries_on_each_rank,,,,2,500000,1,2560,10,5,50,25.848063939,24.948855463,0.6666407700000008,0.6653339104999993,final_hot_latency_500k,benchmark_500k_2560d,42,False,,50,0.24826435524000082,0.24813370250000055,0.24660073300000107,0.25014289399999967,0.0008306296102875792,50,0.0012717260000000862,0.0012499684999998095,0.0006303649999992444,0.0020465780000051836,0.0003160984001586887,50,0.24795650778000022,0.24785061149999876,0.2463116819999982,0.2498320420000013,0.0008023603837659561,50,0.2474483209199999,0.24727419350000002,0.2458002730000004,0.2491362230000007,0.0007798449206634482,50,0.0011584565599999763,0.0011412170000006938,0.0005130480000019588,0.0019223520000011263,0.00032012827095196863,50,0.0006239902199996905,0.0006089287499975171,0.00029889800000226785,0.0010842914999997788,0.0001721095795316171,50,4.028008575691215,4.03008535530422,3.9977150020499934,4.055137986958034,0.013454308746539391
final_hot_latency_500k,20260602-220102_faiss_tree_004r_d62c3b3d,/mnt/vast-standard/home/darius.heere/u27936/pchpc-project/results/final_hot_latency_500k/20260602-220102_faiss_tree_004r_d62c3b3d,results/final_hot_latency_500k/20260602-220102_faiss_tree_004r_d62c3b3d/benchmark_metrics.json,2026-06-02T22:01:02,c0125,configs/final_hot_latency_500k_tree.json,14059768,pchpc-bench,scc-cpu,1,4,4,1,32768,,c0125,hot_repeated_retrieval,final_hot_latency_500k,mpi_tree,faiss,True,1,shard_aware_shared_npy,single_vectors_npy,full_queries_on_each_rank,,,,4,500000,1,2560,10,5,50,1.5672562680000002,1.56249641275,0.373144774,0.370111681,final_hot_latency_500k,benchmark_500k_2560d,42,False,,50,0.12683913357999999,0.126655902,0.1258558249999986,0.12909168000000015,0.000667331269468691,50,0.0003438375200001431,0.0002565765000008824,0.00022313199999990374,0.0014274110000007667,0.00021922318444590405,50,0.12652576302,0.12637556599999966,0.12558528600000152,0.12880771800000002,0.0006497734916611372,50,0.12617447685,0.12608195450000004,0.12526666500000028,0.1285186922499999,0.0005991760966767206,50,0.00023021998000002597,0.0001554610000000789,0.00012937199999996096,0.001292338999999032,0.00020674052106536817,50,0.00012858898500001548,0.00010389887499984152,8.967850000041189e-05,0.0005425467499995396,7.588596590032639e-05,50,7.884214750124527,7.895407827561719,7.74643261285312,7.945599657385832,0.04123752309567841
final_hot_latency_500k,20260602-220512_faiss_tree_008r_d3fc1d1e,/mnt/vast-standard/home/darius.heere/u27936/pchpc-project/results/final_hot_latency_500k/20260602-220512_faiss_tree_008r_d3fc1d1e,results/final_hot_latency_500k/20260602-220512_faiss_tree_008r_d3fc1d1e/benchmark_metrics.json,2026-06-02T22:05:12,c0125,configs/final_hot_latency_500k_tree.json,14059790,pchpc-bench,scc-cpu,1,8,8,1,32768,,c0125,hot_repeated_retrieval,final_hot_latency_500k,mpi_tree,faiss,True,1,shard_aware_shared_npy,single_vectors_npy,full_queries_on_each_rank,,,,8,500000,1,2560,10,5,50,1.197388488,1.1949068635,0.24259524999999993,0.23939545599999998,final_hot_latency_500k,benchmark_500k_2560d,42,False,,50,0.06494601929999999,0.06487912899999992,0.06464200299999989,0.06637874700000035,0.0003246252051269124,50,0.0008062586000000582,0.0007616260000000707,0.00027065300000028714,0.0020330179999996645,0.00026485368928797886,50,0.06456181953999993,0.06451548049999989,0.0643009710000002,0.06574526299999972,0.00025219992181748486,50,0.06390799591499997,0.06386186668749991,0.06369526625000005,0.06462443287500014,0.00019317348189479088,50,0.001220611019999991,0.0011985889999999166,0.0009520120000017229,0.001860637000000498,0.00014817355902015417,50,0.0003141359024999779,0.00029632187499994966,0.00025510649999971324,0.0006096109999998989,6.679127609389932e-05,50,15.3977741809035,15.413277215266671,15.065062918406621,15.469817666386385,0.07587993133510357
final_hot_latency_500k,20260602-220820_faiss_tree_016r_39a3377e,/mnt/vast-standard/home/darius.heere/u27936/pchpc-project/results/final_hot_latency_500k/20260602-220820_faiss_tree_016r_39a3377e,results/final_hot_latency_500k/20260602-220820_faiss_tree_016r_39a3377e/benchmark_metrics.json,2026-06-02T22:08:20,c0125,configs/final_hot_latency_500k_tree.json,14059890,pchpc-bench,scc-cpu,1,16,16,1,32768,,c0125,hot_repeated_retrieval,final_hot_latency_500k,mpi_tree,faiss,True,1,shard_aware_shared_npy,single_vectors_npy,full_queries_on_each_rank,,,,16,500000,1,2560,10,5,50,1.175129005,1.1718062073125,0.17579872100000005,0.17082810437500004,final_hot_latency_500k,benchmark_500k_2560d,42,False,,50,0.036648066999999965,0.036576077000000096,0.03640503900000036,0.03790769400000027,0.0002791707809208668,50,0.00045282669999999745,0.0004009765000001497,0.0003209270000001929,0.0017444129999999447,0.00022947460176204446,50,0.036170650820000025,0.03611353200000034,0.03594742200000001,0.03703535899999988,0.00021538892585952162,50,0.03588642581625,0.03586676934375006,0.035732926,0.036444269249999994,0.00011715834501670476,50,0.0005770959400000209,0.0005277384999997636,0.0004281880000003291,0.0015616669999998223,0.00021615782715649596,50,0.0001715796800000141,0.00015790699999997104,0.00014379956249988002,0.0004721789374999841,5.721615945499948e-05,50,27.288085137437264,27.34027571550645,26.37986895219722,27.46872486525808,0.20313656988444254
final_hot_latency_500k,20260603-182917_faiss_tree_032r_7f874f7f,/mnt/vast-standard/home/darius.heere/u27936/pchpc-project/results/final_hot_latency_500k/20260603-182917_faiss_tree_032r_7f874f7f,results/final_hot_latency_500k/20260603-182917_faiss_tree_032r_7f874f7f/benchmark_metrics.json,2026-06-03T18:29:17,c0142,configs/final_hot_latency_500k_tree.json,14072474,pchpc-bench,scc-cpu,1,32,32,1,32768,,c0142,hot_repeated_retrieval,final_hot_latency_500k,mpi_tree,faiss,True,1,shard_aware_shared_npy,single_vectors_npy,full_queries_on_each_rank,,,,32,500000,1,2560,10,5,50,1.816163337,1.792180786,0.11639254600000015,0.11210349687500004,final_hot_latency_500k,benchmark_500k_2560d,42,False,,50,0.019389345999999995,0.019366849999999936,0.0191835199999999,0.019767555999999686,0.00014421969333608604,50,0.0006601474199999924,0.0006298139999998398,0.0005800449999999735,0.0009602989999999423,9.604932185059896e-05,50,0.018783794500000006,0.01875278800000002,0.018578450000000135,0.01917196799999976,0.00014987290343109125,50,0.018452564607500003,0.018437671296875006,0.01829583571875,0.01871178715625002,0.00010023554600118471,50,0.000591311840000035,0.0005835315000000119,0.0004721700000005491,0.0009015980000000035,7.573798933569895e-05,50,0.00017156157187500382,0.000167782453125008,0.00015583887500003613,0.00024243965624992647,1.4366705508905282e-05,50,51.57749692414908,51.634625177265235,50.58794319338293,52.128076599081155,0.3816148040778856
final_hot_latency_500k_per_run_queries,20260615-084017_faiss_centralized_001r_ddb3811e,/mnt/vast-standard/home/darius.heere/u27936/pchpc-project/results/final_hot_latency_500k_per_run_queries/20260615-084017_faiss_centralized_001r_ddb3811e,results/final_hot_latency_500k_per_run_queries/20260615-084017_faiss_centralized_001r_ddb3811e/benchmark_metrics.json,2026-06-15T08:40:17,c0010,configs/final_hot_latency_500k_per_run_centralized.json,14303224,pchpc-bench,scc-cpu,1,1,1,1,32768,,c0010,hot_repeated_retrieval,final_hot_latency_500k_per_run_queries,mpi_centralized,faiss,True,1,shard_aware_shared_npy,single_vectors_npy,full_query_pool_on_each_rank,per_run,55,1,1,500000,1,2560,10,5,50,2.883254153,2.883254153,1.9239536129999997,1.9239536129999997,final_hot_latency_500k_per_run_queries,benchmark_500k_2560d_55q,42,False,per_run,50,0.5079249862,0.48972468099999844,0.4673951040000013,0.6530115270000003,0.03888780821117342,50,0.00012366251999992528,0.00011307850000008557,0.00010038500000320028,0.0003386219999992335,3.8370223182263754e-05,50,0.5076217298400002,0.48946361399999994,0.46710843199999985,0.6527425420000004,0.038890633103483216,50,0.5076217298400002,0.48946361399999994,0.46710843199999985,0.6527425420000004,0.038890633103483216,50,0.00014815432000002458,0.00013985000000005243,0.00012053100000031236,0.00034343599999786534,4.141483009489434e-05,50,0.00014815432000002458,0.00013985000000005243,0.00012053100000031236,0.00034343599999786534,4.141483009489434e-05,50,1.978686599307784,2.0419636559802816,1.531366535892711,2.139517490538363,0.13245055136051437
final_hot_latency_500k_per_run_queries,20260615-084117_faiss_centralized_002r_ee8c2a8e,/mnt/vast-standard/home/darius.heere/u27936/pchpc-project/results/final_hot_latency_500k_per_run_queries/20260615-084117_faiss_centralized_002r_ee8c2a8e,results/final_hot_latency_500k_per_run_queries/20260615-084117_faiss_centralized_002r_ee8c2a8e/benchmark_metrics.json,2026-06-15T08:41:17,c0010,configs/final_hot_latency_500k_per_run_centralized.json,14303227,pchpc-bench,scc-cpu,1,2,2,1,32768,,c0010,hot_repeated_retrieval,final_hot_latency_500k_per_run_queries,mpi_centralized,faiss,True,1,shard_aware_shared_npy,single_vectors_npy,full_query_pool_on_each_rank,per_run,55,1,2,500000,1,2560,10,5,50,1.5447819409999999,1.5401342395,0.8094307459999999,0.8053475324999999,final_hot_latency_500k_per_run_queries,benchmark_500k_2560d_55q,42,False,per_run,50,0.25159279968000003,0.24519002149999913,0.23579077599999998,0.3064845030000001,0.02015617388174203,50,0.00012688494000000715,0.00011092799999978809,9.956999999971572e-05,0.0003550190000005671,4.434601202404359e-05,50,0.25122223954000006,0.24483965049999945,0.2354844629999997,0.30608139399999956,0.020096866021264866,50,0.24969840778000016,0.24337366424999995,0.23399629900000019,0.3037767909999989,0.019982825412655416,50,0.00020312953999997773,0.00018184099999984937,0.00015787000000067053,0.000437178999998622,6.95258590852939e-05,50,0.00015916518999992135,0.00014145150000022255,0.0001222900000010796,0.0003760239999994752,6.291015173605579e-05,50,3.9970922932730812,4.078469615800586,3.2628077120101557,4.2410480043545045,0.2861517712918211
final_hot_latency_500k_per_run_queries,20260615-084301_faiss_centralized_004r_28914b2a,/mnt/vast-standard/home/darius.heere/u27936/pchpc-project/results/final_hot_latency_500k_per_run_queries/20260615-084301_faiss_centralized_004r_28914b2a,results/final_hot_latency_500k_per_run_queries/20260615-084301_faiss_centralized_004r_28914b2a/benchmark_metrics.json,2026-06-15T08:43:01,c0010,configs/final_hot_latency_500k_per_run_centralized.json,14303231,pchpc-bench,scc-cpu,1,4,4,1,32768,,c0010,hot_repeated_retrieval,final_hot_latency_500k_per_run_queries,mpi_centralized,faiss,True,1,shard_aware_shared_npy,single_vectors_npy,full_query_pool_on_each_rank,per_run,55,1,4,500000,1,2560,10,5,50,1.2410303409999999,1.2374268907500001,0.5634731499999999,0.557636918,final_hot_latency_500k_per_run_queries,benchmark_500k_2560d_55q,42,False,per_run,50,0.14405856354000005,0.13548458450000034,0.1265145160000003,0.35522256500000005,0.033389168596928996,50,0.00013605509999997878,0.00012742250000030708,0.00011516399999988991,0.00037901899999992494,3.9253750288622414e-05,50,0.14368359992,0.13515525900000025,0.12615604700000027,0.35461760200000114,0.033322092602298514,50,0.14258653899499998,0.13417172762499996,0.1252085850000002,0.3531736145000006,0.03324222122185668,50,0.0004603342800001009,0.00037990249999975134,0.00019406100000018967,0.0015101089999998152,0.00027311601006113536,50,0.0001893452050000488,0.0001658168750000577,0.00011265525000059284,0.0004970637500001374,7.853859525728048e-05,50,7.1213147964541506,7.380913553405943,2.8151364764791897,7.904231321566275,0.8305490119002515
final_hot_latency_500k_per_run_queries,20260615-084404_faiss_centralized_008r_7ffd88b5,/mnt/vast-standard/home/darius.heere/u27936/pchpc-project/results/final_hot_latency_500k_per_run_queries/20260615-084404_faiss_centralized_008r_7ffd88b5,results/final_hot_latency_500k_per_run_queries/20260615-084404_faiss_centralized_008r_7ffd88b5/benchmark_metrics.json,2026-06-15T08:44:04,c0010,configs/final_hot_latency_500k_per_run_centralized.json,14303241,pchpc-bench,scc-cpu,1,8,8,1,32768,,c0010,hot_repeated_retrieval,final_hot_latency_500k_per_run_queries,mpi_centralized,faiss,True,1,shard_aware_shared_npy,single_vectors_npy,full_query_pool_on_each_rank,per_run,55,1,8,500000,1,2560,10,5,50,1.263709359,1.2614617005,0.3374095720000001,0.32253974325,final_hot_latency_500k_per_run_queries,benchmark_500k_2560d_55q,42,False,per_run,50,0.08086186298000009,0.07374647050000016,0.06606026399999987,0.2641869269999999,0.027831355111629066,50,0.000122821559999986,0.00011698449999997251,0.00010762700000022107,0.00022346500000036684,1.866243107092222e-05,50,0.08044286616000001,0.07337413850000019,0.06558225199999956,0.2633880419999999,0.027776270869798624,50,0.07718813943750001,0.07114402656250002,0.0650395185,0.2302731805,0.023417423890026875,50,0.0015731896799999934,0.0010054324999995146,0.000758746999999893,0.016277298999999523,0.0024463685413010964,50,0.0003710758474999543,0.0002467641874999149,0.0001990222499999028,0.003857684250000104,0.0005456391692328761,50,12.906804293347465,13.560011982903383,3.785198652164951,15.13769306159603,1.745272636975626
final_hot_latency_500k_per_run_queries,20260615-085427_faiss_centralized_016r_319cf4d7,/mnt/vast-standard/home/darius.heere/u27936/pchpc-project/results/final_hot_latency_500k_per_run_queries/20260615-085427_faiss_centralized_016r_319cf4d7,results/final_hot_latency_500k_per_run_queries/20260615-085427_faiss_centralized_016r_319cf4d7/benchmark_metrics.json,2026-06-15T08:54:27,c0410,configs/final_hot_latency_500k_per_run_centralized.json,14303258,pchpc-bench,scc-cpu,1,16,16,1,32768,,c0410,hot_repeated_retrieval,final_hot_latency_500k_per_run_queries,mpi_centralized,faiss,True,1,shard_aware_shared_npy,single_vectors_npy,full_query_pool_on_each_rank,per_run,55,1,16,500000,1,2560,10,5,50,2.327653278,2.0071369918125,0.28282527600000007,0.23238153075000004,final_hot_latency_500k_per_run_queries,benchmark_500k_2560d_55q,42,False,per_run,50,0.050088475740000034,0.03994270099999975,0.038403692000000156,0.09942975500000006,0.018871029679029937,50,0.00013820949999991507,0.00013564049999992278,0.0001221250000007501,0.00025622499999977677,1.873105540048662e-05,50,0.04949062500000005,0.0393974735,0.03784942999999963,0.09884818899999992,0.01884488467372931,50,0.039568107696249986,0.03837660559375006,0.036946900749999956,0.05498334949999978,0.0032954541334160696,50,0.011189015039999922,0.0007054669999999597,0.000547184999999395,0.06090902699999923,0.01910283429862569,50,0.0019201912462499804,0.0002214437499999805,0.00018662787500001166,0.01777637512500002,0.0034586127237758316,50,21.887408302447902,25.035863952425537,10.057351544313866,26.03916310963008,5.342593426507792
final_hot_latency_500k_per_run_queries,20260615-085556_faiss_centralized_032r_5ccafa70,/mnt/vast-standard/home/darius.heere/u27936/pchpc-project/results/final_hot_latency_500k_per_run_queries/20260615-085556_faiss_centralized_032r_5ccafa70,results/final_hot_latency_500k_per_run_queries/20260615-085556_faiss_centralized_032r_5ccafa70/benchmark_metrics.json,2026-06-15T08:55:56,c0410,configs/final_hot_latency_500k_per_run_centralized.json,14303280,pchpc-bench,scc-cpu,1,32,32,1,32768,,c0410,hot_repeated_retrieval,final_hot_latency_500k_per_run_queries,mpi_centralized,faiss,True,1,shard_aware_shared_npy,single_vectors_npy,full_query_pool_on_each_rank,per_run,55,1,32,500000,1,2560,10,5,50,1.9293143719999999,1.8807285560625,0.15655713400000026,0.12791231568750003,final_hot_latency_500k_per_run_queries,benchmark_500k_2560d_55q,42,False,per_run,50,0.02219469004000003,0.020312948499999983,0.019840750999999823,0.044812557999999836,0.006152514248504446,50,0.00014692411999998712,0.0001464170000000653,0.00012927199999968053,0.0001865819999995466,8.578964350776534e-06,50,0.02143717185999999,0.01954709649999975,0.019094132000000208,0.04401415900000005,0.006146127642955492,50,0.018217663461249995,0.01797695082812506,0.01774147725000004,0.02429538218749991,0.0010014349152492614,50,0.002479362920000012,0.0005990155000001884,0.0005524040000000063,0.025412532999999904,0.006070421099523788,50,0.0002973138325000019,0.00014350734374997398,0.00013719653125005005,0.0028964606562499745,0.0005347156709175095,50,46.977940993629545,49.229682693298834,22.31517334939915,50.40131797430495,7.119122939656148
final_hot_latency_500k_per_run_queries,20260615-091515_faiss_tree_001r_82774d99,/mnt/vast-standard/home/darius.heere/u27936/pchpc-project/results/final_hot_latency_500k_per_run_queries/20260615-091515_faiss_tree_001r_82774d99,results/final_hot_latency_500k_per_run_queries/20260615-091515_faiss_tree_001r_82774d99/benchmark_metrics.json,2026-06-15T09:15:15,c0410,configs/final_hot_latency_500k_per_run_tree.json,14303404,pchpc-bench,scc-cpu,1,1,1,1,32768,,c0410,hot_repeated_retrieval,final_hot_latency_500k_per_run_queries,mpi_tree,faiss,True,1,shard_aware_shared_npy,single_vectors_npy,full_query_pool_on_each_rank,per_run,55,1,1,500000,1,2560,10,5,50,4.005500200999999,4.005500200999999,3.2962418309999997,3.2962418309999997,final_hot_latency_500k_per_run_queries,benchmark_500k_2560d_55q,42,False,per_run,50,0.5488296406199997,0.5257559239999985,0.5225165319999974,0.6123216199999995,0.03278155818276186,50,7.826799994248291e-07,7.169999989287135e-07,3.2399999838617077e-07,2.1040000000027703e-06,2.92665194299186e-07,50,0.5487620614600004,0.525686781000001,0.5224571780000034,0.6122627470000008,0.03278503537017185,50,0.5487620614600004,0.525686781000001,0.5224571780000034,0.6122627470000008,0.03278503537017185,50,0.0,0.0,0.0,0.0,0.0,50,0.0,0.0,0.0,0.0,0.0,50,1.8282159259336457,1.9020244031785338,1.6331286816232307,1.913815044611842,0.10520263578297272
final_hot_latency_500k_per_run_queries,20260615-091653_faiss_tree_002r_200f9026,/mnt/vast-standard/home/darius.heere/u27936/pchpc-project/results/final_hot_latency_500k_per_run_queries/20260615-091653_faiss_tree_002r_200f9026,results/final_hot_latency_500k_per_run_queries/20260615-091653_faiss_tree_002r_200f9026/benchmark_metrics.json,2026-06-15T09:16:53,c0410,configs/final_hot_latency_500k_per_run_tree.json,14303409,pchpc-bench,scc-cpu,1,2,2,1,32768,,c0410,hot_repeated_retrieval,final_hot_latency_500k_per_run_queries,mpi_tree,faiss,True,1,shard_aware_shared_npy,single_vectors_npy,full_query_pool_on_each_rank,per_run,55,1,2,500000,1,2560,10,5,50,2.03242016,2.019214973,1.640939188,1.6299583059999998,final_hot_latency_500k_per_run_queries,benchmark_500k_2560d_55q,42,False,per_run,50,0.28439678890000003,0.26455559149999885,0.262497720999999,0.3876514760000003,0.03080621633279864,50,0.003826105480000095,0.00023675400000033875,0.0001945150000004503,0.0606854160000001,0.012996109708420103,50,0.2840954050600002,0.264282145000001,0.262227235000001,0.3874127490000001,0.030806224993372877,50,0.27813645054,0.2629328504999999,0.26105057200000026,0.3552418125000001,0.02538169624811766,50,0.0037041974999998395,0.00011805999999925376,8.534899999901313e-05,0.06056880899999939,0.012997151255096264,50,0.001897848669999851,9.98150000000031e-05,8.09289999992302e-05,0.03032325649999912,0.0064967829870021115,50,3.552589096718354,3.779923926987613,2.579636766299838,3.8095568837338734,0.3440366213402691
final_hot_latency_500k_per_run_queries,20260615-091907_faiss_tree_004r_131a0e9a,/mnt/vast-standard/home/darius.heere/u27936/pchpc-project/results/final_hot_latency_500k_per_run_queries/20260615-091907_faiss_tree_004r_131a0e9a,results/final_hot_latency_500k_per_run_queries/20260615-091907_faiss_tree_004r_131a0e9a/benchmark_metrics.json,2026-06-15T09:19:07,c0410,configs/final_hot_latency_500k_per_run_tree.json,14303418,pchpc-bench,scc-cpu,1,4,4,1,32768,,c0410,hot_repeated_retrieval,final_hot_latency_500k_per_run_queries,mpi_tree,faiss,True,1,shard_aware_shared_npy,single_vectors_npy,full_query_pool_on_each_rank,per_run,55,1,4,500000,1,2560,10,5,50,1.324181618,1.3021295297500002,0.9482317680000003,0.9390358480000002,final_hot_latency_500k_per_run_queries,benchmark_500k_2560d_55q,42,False,per_run,50,0.14855419820000004,0.13457286150000014,0.13263750600000002,0.19845643599999896,0.024210293699528398,50,0.004945159819999922,0.0002726680000009196,0.00023741300000068577,0.06509492499999858,0.013882339899030493,50,0.1482226598600001,0.1342450115,0.1323405099999997,0.19813992300000116,0.024199298951341357,50,0.14222105571,0.13315170062499992,0.13134362349999984,0.19354540725000025,0.018248085967912046,50,0.005268967299999927,0.0001581659999998486,0.00014055599999984736,0.06494453200000017,0.013938237954793159,50,0.0014066974499999919,0.00011258524999979702,9.932800000012065e-05,0.016423719749999233,0.003501534816155529,50,6.879709336353789,7.43092033387213,5.038889240155483,7.539345620687409,0.9302360251846803
final_hot_latency_500k_per_run_queries,20260615-091947_faiss_tree_008r_e72327cc,/mnt/vast-standard/home/darius.heere/u27936/pchpc-project/results/final_hot_latency_500k_per_run_queries/20260615-091947_faiss_tree_008r_e72327cc,results/final_hot_latency_500k_per_run_queries/20260615-091947_faiss_tree_008r_e72327cc/benchmark_metrics.json,2026-06-15T09:19:47,c0410,configs/final_hot_latency_500k_per_run_tree.json,14303422,pchpc-bench,scc-cpu,1,8,8,1,32768,,c0410,hot_repeated_retrieval,final_hot_latency_500k_per_run_queries,mpi_tree,faiss,True,1,shard_aware_shared_npy,single_vectors_npy,full_query_pool_on_each_rank,per_run,55,1,8,500000,1,2560,10,5,50,1.123708041,1.097349288125,0.5064573190000001,0.47067868449999994,final_hot_latency_500k_per_run_queries,benchmark_500k_2560d_55q,42,False,per_run,50,0.08174341547999994,0.07041405550000013,0.06901166699999983,0.13206688799999977,0.02093157349070019,50,0.0073839929400000325,0.0003157654999998982,0.00028821500000031364,0.058099244000000105,0.015957101487556715,50,0.08132346800000004,0.07003616350000019,0.06863558600000008,0.13152253399999925,0.02086953937965725,50,0.07303516841500002,0.0695044045,0.06806919374999998,0.09322336299999989,0.006917448488753183,50,0.008646673520000042,0.0008234135000000364,0.00022007099999976631,0.06332879999999985,0.016983895654374696,50,0.0020967113525000324,0.00028185500000005304,0.00012784524999992497,0.021162733125000055,0.004359013946497273,50,12.842620166104465,14.20171010550183,7.571920677043603,14.490303501870233,2.4405843950479307
final_hot_latency_500k_per_run_queries,20260615-092238_faiss_tree_016r_7de5010c,/mnt/vast-standard/home/darius.heere/u27936/pchpc-project/results/final_hot_latency_500k_per_run_queries/20260615-092238_faiss_tree_016r_7de5010c,results/final_hot_latency_500k_per_run_queries/20260615-092238_faiss_tree_016r_7de5010c/benchmark_metrics.json,2026-06-15T09:22:38,c0410,configs/final_hot_latency_500k_per_run_tree.json,14303464,pchpc-bench,scc-cpu,1,16,16,1,32768,,c0410,hot_repeated_retrieval,final_hot_latency_500k_per_run_queries,mpi_tree,faiss,True,1,shard_aware_shared_npy,single_vectors_npy,full_query_pool_on_each_rank,per_run,55,1,16,500000,1,2560,10,5,50,1.345030671,1.3320120206875001,0.35397981300000003,0.33094832381249994,final_hot_latency_500k_per_run_queries,benchmark_500k_2560d_55q,42,False,per_run,50,0.04155159704000004,0.03961802949999971,0.03841987600000074,0.08913661400000006,0.009601901474527403,50,0.0016094154200000333,0.0005640140000000571,0.00046817399999987686,0.037688497999999626,0.005539074435290251,50,0.04101931095999998,0.03911977149999979,0.03792435999999988,0.08690958700000007,0.009429949071039022,50,0.0389532924375,0.038135591218750015,0.03696524149999991,0.060391794125000176,0.004296948469015758,50,0.001972825620000069,0.0007620095000002713,0.00064921600000023,0.04068913700000021,0.006210274843097335,50,0.0005058592837500031,0.00022367628124983496,0.00020392850000011675,0.010210196812500016,0.001501359129346718,50,24.69221646915913,25.241033732321977,11.218734424890757,26.028194364812126,2.7696101617742523
final_hot_latency_500k_per_run_queries,20260616-073319_faiss_tree_032r_5c4163dd,/mnt/vast-standard/home/darius.heere/u27936/pchpc-project/results/final_hot_latency_500k_per_run_queries/20260616-073319_faiss_tree_032r_5c4163dd,results/final_hot_latency_500k_per_run_queries/20260616-073319_faiss_tree_032r_5c4163dd/benchmark_metrics.json,2026-06-16T07:33:19,c0084,configs/final_hot_latency_500k_per_run_tree.json,14303556,pchpc-bench,scc-cpu,1,32,32,1,32768,,c0084,hot_repeated_retrieval,final_hot_latency_500k_per_run_queries,mpi_tree,faiss,True,1,shard_aware_shared_npy,single_vectors_npy,full_query_pool_on_each_rank,per_run,55,1,32,500000,1,2560,10,5,50,1.91180763,1.5843695432812501,0.1835140580000001,0.154246475,final_hot_latency_500k_per_run_queries,benchmark_500k_2560d_55q,42,False,per_run,50,0.027357904359999984,0.02376617400000014,0.02330891500000032,0.07361416600000004,0.0104175157205418,50,0.004090476360000004,0.0015413024999999525,0.0008298870000000846,0.035024525999999945,0.00836401456558537,50,0.026766948040000065,0.023214619500000033,0.022728888000000058,0.07306023099999992,0.010353466741864919,50,0.023064229996249998,0.02256682381249999,0.02224143537499998,0.03234558903124993,0.0016794767377036612,50,0.004264851620000085,0.0013351845000006968,0.0006566549999997839,0.034747921000000126,0.008680865001609542,50,0.0006059440312499989,0.00021987739062503953,0.0001661383437500108,0.005431893406250027,0.0011961988155100923,50,39.34031244498509,42.07660854684536,13.584341905062125,42.90203984183675,7.626543191059593
final_merge_stress_500k_100q,20260605-121607_faiss_centralized_016r_acfa7e15,/mnt/vast-standard/home/darius.heere/u27936/pchpc-project/results/final_merge_stress_500k_100q/20260605-121607_faiss_centralized_016r_acfa7e15,results/final_merge_stress_500k_100q/20260605-121607_faiss_centralized_016r_acfa7e15/benchmark_metrics.json,2026-06-05T12:16:07,c0065,configs/merging_strategy_configs/final_merge_stress_500k_100q_topk0010_centralized.json,14090202,pchpc-bench,scc-cpu,1,16,16,1,32768,,c0065,hot_repeated_retrieval,final_merge_stress_500k_100q,mpi_centralized,faiss,True,1,shard_aware_shared_npy,single_vectors_npy,full_queries_on_each_rank,,,,16,500000,100,2560,10,2,10,4.1654938239999995,3.6078687743125,0.1496140239999999,0.13999860012499998,final_merge_stress_500k_100q,benchmark_500k_100q_2560d,42,False,,10,0.19102413099999999,0.19124557399999986,0.18976533599999978,0.1920625300000003,0.0007725560743794879,10,0.00046520059999988206,0.00045640899999987994,0.00043837299999971435,0.0005362299999998044,2.933528474637236e-05,10,0.18993416400000002,0.19006173949999994,0.18883026600000008,0.19083615100000006,0.0006873450508024645,10,0.18239272450625002,0.18250075768750004,0.18162455662500004,0.18318412687500002,0.0005415987561834043,10,0.0031094116000000226,0.003120213000000316,0.0019774379999999425,0.004394570000000542,0.0006337932245367335,10,0.0007718869875000478,0.0007502846875000191,0.0005875804999999623,0.0009592091249999157,0.00011531827899881369,10,523.501791337775,522.8880228470889,520.663765076925,526.9666320934405,2.1210623808476297
final_merge_stress_500k_100q,20260605-122637_faiss_tree_016r_88b19585,/mnt/vast-standard/home/darius.heere/u27936/pchpc-project/results/final_merge_stress_500k_100q/20260605-122637_faiss_tree_016r_88b19585,results/final_merge_stress_500k_100q/20260605-122637_faiss_tree_016r_88b19585/benchmark_metrics.json,2026-06-05T12:26:37,c0065,configs/merging_strategy_configs/final_merge_stress_500k_100q_topk0010_tree.json,14090240,pchpc-bench,scc-cpu,1,16,16,1,32768,,c0065,hot_repeated_retrieval,final_merge_stress_500k_100q,mpi_tree,faiss,True,1,shard_aware_shared_npy,single_vectors_npy,full_queries_on_each_rank,,,,16,500000,100,2560,10,2,10,1.8088238840000002,1.8043130131875,0.1943950240000003,0.1707629701875,final_merge_stress_500k_100q,benchmark_500k_100q_2560d,42,False,,10,0.18964924800000005,0.1891865190000006,0.18849161199999998,0.19210178000000022,0.0011093468346288343,10,0.0034330163999998662,0.003419196499999666,0.002967744999999411,0.004021221999999991,0.0003680875899394597,10,0.18865318709999995,0.18823823900000014,0.1875871189999998,0.191221788,0.0010556261675390831,10,0.182057945725,0.181729464375,0.18137456862500012,0.18371916581249992,0.0007662056446472848,10,0.00466496439999986,0.004741904500000116,0.0038380769999997177,0.005389980999999544,0.0006253569992618572,10,0.001098287849999996,0.001081508843750023,0.0010084596875001295,0.001342246375000078,9.94429653595643e-05,10,527.305326284562,528.5789035559245,520.5573836952468,530.5275865538251,3.06350099185688
final_merge_stress_500k_100q,20260605-121655_faiss_centralized_016r_65d4f6b2,/mnt/vast-standard/home/darius.heere/u27936/pchpc-project/results/final_merge_stress_500k_100q/20260605-121655_faiss_centralized_016r_65d4f6b2,results/final_merge_stress_500k_100q/20260605-121655_faiss_centralized_016r_65d4f6b2/benchmark_metrics.json,2026-06-05T12:16:55,c0065,configs/merging_strategy_configs/final_merge_stress_500k_100q_topk0100_centralized.json,14090218,pchpc-bench,scc-cpu,1,16,16,1,32768,,c0065,hot_repeated_retrieval,final_merge_stress_500k_100q,mpi_centralized,faiss,True,1,shard_aware_shared_npy,single_vectors_npy,full_queries_on_each_rank,,,,16,500000,100,2560,100,2,10,1.890639233,1.8440838889375,0.18769620600000003,0.16628507218749997,final_merge_stress_500k_100q,benchmark_500k_100q_2560d,42,False,,10,0.19878560759999994,0.19856189750000008,0.19759079899999943,0.201102691,0.0010851445893698048,10,0.0020020385999999224,0.0019438544999998975,0.0018472129999995701,0.002534524999999732,0.00020113963143225048,10,0.19545597310000007,0.19530491150000007,0.1943871960000001,0.19660371799999998,0.0007917790307650708,10,0.187411863425,0.18712430312499995,0.18656488581250008,0.18901559024999998,0.0007676048780995675,10,0.004709944500000063,0.004756361500000139,0.0039969670000004065,0.0052452449999997874,0.00037093861016764413,10,0.0013123805062499993,0.0013128598437500694,0.0011953822500000155,0.0015273236249999378,9.548829887665193e-05,10,503.06795723416786,503.622051850121,497.25838825299456,506.0964402497319,2.7334677100181266
final_merge_stress_500k_100q,20260605-122657_faiss_tree_016r_ba5bf46e,/mnt/vast-standard/home/darius.heere/u27936/pchpc-project/results/final_merge_stress_500k_100q/20260605-122657_faiss_tree_016r_ba5bf46e,results/final_merge_stress_500k_100q/20260605-122657_faiss_tree_016r_ba5bf46e/benchmark_metrics.json,2026-06-05T12:26:57,c0065,configs/merging_strategy_configs/final_merge_stress_500k_100q_topk0100_tree.json,14090250,pchpc-bench,scc-cpu,1,16,16,1,32768,,c0065,hot_repeated_retrieval,final_merge_stress_500k_100q,mpi_tree,faiss,True,1,shard_aware_shared_npy,single_vectors_npy,full_queries_on_each_rank,,,,16,500000,100,2560,100,2,10,1.787977831,1.7739107993125,0.18898227700000003,0.16677149075,final_merge_stress_500k_100q,benchmark_500k_100q_2560d,42,False,,10,0.19771073900000008,0.1977086239999999,0.1958935860000004,0.19905214000000004,0.0009177284843621107,10,0.005520300400000133,0.005637602000000186,0.004391272999999973,0.006581544000000328,0.0005897174664228599,10,0.19474040919999994,0.19482567799999995,0.1928637550000003,0.19618267999999972,0.0008842797338093457,10,0.18822353333125003,0.18836234456249998,0.18689462381250005,0.1890526478750001,0.000585323329213493,10,0.0035787811000000504,0.003523187999999955,0.002710672999999275,0.004225538000000029,0.00041150969326973064,10,0.0009382602562500675,0.0009328023750001802,0.0008040438749999379,0.0012136861249999464,0.00011495865995779233,10,505.79924484123717,505.7949696223758,502.38093396031803,510.4812364811158,2.3518386307586305
final_merge_stress_500k_100q,20260605-122759_faiss_tree_016r_db7a3140,/mnt/vast-standard/home/darius.heere/u27936/pchpc-project/results/final_merge_stress_500k_100q/20260605-122759_faiss_tree_016r_db7a3140,results/final_merge_stress_500k_100q/20260605-122759_faiss_tree_016r_db7a3140/benchmark_metrics.json,2026-06-05T12:27:59,c0065,configs/merging_strategy_configs/final_merge_stress_500k_100q_topk1000_tree.json,14090255,pchpc-bench,scc-cpu,1,16,16,1,32768,,c0065,hot_repeated_retrieval,final_merge_stress_500k_100q,mpi_tree,faiss,True,1,shard_aware_shared_npy,single_vectors_npy,full_queries_on_each_rank,,,,16,500000,100,2560,1000,2,10,1.810064197,1.8059471160625,0.19007932299999997,0.17054863618749996,final_merge_stress_500k_100q,benchmark_500k_100q_2560d,42,False,,10,0.2462193316,0.24335607849999996,0.24244851799999978,0.25613981100000016,0.0050827445851393,10,0.031168735100000067,0.029237382000000034,0.02612899000000013,0.04091020899999975,0.005005900172260499,10,0.21970834139999992,0.21931440249999978,0.21858074299999952,0.22238339100000015,0.0011452688902468173,10,0.21340644154375005,0.21312346409375016,0.21262616924999994,0.21605072525000008,0.0010126539573637142,10,0.0182180247999999,0.018119874499999966,0.017008576000000275,0.0197583429999999,0.0009451431506371835,10,0.004896907956249941,0.0042977324999998595,0.004022309562499826,0.007392936937499955,0.0012408616171780396,10,406.294495028515,410.9210445974509,390.41178179053134,412.4586977265008,8.211072187334024
final_merge_stress_500k_100q,20260605-122825_faiss_tree_016r_9b117d3a,/mnt/vast-standard/home/darius.heere/u27936/pchpc-project/results/final_merge_stress_500k_100q/20260605-122825_faiss_tree_016r_9b117d3a,results/final_merge_stress_500k_100q/20260605-122825_faiss_tree_016r_9b117d3a/benchmark_metrics.json,2026-06-05T12:28:25,c0065,configs/merging_strategy_configs/final_merge_stress_500k_100q_topk5000_tree.json,14090267,pchpc-bench,scc-cpu,1,16,16,1,32768,,c0065,hot_repeated_retrieval,final_merge_stress_500k_100q,mpi_tree,faiss,True,1,shard_aware_shared_npy,single_vectors_npy,full_queries_on_each_rank,,,,16,500000,100,2560,5000,2,10,1.7867528149999998,1.7748081630624999,0.18955832500000014,0.167621407875,final_merge_stress_500k_100q,benchmark_500k_100q_2560d,42,False,,10,0.45769285810000004,0.45151044949999974,0.4482648710000001,0.4906509950000002,0.013497581590076649,10,0.14418822860000033,0.1400588340000004,0.13154317200000065,0.17803447899999947,0.013500873511081533,10,0.32072689219999984,0.3205488084999999,0.3189566949999998,0.32457150599999984,0.001540252612562965,10,0.31048269883749996,0.310014831875,0.3089325554375,0.31388428168749993,0.001538617927921797,10,0.04230005849999983,0.03800202650000051,0.03492895400000062,0.07225158399999954,0.011479689831475726,10,0.012953929762499997,0.011651646250000008,0.010573001937499882,0.019374774562500058,0.0028727837486025513,10,218.65040323495202,221.47882909445423,203.8108574507221,223.0823927311493,6.152936293700337
final_merge_stress_500k_per_run_queries,20260616-184200_faiss_centralized_016r_e3dd79b3,/mnt/vast-standard/home/darius.heere/u27936/pchpc-project/results/final_merge_stress_500k_per_run_queries/20260616-184200_faiss_centralized_016r_e3dd79b3,results/final_merge_stress_500k_per_run_queries/20260616-184200_faiss_centralized_016r_e3dd79b3/benchmark_metrics.json,2026-06-16T18:42:00,c0006,configs/merging_strategy_configs/final_merge_stress_500k_per_run_topk0010_centralized.json,14329358,pchpc-bench,scc-cpu,1,16,16,1,32768,,c0006,hot_repeated_retrieval,final_merge_stress_500k_per_run_queries,mpi_centralized,faiss,True,1,shard_aware_shared_npy,single_vectors_npy,full_query_pool_on_each_rank,per_run,55,1,16,500000,1,2560,10,5,50,2.49819887,2.2194974590000003,0.22401580100000018,0.19753503143750004,final_merge_stress_500k_per_run_queries,benchmark_500k_2560d_55q,42,False,per_run,50,0.054590324859999935,0.04913845750000023,0.03710080900000001,0.0976486190000001,0.018075137162665563,50,0.00014168728000004904,0.0001350380000002538,0.00012516299999987268,0.00023319400000065826,2.4077729763669138e-05,50,0.05390854107999995,0.048353963999999916,0.03659345900000055,0.09624929100000035,0.017999835606285812,50,0.03833081683624999,0.0373226275937501,0.03600629775000008,0.05153316068749986,0.0028691975783590807,50,0.01762787746,0.011840249000000469,0.0005263839999996023,0.062316236000000025,0.018407985602685445,50,0.0028015219775000006,0.0019062204374999947,0.0001693093749999819,0.014186749937500132,0.0030925563333321373,50,19.99773729686812,20.350865874881997,10.240800230876783,26.953590149476245,5.396324658494444
final_merge_stress_500k_per_run_queries,20260616-185245_faiss_centralized_016r_0cbf065f,/mnt/vast-standard/home/darius.heere/u27936/pchpc-project/results/final_merge_stress_500k_per_run_queries/20260616-185245_faiss_centralized_016r_0cbf065f,results/final_merge_stress_500k_per_run_queries/20260616-185245_faiss_centralized_016r_0cbf065f/benchmark_metrics.json,2026-06-16T18:52:45,c0006,configs/merging_strategy_configs/final_merge_stress_500k_per_run_topk0010_centralized.json,14329385,pchpc-bench,scc-cpu,4,16,4,1,16384,,"c[0006,0020,0084,0137]",hot_repeated_retrieval,final_merge_stress_500k_per_run_queries,mpi_centralized,faiss,True,1,shard_aware_shared_npy,single_vectors_npy,full_query_pool_on_each_rank,per_run,55,1,16,500000,1,2560,10,5,50,2.15708155,1.1191672175625,0.4031173570000002,0.23845592374999997,final_merge_stress_500k_per_run_queries,benchmark_500k_2560d_55q,42,False,per_run,50,0.04657493434000013,0.03327810200000014,0.032809888000000065,0.09293574299999996,0.020804732522720897,50,0.0001407967000000099,0.0001391200000000481,0.00012310299999995777,0.00018593199999994425,1.1373185620265221e-05,50,0.0459717682400001,0.03270154199999986,0.032271240000000034,0.09228457100000043,0.020771289330515592,50,0.032381854298749985,0.03133753546874998,0.031125361562499843,0.038641888687500126,0.0019185282855243423,50,0.01578240078000003,0.002643697999999528,0.0015134279999999833,0.06238555600000062,0.020801442449350997,50,0.00278508346,0.0004079984687500038,0.00032217593749983564,0.015038321374999941,0.00406433542144903,50,24.774106709773744,30.049798319536528,10.760122722642896,30.47861669018797,7.684272925261337
final_merge_stress_500k_per_run_queries,20260616-185402_faiss_tree_016r_3ec9ffbb,/mnt/vast-standard/home/darius.heere/u27936/pchpc-project/results/final_merge_stress_500k_per_run_queries/20260616-185402_faiss_tree_016r_3ec9ffbb,results/final_merge_stress_500k_per_run_queries/20260616-185402_faiss_tree_016r_3ec9ffbb/benchmark_metrics.json,2026-06-16T18:54:02,c0006,configs/merging_strategy_configs/final_merge_stress_500k_per_run_topk0010_tree.json,14329386,pchpc-bench,scc-cpu,4,16,4,1,16384,,"c[0006,0020,0084,0137]",hot_repeated_retrieval,final_merge_stress_500k_per_run_queries,mpi_tree,faiss,True,1,shard_aware_shared_npy,single_vectors_npy,full_query_pool_on_each_rank,per_run,55,1,16,500000,1,2560,10,5,50,0.38443425100000006,0.3500263813125,0.23673103499999992,0.17527020712500002,final_merge_stress_500k_per_run_queries,benchmark_500k_2560d_55q,42,False,per_run,50,0.039267914639999985,0.03284293249999992,0.032594446999999915,0.09269817699999994,0.014946968344137553,50,0.008533134979999999,0.002186162500000033,0.0016672729999998026,0.06213490300000002,0.014984446541584722,50,0.038572264140000014,0.032240848499999974,0.03202802799999982,0.09214093300000004,0.014871737888967847,50,0.03269234595500001,0.03121274278125001,0.03104095074999999,0.05775297412500002,0.0045192791078681425,50,0.008325090179999961,0.002001307500000049,0.0014383309999992377,0.061874397000000414,0.01497068826717164,50,0.0014115587924999995,0.00037251068750002864,0.00028007774999999624,0.013804230749999952,0.0026469888038445875,50,27.566785546220103,30.44795316761668,10.787698662078334,30.680072590279032,5.8065287445841705
final_merge_stress_500k_per_run_queries,20260616-195953_faiss_tree_016r_709ccb3d,/mnt/vast-standard/home/darius.heere/u27936/pchpc-project/results/final_merge_stress_500k_per_run_queries/20260616-195953_faiss_tree_016r_709ccb3d,results/final_merge_stress_500k_per_run_queries/20260616-195953_faiss_tree_016r_709ccb3d/benchmark_metrics.json,2026-06-16T19:59:53,c0137,configs/merging_strategy_configs/final_merge_stress_500k_per_run_topk0010_tree.json,14330308,pchpc-bench,scc-cpu,1,16,16,1,32768,,c0137,hot_repeated_retrieval,final_merge_stress_500k_per_run_queries,mpi_tree,faiss,True,1,shard_aware_shared_npy,single_vectors_npy,full_query_pool_on_each_rank,per_run,55,1,16,500000,1,2560,10,5,50,2.489172553,1.831175760375,0.2459441309999999,0.24034339662499996,final_merge_stress_500k_per_run_queries,benchmark_500k_2560d_55q,42,False,per_run,50,0.056169404320000095,0.042084854500000324,0.039523439999999965,0.09926923999999993,0.021088763505778676,50,0.015753460840000084,0.0008409850000004049,0.0004096900000005732,0.061399578999999704,0.020778311146180697,50,0.055526889639999986,0.041507572500000034,0.03901975900000032,0.09865639299999973,0.02103347184161946,50,0.04072773536375,0.03915457640625,0.03867802356250005,0.05437540087499998,0.003097754617604432,50,0.01630343145999995,0.0030768969999992457,0.0006291449999995535,0.06126804799999963,0.020571115089116958,50,0.0027731416150000273,0.0005382729375000006,0.00021177412500011927,0.020203569437500124,0.004263335911656901,50,19.913392371823672,23.78100199467277,10.07361394123699,25.30144137251213,5.896927435232591
final_merge_stress_500k_per_run_queries,20260616-224719_faiss_tree-explicit_016r_0c397a51,/mnt/vast-standard/home/darius.heere/u27936/pchpc-project/results/final_merge_stress_500k_per_run_queries/20260616-224719_faiss_tree-explicit_016r_0c397a51,results/final_merge_stress_500k_per_run_queries/20260616-224719_faiss_tree-explicit_016r_0c397a51/benchmark_metrics.json,2026-06-16T22:47:19,c0020,configs/merging_strategy_configs/final_merge_stress_500k_per_run_topk0010_tree_explicit.json,14332269,pchpc-bench,scc-cpu,1,16,16,1,32768,,c0020,hot_repeated_retrieval,final_merge_stress_500k_per_run_queries,mpi_tree_explicit,faiss,True,1,shard_aware_shared_npy,single_vectors_npy,full_query_pool_on_each_rank,per_run,55,1,16,500000,1,2560,10,5,50,1.094024708,1.0883060270625,0.27400086200000007,0.26342510787500006,final_merge_stress_500k_per_run_queries,benchmark_500k_2560d_55q,42,False,per_run,50,0.03996036576000002,0.03749083050000035,0.037227134000000106,0.08482742499999985,0.00893280376758257,50,0.002755940579999967,0.0007008480000001427,0.0006168369999999257,0.04858476499999975,0.008490607511395368,50,0.039598303399999965,0.03715912399999999,0.03688133100000002,0.0843887510000001,0.008862142596747107,50,0.037273856932499995,0.03678928750000003,0.03650289612499999,0.05202395574999996,0.0022882916087729344,50,0.0029997051399999817,0.0005052129999998378,0.0004168579999994648,0.04837719300000032,0.008990945070622688,50,0.0004235816562499944,7.801625000002088e-05,6.879299999998367e-05,0.007331942062500041,0.0012817456373891683,50,25.735636438124168,26.6731888346619,11.788640289387564,26.86212696362812,3.283649226674977
final_merge_stress_500k_per_run_queries,20260616-231148_faiss_tree-explicit_016r_6664cfe1,/mnt/vast-standard/home/darius.heere/u27936/pchpc-project/results/final_merge_stress_500k_per_run_queries/20260616-231148_faiss_tree-explicit_016r_6664cfe1,results/final_merge_stress_500k_per_run_queries/20260616-231148_faiss_tree-explicit_016r_6664cfe1/benchmark_metrics.json,2026-06-16T23:11:48,c0084,configs/merging_strategy_configs/final_merge_stress_500k_per_run_topk0010_tree_explicit.json,14333144,pchpc-bench,scc-cpu,4,16,4,1,16384,,"c[0084,0409,0411-0412]",hot_repeated_retrieval,final_merge_stress_500k_per_run_queries,mpi_tree_explicit,faiss,True,1,shard_aware_shared_npy,single_vectors_npy,full_query_pool_on_each_rank,per_run,55,1,16,500000,1,2560,10,5,50,0.41493218499999995,0.336020630125,0.2577971950000001,0.23837056881250002,final_merge_stress_500k_per_run_queries,benchmark_500k_2560d_55q,42,False,per_run,50,0.05807350054000007,0.04543999149999989,0.04528761800000014,0.11525353499999991,0.021065511197847865,50,0.009746794340000023,0.00045054600000016265,0.0003542069999999953,0.07120624999999992,0.018894679938090794,50,0.05756705332000003,0.0449971735000001,0.04486269099999962,0.11482832499999995,0.0210127871865853,50,0.041375813610000006,0.03744063184374997,0.03707773743750002,0.08170039862499999,0.008879894666307744,50,0.011846102500000052,0.0002826555000001729,0.00015147100000012514,0.0709448810000004,0.02012197276047105,50,0.0016933183624999928,7.577040624982823e-05,5.7130124999971166e-05,0.013974186624999968,0.0032710885658951477,50,18.870214372951157,22.007061804835836,8.676523457610223,22.081090685758674,4.722558387283596
final_merge_stress_500k_per_run_queries,20260616-184356_faiss_centralized_016r_061361dc,/mnt/vast-standard/home/darius.heere/u27936/pchpc-project/results/final_merge_stress_500k_per_run_queries/20260616-184356_faiss_centralized_016r_061361dc,results/final_merge_stress_500k_per_run_queries/20260616-184356_faiss_centralized_016r_061361dc/benchmark_metrics.json,2026-06-16T18:43:56,c0006,configs/merging_strategy_configs/final_merge_stress_500k_per_run_topk0100_centralized.json,14329360,pchpc-bench,scc-cpu,1,16,16,1,32768,,c0006,hot_repeated_retrieval,final_merge_stress_500k_per_run_queries,mpi_centralized,faiss,True,1,shard_aware_shared_npy,single_vectors_npy,full_query_pool_on_each_rank,per_run,55,1,16,500000,1,2560,100,5,50,1.1608153049999999,1.1561497133125,0.24111462800000005,0.21782273250000003,final_merge_stress_500k_per_run_queries,benchmark_500k_2560d_55q,42,False,per_run,50,0.03997624417999998,0.03713393949999988,0.036817837000000075,0.07802386000000006,0.008746874766914174,50,0.00015317497999998154,0.0001501579999998448,0.00013099800000038186,0.00022626599999986396,1.6052695157365128e-05,50,0.03942120456000006,0.03661789950000016,0.0362857550000002,0.07747180899999995,0.008697507429485054,50,0.0370331078825,0.036106046,0.03577451656249997,0.05120747949999996,0.0031840605259202057,50,0.0030334703400000064,0.0006210105000001853,0.0005232870000000389,0.026856961000000013,0.00723419268518601,50,0.0005745211962499919,0.00016349875000003233,0.00014980943749992592,0.0074357117500000736,0.0014199582268500039,50,25.7555276811759,26.929543885796278,12.816592257804206,27.160748199303452,3.481588952243423
final_merge_stress_500k_per_run_queries,20260616-185511_faiss_centralized_016r_2b9eb20a,/mnt/vast-standard/home/darius.heere/u27936/pchpc-project/results/final_merge_stress_500k_per_run_queries/20260616-185511_faiss_centralized_016r_2b9eb20a,results/final_merge_stress_500k_per_run_queries/20260616-185511_faiss_centralized_016r_2b9eb20a/benchmark_metrics.json,2026-06-16T18:55:11,c0006,configs/merging_strategy_configs/final_merge_stress_500k_per_run_topk0100_centralized.json,14329387,pchpc-bench,scc-cpu,4,16,4,1,16384,,"c[0006,0020,0084,0137]",hot_repeated_retrieval,final_merge_stress_500k_per_run_queries,mpi_centralized,faiss,True,1,shard_aware_shared_npy,single_vectors_npy,full_query_pool_on_each_rank,per_run,55,1,16,500000,1,2560,100,5,50,0.35376316499999994,0.3331247975625,0.24167622200000005,0.1757145503125,final_merge_stress_500k_per_run_queries,benchmark_500k_2560d_55q,42,False,per_run,50,0.03981905294000001,0.033310295499999754,0.03287167800000024,0.09838412399999985,0.015531988106198031,50,0.00016058071999998534,0.00015595300000004197,0.00013999099999972842,0.0002626699999996873,2.4204781404038555e-05,50,0.039133211120000025,0.032664793499999956,0.03223884300000002,0.09770643000000012,0.015484866033940043,50,0.032885725827500004,0.03134339243750005,0.031124534312499952,0.050052268500000024,0.004120366762704396,50,0.008912039380000016,0.0024662079999999698,0.0015799130000000439,0.06764482100000002,0.015534574907339158,50,0.001122299141249995,0.0004082495937499722,0.0003314934374999967,0.008547089749999959,0.001787607811156679,50,27.2169599927381,30.020748390480424,10.164241539620777,30.421325008111626,5.691635394022833
final_merge_stress_500k_per_run_queries,20260616-184357_faiss_tree_016r_e2c90f9c,/mnt/vast-standard/home/darius.heere/u27936/pchpc-project/results/final_merge_stress_500k_per_run_queries/20260616-184357_faiss_tree_016r_e2c90f9c,results/final_merge_stress_500k_per_run_queries/20260616-184357_faiss_tree_016r_e2c90f9c/benchmark_metrics.json,2026-06-16T18:43:57,c0020,configs/merging_strategy_configs/final_merge_stress_500k_per_run_topk0100_tree.json,14329361,pchpc-bench,scc-cpu,1,16,16,1,32768,,c0020,hot_repeated_retrieval,final_merge_stress_500k_per_run_queries,mpi_tree,faiss,True,1,shard_aware_shared_npy,single_vectors_npy,full_query_pool_on_each_rank,per_run,55,1,16,500000,1,2560,100,5,50,1.253682308,1.2476378211875,0.26276807299999994,0.2559450040625,final_merge_stress_500k_per_run_queries,benchmark_500k_2560d_55q,42,False,per_run,50,0.03937970766000003,0.03786608950000003,0.037455146000000106,0.08539951800000001,0.007585705243701755,50,0.002181264620000034,0.0006651179999999091,0.0005536010000000147,0.04908672699999972,0.007716687292528744,50,0.03891688485999999,0.03741838299999989,0.03700409300000018,0.08464327700000007,0.007536154953684688,50,0.037196279677500006,0.037095026218749994,0.03666729681250003,0.040633310624999947,0.0005725162889574387,50,0.0019721196000000683,0.00045126350000024296,0.000340491999999859,0.048866434999999875,0.007715670013857415,50,0.0005077257650000172,0.0001280639999999833,0.0001182116875001471,0.01366238250000007,0.0020231791780341885,50,25.870878165100255,26.408858616011845,11.709667963231361,26.69860104136284,2.553091914952842
final_merge_stress_500k_per_run_queries,20260616-185618_faiss_tree_016r_c203e909,/mnt/vast-standard/home/darius.heere/u27936/pchpc-project/results/final_merge_stress_500k_per_run_queries/20260616-185618_faiss_tree_016r_c203e909,results/final_merge_stress_500k_per_run_queries/20260616-185618_faiss_tree_016r_c203e909/benchmark_metrics.json,2026-06-16T18:56:18,c0006,configs/merging_strategy_configs/final_merge_stress_500k_per_run_topk0100_tree.json,14329388,pchpc-bench,scc-cpu,4,16,4,1,16384,,"c[0006,0020,0084,0137]",hot_repeated_retrieval,final_merge_stress_500k_per_run_queries,mpi_tree,faiss,True,1,shard_aware_shared_npy,single_vectors_npy,full_query_pool_on_each_rank,per_run,55,1,16,500000,1,2560,100,5,50,0.351253327,0.3297537804375,0.255479609,0.18087382275,final_merge_stress_500k_per_run_queries,benchmark_500k_2560d_55q,42,False,per_run,50,0.042769964439999995,0.03336865049999993,0.032916064000000134,0.09342802900000002,0.01711305115197137,50,0.012188766580000041,0.0028944869999998346,0.0018535209999999136,0.06307558999999996,0.01713619040783831,50,0.042046690260000005,0.03274006899999993,0.03226901599999987,0.09272917300000039,0.01701786472309699,50,0.032863610791250004,0.03148228643750002,0.031216184562500027,0.044379192750000046,0.0030124433585827265,50,0.011927276239999993,0.0026412235000006223,0.001614436000000108,0.06277011699999946,0.017112409309442113,50,0.0015586251924999954,0.0003898708750000035,0.00032768468750005164,0.009414985499999945,0.0022655192552759294,50,25.860099593486765,29.968256620185542,10.703426056435374,30.380303064181547,6.515409273759452
final_merge_stress_500k_per_run_queries,20260616-224805_faiss_tree-explicit_016r_2a1fa0e9,/mnt/vast-standard/home/darius.heere/u27936/pchpc-project/results/final_merge_stress_500k_per_run_queries/20260616-224805_faiss_tree-explicit_016r_2a1fa0e9,results/final_merge_stress_500k_per_run_queries/20260616-224805_faiss_tree-explicit_016r_2a1fa0e9/benchmark_metrics.json,2026-06-16T22:48:05,c0020,configs/merging_strategy_configs/final_merge_stress_500k_per_run_topk0100_tree_explicit.json,14332270,pchpc-bench,scc-cpu,1,16,16,1,32768,,c0020,hot_repeated_retrieval,final_merge_stress_500k_per_run_queries,mpi_tree_explicit,faiss,True,1,shard_aware_shared_npy,single_vectors_npy,full_query_pool_on_each_rank,per_run,55,1,16,500000,1,2560,100,5,50,1.0712287199999997,1.052860499375,0.2793231760000001,0.2682881371875,final_merge_stress_500k_per_run_queries,benchmark_500k_2560d_55q,42,False,per_run,50,0.03993918838000006,0.03742939899999986,0.037087030000000354,0.07465182400000003,0.007307458641284663,50,0.002543547759999969,0.0005606035000000897,0.00037075799999986003,0.03816291100000013,0.006698739470528431,50,0.03954511307999998,0.03707497300000018,0.036723391000000216,0.07410765500000016,0.00725186989494362,50,0.037263480757499995,0.036734972718749995,0.03637859631250004,0.04867200968749996,0.0020395130640509613,50,0.0023322368200000467,0.0003282264999999729,0.00015456100000132977,0.038094400000000306,0.0067351003041473114,50,0.0005330692299999873,7.325253125001208e-05,5.7446750000023084e-05,0.009524611125000082,0.001585731431828092,50,25.576288565427863,26.716966646208576,13.395519980864762,26.963604257337145,3.042759128804054
final_merge_stress_500k_per_run_queries,20260616-231431_faiss_tree-explicit_016r_62812cee,/mnt/vast-standard/home/darius.heere/u27936/pchpc-project/results/final_merge_stress_500k_per_run_queries/20260616-231431_faiss_tree-explicit_016r_62812cee,results/final_merge_stress_500k_per_run_queries/20260616-231431_faiss_tree-explicit_016r_62812cee/benchmark_metrics.json,2026-06-16T23:14:31,c0084,configs/merging_strategy_configs/final_merge_stress_500k_per_run_topk0100_tree_explicit.json,14333145,pchpc-bench,scc-cpu,4,16,4,1,16384,,"c[0084,0409,0411-0412]",hot_repeated_retrieval,final_merge_stress_500k_per_run_queries,mpi_tree_explicit,faiss,True,1,shard_aware_shared_npy,single_vectors_npy,full_query_pool_on_each_rank,per_run,55,1,16,500000,1,2560,100,5,50,0.42722749399999993,0.33555211818749997,0.2634549359999998,0.24092266806249998,final_merge_stress_500k_per_run_queries,benchmark_500k_2560d_55q,42,False,per_run,50,0.061906307879999956,0.045769276499999956,0.045216425000000005,0.11564021700000016,0.024090636609990296,50,0.013451841439999938,0.0005954580000000487,0.0003585310000000508,0.07110401800000021,0.02211509881581357,50,0.06131779044000007,0.04532081499999985,0.04475589200000041,0.11516802399999992,0.023986751866782844,50,0.041777261748750016,0.0378405501875,0.03717817693750003,0.06773388837500001,0.0064788025798087475,50,0.018523857900000017,0.0014264939999997228,0.0001591639999998229,0.07082234800000009,0.02496408844541834,50,0.0019145769362500168,0.00014924684375000608,6.0137125000137015e-05,0.009783925812500038,0.002742464381295121,50,18.145285491422356,21.8498777822235,8.647510580164326,22.115857235506784,5.277447638052657
final_merge_stress_500k_per_run_queries,20260616-184539_faiss_centralized_016r_d7c2c6bc,/mnt/vast-standard/home/darius.heere/u27936/pchpc-project/results/final_merge_stress_500k_per_run_queries/20260616-184539_faiss_centralized_016r_d7c2c6bc,results/final_merge_stress_500k_per_run_queries/20260616-184539_faiss_centralized_016r_d7c2c6bc/benchmark_metrics.json,2026-06-16T18:45:39,c0020,configs/merging_strategy_configs/final_merge_stress_500k_per_run_topk1000_centralized.json,14329362,pchpc-bench,scc-cpu,1,16,16,1,32768,,c0020,hot_repeated_retrieval,final_merge_stress_500k_per_run_queries,mpi_centralized,faiss,True,1,shard_aware_shared_npy,single_vectors_npy,full_query_pool_on_each_rank,per_run,55,1,16,500000,1,2560,1000,5,50,1.093025483,1.0847272310625,0.27485024999999985,0.26343001199999994,final_merge_stress_500k_per_run_queries,benchmark_500k_2560d_55q,42,False,per_run,50,0.040802613280000004,0.038096281500000106,0.037698670000000156,0.08531859899999983,0.009481048288301952,50,0.0002817121199999839,0.0002759009999999673,0.00025498800000001154,0.0004543390000000258,2.8233189829430247e-05,50,0.03998596335999995,0.037329509999999955,0.03692032699999981,0.0845262149999999,0.009421357414071595,50,0.037537723300000006,0.03695942287499998,0.03658906456249997,0.04844102187499999,0.0021686269094644767,50,0.0035067936600000136,0.0008701025000001916,0.0007698990000002404,0.04931293800000036,0.009480095908958363,50,0.0006568052875000008,0.00015411846874997803,0.00014001906249996865,0.011249746312499975,0.001984525341792374,50,25.261209486539887,26.249281048609568,11.72077380220463,26.5261347416234,3.3359771533994564
final_merge_stress_500k_per_run_queries,20260616-185719_faiss_centralized_016r_4b31cfad,/mnt/vast-standard/home/darius.heere/u27936/pchpc-project/results/final_merge_stress_500k_per_run_queries/20260616-185719_faiss_centralized_016r_4b31cfad,results/final_merge_stress_500k_per_run_queries/20260616-185719_faiss_centralized_016r_4b31cfad/benchmark_metrics.json,2026-06-16T18:57:19,c0006,configs/merging_strategy_configs/final_merge_stress_500k_per_run_topk1000_centralized.json,14329389,pchpc-bench,scc-cpu,4,16,4,1,16384,,"c[0006,0020,0084,0137]",hot_repeated_retrieval,final_merge_stress_500k_per_run_queries,mpi_centralized,faiss,True,1,shard_aware_shared_npy,single_vectors_npy,full_query_pool_on_each_rank,per_run,55,1,16,500000,1,2560,1000,5,50,0.348715801,0.331768740375,0.23478262300000008,0.176247736625,final_merge_stress_500k_per_run_queries,benchmark_500k_2560d_55q,42,False,per_run,50,0.03958936073999999,0.033833166500000234,0.03333833600000036,0.09295210900000006,0.01377798168139248,50,0.0002873185800000133,0.0002836430000001666,0.0002656610000000281,0.00037147700000006445,2.2639556473367024e-05,50,0.03871423280000004,0.03300957350000022,0.03254369800000001,0.09213415800000035,0.013678209650955413,50,0.03307697540125001,0.03158315521874998,0.03141654162499999,0.056947750562500066,0.004457423441543848,50,0.008264207980000044,0.0025516705000000472,0.0016644069999998123,0.06137249299999992,0.013757947805871019,50,0.0011967465312500037,0.00042819465624997777,0.0003268208749999668,0.008756689625000022,0.0019517481366572826,50,27.023887874206697,29.556795992101627,10.758228196844886,29.995498275618473,5.325709375802768
final_merge_stress_500k_per_run_queries,20260616-184658_faiss_tree_016r_6fac95ec,/mnt/vast-standard/home/darius.heere/u27936/pchpc-project/results/final_merge_stress_500k_per_run_queries/20260616-184658_faiss_tree_016r_6fac95ec,results/final_merge_stress_500k_per_run_queries/20260616-184658_faiss_tree_016r_6fac95ec/benchmark_metrics.json,2026-06-16T18:46:58,c0020,configs/merging_strategy_configs/final_merge_stress_500k_per_run_topk1000_tree.json,14329363,pchpc-bench,scc-cpu,1,16,16,1,32768,,c0020,hot_repeated_retrieval,final_merge_stress_500k_per_run_queries,mpi_tree,faiss,True,1,shard_aware_shared_npy,single_vectors_npy,full_query_pool_on_each_rank,per_run,55,1,16,500000,1,2560,1000,5,50,1.0950674360000001,1.0914283958125,0.2807924559999999,0.27435944743749996,final_merge_stress_500k_per_run_queries,benchmark_500k_2560d_55q,42,False,per_run,50,0.04083856678000004,0.038342019000000116,0.038034370000000095,0.08608595100000027,0.009967304943849493,50,0.0024568918399999707,0.0009217315000000781,0.0008212199999997338,0.048492745999999975,0.007579027058186408,50,0.04008678136000002,0.03759421200000013,0.037330293999999764,0.08536330800000025,0.00993841803247644,50,0.0380575067275,0.03727532806250004,0.037000233874999955,0.0536518725,0.0031480707567483734,50,0.003024497740000056,0.0005147279999997423,0.00042461300000029567,0.050199906000000016,0.010179968043895048,50,0.0006260112212500018,0.0001472459062499959,0.00013164675000004733,0.014608888687499988,0.0022169582668650845,50,25.238805075939364,26.081047026216254,11.61629729803411,26.292009043399364,3.168274275363033
final_merge_stress_500k_per_run_queries,20260616-185821_faiss_tree_016r_9458f212,/mnt/vast-standard/home/darius.heere/u27936/pchpc-project/results/final_merge_stress_500k_per_run_queries/20260616-185821_faiss_tree_016r_9458f212,results/final_merge_stress_500k_per_run_queries/20260616-185821_faiss_tree_016r_9458f212/benchmark_metrics.json,2026-06-16T18:58:21,c0006,configs/merging_strategy_configs/final_merge_stress_500k_per_run_topk1000_tree.json,14329390,pchpc-bench,scc-cpu,4,16,4,1,16384,,"c[0006,0020,0084,0137]",hot_repeated_retrieval,final_merge_stress_500k_per_run_queries,mpi_tree,faiss,True,1,shard_aware_shared_npy,single_vectors_npy,full_query_pool_on_each_rank,per_run,55,1,16,500000,1,2560,1000,5,50,0.3589625780000001,0.33270002925,0.235956155,0.17583332481249997,final_merge_stress_500k_per_run_queries,benchmark_500k_2560d_55q,42,False,per_run,50,0.04016756089999999,0.033175535000000034,0.032763294,0.09578127699999994,0.015632281748304586,50,0.009174386019999963,0.0022005010000001324,0.0010546130000004261,0.06484428299999978,0.015670993452175395,50,0.03918245172,0.03224783599999981,0.03185074999999982,0.09466219799999998,0.015558753547095823,50,0.032920091405000004,0.03138161475000001,0.031188814562499972,0.05113728175,0.0041967788008113105,50,0.00877747100000001,0.0017723604999998477,0.001118693000000004,0.06434605599999976,0.015630475420380287,50,0.0011868417949999985,0.0003520820000000313,0.00028445250000003197,0.00964731456250005,0.0018590512286359151,50,27.036362447259712,30.142705970403807,10.440453826899809,30.521961558566122,5.826877407392867
final_merge_stress_500k_per_run_queries,20260616-224852_faiss_tree-explicit_016r_2271b2b7,/mnt/vast-standard/home/darius.heere/u27936/pchpc-project/results/final_merge_stress_500k_per_run_queries/20260616-224852_faiss_tree-explicit_016r_2271b2b7,results/final_merge_stress_500k_per_run_queries/20260616-224852_faiss_tree-explicit_016r_2271b2b7/benchmark_metrics.json,2026-06-16T22:48:52,c0020,configs/merging_strategy_configs/final_merge_stress_500k_per_run_topk1000_tree_explicit.json,14332271,pchpc-bench,scc-cpu,1,16,16,1,32768,,c0020,hot_repeated_retrieval,final_merge_stress_500k_per_run_queries,mpi_tree_explicit,faiss,True,1,shard_aware_shared_npy,single_vectors_npy,full_query_pool_on_each_rank,per_run,55,1,16,500000,1,2560,1000,5,50,1.0922249050000001,1.0881287320000002,0.27087834300000013,0.267641943625,final_merge_stress_500k_per_run_queries,benchmark_500k_2560d_55q,42,False,per_run,50,0.03975484372000004,0.0378222505000001,0.037440402000000095,0.08505038900000006,0.008901647932209027,50,0.0016987926399999686,0.0007833360000000233,0.0007141270000001754,0.04565558100000011,0.006344165784157436,50,0.039176954340000014,0.037251747,0.036873944000000325,0.0844474420000001,0.00889669963100579,50,0.037962127930000006,0.03694202971874999,0.03656222356249997,0.07002407218749998,0.004998927618710332,50,0.0019895935199999125,0.0003800184999993572,0.00031043699999999674,0.04517261800000005,0.008022267785208762,50,0.00036315162124999354,8.084193749996471e-05,6.790868750009005e-05,0.008397471750000024,0.0014174230974488278,50,25.775838430026845,26.439463683675456,11.757735758269128,26.70911492884071,2.8379687124984176
final_merge_stress_500k_per_run_queries,20260616-225426_faiss_tree-explicit_016r_e1ef7639,/mnt/vast-standard/home/darius.heere/u27936/pchpc-project/results/final_merge_stress_500k_per_run_queries/20260616-225426_faiss_tree-explicit_016r_e1ef7639,results/final_merge_stress_500k_per_run_queries/20260616-225426_faiss_tree-explicit_016r_e1ef7639/benchmark_metrics.json,2026-06-16T22:54:26,c0084,configs/merging_strategy_configs/final_merge_stress_500k_per_run_topk1000_tree_explicit.json,14332310,pchpc-bench,scc-cpu,4,16,4,1,16384,,"c[0084,0409,0411-0412]",hot_repeated_retrieval,final_merge_stress_500k_per_run_queries,mpi_tree_explicit,faiss,True,1,shard_aware_shared_npy,single_vectors_npy,full_query_pool_on_each_rank,per_run,55,1,16,500000,1,2560,1000,5,50,1.251150366,0.496029973625,0.2588030000000001,0.24019954637499996,final_merge_stress_500k_per_run_queries,benchmark_500k_2560d_55q,42,False,per_run,50,0.05493347872000001,0.045739616000000316,0.04564101699999945,0.11639320400000042,0.01869807756953518,50,0.00751411261999996,0.0007062614999999717,0.0006147290000004801,0.0718403030000001,0.01665891465198336,50,0.0541920629,0.04508743100000001,0.04498508000000001,0.11528706300000024,0.01862349811673562,50,0.03921924126375,0.03758352306250004,0.03729836518749999,0.05957209437499997,0.004414099385620299,50,0.007544340980000044,0.0003289209999997045,0.00017892099999983202,0.07114528999999958,0.016748283314133364,50,0.0008024338062500069,9.427956250002145e-05,6.668368749995768e-05,0.008175336687499923,0.0017582783778199676,50,19.567813781415094,21.862885987266303,8.591566909696862,21.910116507702096,4.18990525767727
final_merge_stress_500k_per_run_queries,20260616-184813_faiss_centralized_016r_107e18d3,/mnt/vast-standard/home/darius.heere/u27936/pchpc-project/results/final_merge_stress_500k_per_run_queries/20260616-184813_faiss_centralized_016r_107e18d3,results/final_merge_stress_500k_per_run_queries/20260616-184813_faiss_centralized_016r_107e18d3/benchmark_metrics.json,2026-06-16T18:48:13,c0020,configs/merging_strategy_configs/final_merge_stress_500k_per_run_topk5000_centralized.json,14329364,pchpc-bench,scc-cpu,1,16,16,1,32768,,c0020,hot_repeated_retrieval,final_merge_stress_500k_per_run_queries,mpi_centralized,faiss,True,1,shard_aware_shared_npy,single_vectors_npy,full_query_pool_on_each_rank,per_run,55,1,16,500000,1,2560,5000,5,50,1.0944222090000002,1.0891040163125,0.26998180800000005,0.2607762045625,final_merge_stress_500k_per_run_queries,benchmark_500k_2560d_55q,42,False,per_run,50,0.04428550373999998,0.04037131149999995,0.04004776100000029,0.08832073799999973,0.012187552912222736,50,0.0008574492800000044,0.0008488675000002388,0.0007551439999997633,0.001248701999999824,6.855342704451357e-05,50,0.04249028340000005,0.03862957800000033,0.038246192999999984,0.08663775200000012,0.012079171375187953,50,0.039353897467499996,0.03828763031249996,0.037944730249999975,0.05900571412500005,0.003708015929479031,50,0.00502689942,0.0012558469999999211,0.0009334719999998242,0.05099045300000027,0.012026859944424073,50,0.0008788597399999975,0.0002236703437500237,0.00019271918749999561,0.00910004249999996,0.0020264230650870046,50,23.54736285235103,24.770092983548913,11.322369158645426,24.97018497488518,3.6154631446636594
final_merge_stress_500k_per_run_queries,20260616-185926_faiss_centralized_016r_b93e79f2,/mnt/vast-standard/home/darius.heere/u27936/pchpc-project/results/final_merge_stress_500k_per_run_queries/20260616-185926_faiss_centralized_016r_b93e79f2,results/final_merge_stress_500k_per_run_queries/20260616-185926_faiss_centralized_016r_b93e79f2/benchmark_metrics.json,2026-06-16T18:59:26,c0006,configs/merging_strategy_configs/final_merge_stress_500k_per_run_topk5000_centralized.json,14329391,pchpc-bench,scc-cpu,4,16,4,1,16384,,"c[0006,0020,0084,0137]",hot_repeated_retrieval,final_merge_stress_500k_per_run_queries,mpi_centralized,faiss,True,1,shard_aware_shared_npy,single_vectors_npy,full_query_pool_on_each_rank,per_run,55,1,16,500000,1,2560,5000,5,50,0.34835251200000006,0.33099100525,0.24151030899999992,0.179161062125,final_merge_stress_500k_per_run_queries,benchmark_500k_2560d_55q,42,False,per_run,50,0.04564412764,0.03570273399999979,0.035149879999999856,0.09872539199999997,0.017910175456443186,50,0.000883072499999984,0.0008671834999998129,0.0008004999999999818,0.0011916580000002064,7.364762856682925e-05,50,0.043900087540000014,0.03399683649999974,0.033485731000000074,0.09699546100000012,0.01791477390185511,50,0.03455324665125001,0.03261207574999998,0.032353499812499964,0.05385775237500001,0.004622004801218875,50,0.012763914939999994,0.002789747000000009,0.002017856000000151,0.06600746399999968,0.017962279667903817,50,0.002030982683750011,0.0004914555000000431,0.00038282481250001554,0.00983789749999997,0.0027716588356054214,50,24.188353948127244,28.009065996795016,10.129106400509409,28.449599258944954,6.104005524683819
final_merge_stress_500k_per_run_queries,20260616-185103_faiss_tree_016r_f22b7e94,/mnt/vast-standard/home/darius.heere/u27936/pchpc-project/results/final_merge_stress_500k_per_run_queries/20260616-185103_faiss_tree_016r_f22b7e94,results/final_merge_stress_500k_per_run_queries/20260616-185103_faiss_tree_016r_f22b7e94/benchmark_metrics.json,2026-06-16T18:51:03,c0006,configs/merging_strategy_configs/final_merge_stress_500k_per_run_topk5000_tree.json,14329365,pchpc-bench,scc-cpu,1,16,16,1,32768,,c0006,hot_repeated_retrieval,final_merge_stress_500k_per_run_queries,mpi_tree,faiss,True,1,shard_aware_shared_npy,single_vectors_npy,full_query_pool_on_each_rank,per_run,55,1,16,500000,1,2560,5000,5,50,0.996554012,0.9938874029375,0.257993742,0.25272355837499993,final_merge_stress_500k_per_run_queries,benchmark_500k_2560d_55q,42,False,per_run,50,0.04136283427999999,0.03902128500000002,0.038764804000000375,0.06533142299999994,0.007046590365278656,50,0.0031146631600000065,0.0018233114999999245,0.0016266430000002607,0.017786059000000076,0.0037886402821464557,50,0.039824074380000005,0.0375208924999999,0.03718399299999975,0.06367102799999991,0.006949323178023411,50,0.03812684069,0.03710332868750003,0.036889638625,0.053074216624999976,0.0034306429217952038,50,0.0030663338000000272,0.0007331769999998627,0.0005735050000001962,0.029140404000000064,0.0072281544024146134,50,0.0007023397475000087,0.0002883822812500547,0.00024259712500010466,0.0061036854374999505,0.0013488063847268347,50,24.64710773571149,25.62704389046018,15.306570009962906,25.796596314532902,2.8282452976144263
final_merge_stress_500k_per_run_queries,20260616-190028_faiss_tree_016r_d2624383,/mnt/vast-standard/home/darius.heere/u27936/pchpc-project/results/final_merge_stress_500k_per_run_queries/20260616-190028_faiss_tree_016r_d2624383,results/final_merge_stress_500k_per_run_queries/20260616-190028_faiss_tree_016r_d2624383/benchmark_metrics.json,2026-06-16T19:00:28,c0006,configs/merging_strategy_configs/final_merge_stress_500k_per_run_topk5000_tree.json,14329392,pchpc-bench,scc-cpu,4,16,4,1,16384,,"c[0006,0020,0084,0137]",hot_repeated_retrieval,final_merge_stress_500k_per_run_queries,mpi_tree,faiss,True,1,shard_aware_shared_npy,single_vectors_npy,full_query_pool_on_each_rank,per_run,55,1,16,500000,1,2560,5000,5,50,0.3553737450000001,0.331104701625,0.23801583799999992,0.1806985183125,final_merge_stress_500k_per_run_queries,benchmark_500k_2560d_55q,42,False,per_run,50,0.04147840411999997,0.035664316500000126,0.03528106200000014,0.09838816699999953,0.013940494475661994,50,0.009768476480000015,0.004082725000000176,0.0032144010000001444,0.06650791900000019,0.013931613265092128,50,0.039659081860000014,0.0339111725000002,0.033617625999999845,0.09654369499999982,0.013881626865658523,50,0.034021979641250005,0.032453819156249994,0.03221685693749998,0.06012677106249997,0.0047877134532363745,50,0.00857377940000001,0.0029111305000000254,0.0021077789999996988,0.06527902000000063,0.013915549108601682,50,0.0012008957387499993,0.0005510054687499766,0.00043118618749998783,0.008896188687499987,0.0016089564886067188,50,25.675849441408626,28.039232831460055,10.163823867152692,28.343817995047768,4.904745484238422
final_merge_stress_500k_per_run_queries,20260616-225000_faiss_tree-explicit_016r_e255c05d,/mnt/vast-standard/home/darius.heere/u27936/pchpc-project/results/final_merge_stress_500k_per_run_queries/20260616-225000_faiss_tree-explicit_016r_e255c05d,results/final_merge_stress_500k_per_run_queries/20260616-225000_faiss_tree-explicit_016r_e255c05d/benchmark_metrics.json,2026-06-16T22:50:00,c0020,configs/merging_strategy_configs/final_merge_stress_500k_per_run_topk5000_tree_explicit.json,14332272,pchpc-bench,scc-cpu,1,16,16,1,32768,,c0020,hot_repeated_retrieval,final_merge_stress_500k_per_run_queries,mpi_tree_explicit,faiss,True,1,shard_aware_shared_npy,single_vectors_npy,full_query_pool_on_each_rank,per_run,55,1,16,500000,1,2560,5000,5,50,1.089809284,1.0834343668750002,0.26640265800000007,0.25498888049999996,final_merge_stress_500k_per_run_queries,benchmark_500k_2560d_55q,42,False,per_run,50,0.041852931540000006,0.039589106999999846,0.03919408400000002,0.08690831099999974,0.008450512060941103,50,0.0029031985399999715,0.0015662184999998274,0.0012891619999999548,0.029190693000000323,0.0056146844606410245,50,0.040453940860000016,0.03820735350000004,0.037766160999999965,0.08552181499999989,0.00841927852225445,50,0.03865350007625001,0.037814948000000015,0.03744597537499997,0.06447278012500002,0.003930858691430238,50,0.002836250819999977,0.0004931604999998118,0.0002588959999996199,0.0509656129999998,0.008919789722744967,50,0.0005361275774999985,0.00014877671874999332,0.00011858999999991848,0.007261755937499975,0.0014103557639848076,50,24.44980188598569,25.2594735380094,11.506379407143271,25.51405462110046,2.8560842287276675
final_merge_stress_500k_per_run_queries,20260616-225511_faiss_tree-explicit_016r_95ea53df,/mnt/vast-standard/home/darius.heere/u27936/pchpc-project/results/final_merge_stress_500k_per_run_queries/20260616-225511_faiss_tree-explicit_016r_95ea53df,results/final_merge_stress_500k_per_run_queries/20260616-225511_faiss_tree-explicit_016r_95ea53df/benchmark_metrics.json,2026-06-16T22:55:11,c0084,configs/merging_strategy_configs/final_merge_stress_500k_per_run_topk5000_tree_explicit.json,14332311,pchpc-bench,scc-cpu,4,16,4,1,16384,,"c[0084,0409,0411-0412]",hot_repeated_retrieval,final_merge_stress_500k_per_run_queries,mpi_tree_explicit,faiss,True,1,shard_aware_shared_npy,single_vectors_npy,full_query_pool_on_each_rank,per_run,55,1,16,500000,1,2560,5000,5,50,0.437003425,0.33900011481250003,0.26031629899999986,0.2383549995,final_merge_stress_500k_per_run_queries,benchmark_500k_2560d_55q,42,False,per_run,50,0.06252374109999999,0.04756454600000004,0.047258411999999694,0.11770871000000005,0.023117061569140653,50,0.013112544860000006,0.0015900154999999305,0.0013091569999998942,0.07194914699999977,0.020645358419930173,50,0.06084155317999996,0.04603476249999994,0.04573108899999978,0.11612453199999972,0.023085097773879758,50,0.04227001866375,0.03879189659375003,0.03817961849999996,0.05865841793750004,0.0061054142049397206,50,0.015370917040000123,0.001991595500000054,0.0002967540000007318,0.07075570399999975,0.02183072887239439,50,0.0018334196100000238,0.0002525752187499536,0.0001349609374998728,0.009975469437499968,0.002743243882598884,50,17.6513186090943,21.02406309658462,8.495548035485221,21.16025396706107,4.663125420695193
final_merge_stress_500k_topk0010,20260603-233819_faiss_centralized_016r_e8121140,/mnt/vast-standard/home/darius.heere/u27936/pchpc-project/results/final_merge_stress_500k_topk0010/20260603-233819_faiss_centralized_016r_e8121140,results/final_merge_stress_500k_topk0010/20260603-233819_faiss_centralized_016r_e8121140/benchmark_metrics.json,2026-06-03T23:38:19,c0081,configs/merging_strategy_configs/final_merge_stress_500k_topk0010_centralized.json,14074936,pchpc-bench,scc-cpu,1,16,16,1,32768,,c0081,hot_repeated_retrieval,final_merge_stress_500k_topk0010,mpi_centralized,faiss,True,1,shard_aware_shared_npy,single_vectors_npy,full_queries_on_each_rank,,,,16,500000,1,2560,10,2,10,12.427864117999999,5.6032640646875,0.17070956500000012,0.12671558575000025,final_merge_stress_500k_topk0010,benchmark_500k_2560d,42,False,,10,0.03429063320000001,0.034221561499999886,0.0338199079999999,0.03473421200000004,0.000339107814625148,10,0.00014199859999983744,0.00013890049999965015,0.0001332489999992248,0.0001645440000004328,9.436257758934238e-06,10,0.03375079869999986,0.033690359499999545,0.03330514700000009,0.0341865049999992,0.00031766128043741147,10,0.03294896725,0.03289542753125024,0.032737937687499885,0.033230122437499454,0.0001447837534143233,10,0.0005814493000000809,0.0005534870000003522,0.0005119520000000932,0.0007828009999997221,8.282496629768799e-05,10,0.00014680783125012865,0.00014114165625034314,0.00013206256250042347,0.000215220937500038,2.455537367860829e-05,10,29.16504800154274,29.221346377436646,28.79005863153017,29.568383213816045,0.2882238717092142
final_merge_stress_500k_topk0010,20260604-031050_faiss_centralized_016r_665cb4ca,/mnt/vast-standard/home/darius.heere/u27936/pchpc-project/results/final_merge_stress_500k_topk0010/20260604-031050_faiss_centralized_016r_665cb4ca,results/final_merge_stress_500k_topk0010/20260604-031050_faiss_centralized_016r_665cb4ca/benchmark_metrics.json,2026-06-04T03:10:50,c0065,configs/merging_strategy_configs/final_merge_stress_500k_topk0010_centralized.json,14075039,pchpc-bench,scc-cpu,4,16,4,1,16384,,"c[0065,0081,0142,0410]",hot_repeated_retrieval,final_merge_stress_500k_topk0010,mpi_centralized,faiss,True,1,shard_aware_shared_npy,single_vectors_npy,full_queries_on_each_rank,,,,16,500000,1,2560,10,2,10,3.87121739,1.2477080748125,0.21778891100000042,0.15916666806250013,final_merge_stress_500k_topk0010,benchmark_500k_2560d,42,False,,10,0.03494120480000014,0.03478364899999997,0.03410174399999999,0.03563009500000014,0.0005289046194965229,10,0.0001454070000000307,0.0001446700000000689,0.00013905299999983356,0.0001550450000005199,4.357863365459443e-06,10,0.03437956480000022,0.034219305500000186,0.033529759000000325,0.035091934000000435,0.0005402909759250647,10,0.03216794275625,0.032179789656249985,0.03184479818749997,0.03266082687500016,0.00024451429425290957,10,0.0032776147000001645,0.0031813825000002183,0.002333711000000349,0.0041497630000000285,0.000567249886979892,10,0.0005163480812500176,0.0005035058749999766,0.0004114562500000529,0.000646424625000086,7.244348003852453e-05,10,28.625411891102566,28.74923204948693,28.066161485115213,29.324013458080042,0.43358873484232263
final_merge_stress_500k_topk0010,20260603-234001_faiss_tree_016r_45564eac,/mnt/vast-standard/home/darius.heere/u27936/pchpc-project/results/final_merge_stress_500k_topk0010/20260603-234001_faiss_tree_016r_45564eac,results/final_merge_stress_500k_topk0010/20260603-234001_faiss_tree_016r_45564eac/benchmark_metrics.json,2026-06-03T23:40:01,c0081,configs/merging_strategy_configs/final_merge_stress_500k_topk0010_tree.json,14074949,pchpc-bench,scc-cpu,1,16,16,1,32768,,c0081,hot_repeated_retrieval,final_merge_stress_500k_topk0010,mpi_tree,faiss,True,1,shard_aware_shared_npy,single_vectors_npy,full_queries_on_each_rank,,,,16,500000,1,2560,10,2,10,3.075760108,3.0638379798125,0.22154174100000024,0.21773869531249992,final_merge_stress_500k_topk0010,benchmark_500k_2560d,42,False,,10,0.03866548870000015,0.03843913399999943,0.03788740000000068,0.03986593900000024,0.0006186897984201418,10,0.00046089399999988957,0.0004253169999999251,0.000360556999999595,0.0007208249999992589,0.00010586628222425352,10,0.03814050840000007,0.03798421200000002,0.03731164499999995,0.03939655799999997,0.0006112713166398391,10,0.03795186486875009,0.03779141071875011,0.037100913250000145,0.03920783381250004,0.0006185168474516867,10,0.0007229301000002408,0.0006938300000012276,0.00063843600000002,0.0008970760000002187,8.945521392338617e-05,10,0.00017422275625006978,0.00017034359374989982,0.0001502113749998757,0.00021359706249995947,1.9175873177672286e-05,10,25.868759158226165,26.015178158703215,25.08406988732898,26.393999060373158,0.40989764368793175
final_merge_stress_500k_topk0010,20260605-094630_faiss_tree_016r_3ad3ec86,/mnt/vast-standard/home/darius.heere/u27936/pchpc-project/results/final_merge_stress_500k_topk0010/20260605-094630_faiss_tree_016r_3ad3ec86,results/final_merge_stress_500k_topk0010/20260605-094630_faiss_tree_016r_3ad3ec86/benchmark_metrics.json,2026-06-05T09:46:30,c0075,configs/merging_strategy_configs/final_merge_stress_500k_topk0010_tree.json,14087822,pchpc-bench,scc-cpu,4,16,4,1,16384,,"c[0075,0078,0137-0138]",hot_repeated_retrieval,final_merge_stress_500k_topk0010,mpi_tree,faiss,True,1,shard_aware_shared_npy,single_vectors_npy,full_queries_on_each_rank,,,,16,500000,1,2560,10,2,10,3.84465669,2.5501578023125,0.3682994739999996,0.22834876868749998,final_merge_stress_500k_topk0010,benchmark_500k_2560d,42,False,,10,0.04107926729999987,0.038049441500000114,0.03627357299999989,0.050857613999999884,0.005575184224722423,10,0.009486787799999962,0.006430054500000004,0.004814023999999861,0.019250065999999677,0.0055331432351067595,10,0.040471028900000226,0.03752166300000015,0.035700821000000715,0.05014168699999999,0.0055076402902658845,10,0.03485169875000002,0.03444360693750009,0.033227011812499985,0.037078146749999985,0.0013274237565942305,10,0.009248430500000371,0.006204582000000514,0.004577918000000736,0.018989222999999278,0.005515812968909922,10,0.0007645558687500387,0.0005550479062499947,0.0004751638125000679,0.0013965974999998187,0.000358381111823845,10,24.718461944313177,26.298991284606828,19.66273919181506,27.56827952956283,3.082205858958436
final_merge_stress_500k_topk0010_rerun,20260609-000857_faiss_tree_016r_29a5657b,/mnt/vast-standard/home/darius.heere/u27936/pchpc-project/results/final_merge_stress_500k_topk0010_rerun/20260609-000857_faiss_tree_016r_29a5657b,results/final_merge_stress_500k_topk0010_rerun/20260609-000857_faiss_tree_016r_29a5657b/benchmark_metrics.json,2026-06-09T00:08:57,c0137,configs/merging_strategy_configs/final_merge_stress_500k_topk0010_tree_rerun.json,14169528,pchpc-bench,scc-cpu,4,16,4,1,16384,,"c[0137,0142,0410,0413]",hot_repeated_retrieval,final_merge_stress_500k_topk0010_rerun,mpi_tree,faiss,True,1,shard_aware_shared_npy,single_vectors_npy,full_queries_on_each_rank,,,,16,500000,1,2560,10,2,10,2.992045618,0.9509248064375,0.13746052499999983,0.12616399262499994,final_merge_stress_500k_topk0010_rerun,benchmark_500k_2560d,42,False,,10,0.03630756159999993,0.03630645349999995,0.03614426299999973,0.03664118900000002,0.00014860561691354353,10,0.005748202199999985,0.005796713999999925,0.005081362999999506,0.006144477999999509,0.0002711243512105491,10,0.03575489789999988,0.03574357299999997,0.035589553999999524,0.036104040999999754,0.00015541797036699623,10,0.03215919386875,0.03214561893749997,0.03205450643750005,0.03227286337499996,7.275581703214118e-05,10,0.005530402700000181,0.005576793500000177,0.004880859000000903,0.005924187000000636,0.00026671049243401677,10,0.0006056137187500143,0.0005911637499999983,0.0005283504999999411,0.0007762541875000195,6.571613584483464e-05,10,27.54288562814438,27.543318533418336,27.291690780012612,27.666908023550167,0.11227894566998949
final_merge_stress_500k_topk0010_tree_explicit,20260608-021155_faiss_tree-explicit_016r_a802872b,/mnt/vast-standard/home/darius.heere/u27936/pchpc-project/results/final_merge_stress_500k_topk0010_tree_explicit/20260608-021155_faiss_tree-explicit_016r_a802872b,results/final_merge_stress_500k_topk0010_tree_explicit/20260608-021155_faiss_tree-explicit_016r_a802872b/benchmark_metrics.json,2026-06-08T02:11:55,c0091,configs/merging_strategy_configs/final_merge_stress_500k_topk0010_tree_explicit.json,14137494,pchpc-bench,scc-cpu,4,16,4,1,16384,,"c[0091,0138,0409,0416]",hot_repeated_retrieval,final_merge_stress_500k_topk0010_tree_explicit,mpi_tree_explicit,faiss,True,1,shard_aware_shared_npy,single_vectors_npy,full_queries_on_each_rank,,,,16,500000,1,2560,10,2,10,0.34231884700000004,0.3189929275,0.23788991100000012,0.178695198125,final_merge_stress_500k_topk0010_tree_explicit,benchmark_500k_2560d,42,False,,10,0.050737323,0.0357618285000002,0.03540459699999987,0.08487240399999996,0.022711268805575193,10,0.016827826700000027,0.0020217860000000254,0.0015151709999998708,0.0502700220000003,0.02244383481630632,10,0.05031728139999987,0.035386165999999886,0.03504219999999991,0.08429391700000011,0.022640988630449593,10,0.036384886875,0.03388811696874994,0.0336269288125,0.045639221624999976,0.004276089578130841,10,0.01657566270000004,0.0017774530000000954,0.0012954709999992708,0.04998411900000033,0.022425672738520037,10,0.0023188091437500295,0.00022533346875002608,0.00019486099999999063,0.009206714500000046,0.0035254775075534866,10,22.754588008703003,27.962805503454874,11.782392778694009,28.244919720453353,7.5997614943978835
final_merge_stress_500k_topk0100,20260603-233849_faiss_centralized_016r_c5268b96,/mnt/vast-standard/home/darius.heere/u27936/pchpc-project/results/final_merge_stress_500k_topk0100/20260603-233849_faiss_centralized_016r_c5268b96,results/final_merge_stress_500k_topk0100/20260603-233849_faiss_centralized_016r_c5268b96/benchmark_metrics.json,2026-06-03T23:38:49,c0081,configs/merging_strategy_configs/final_merge_stress_500k_topk0100_centralized.json,14074943,pchpc-bench,scc-cpu,1,16,16,1,32768,,c0081,hot_repeated_retrieval,final_merge_stress_500k_topk0100,mpi_centralized,faiss,True,1,shard_aware_shared_npy,single_vectors_npy,full_queries_on_each_rank,,,,16,500000,1,2560,100,2,10,1.6504555430000003,1.64192419475,0.15380312399999996,0.14591929299999998,final_merge_stress_500k_topk0100,benchmark_500k_2560d,42,False,,10,0.03416726049999994,0.03415460749999988,0.033841937000000044,0.03441084500000002,0.0001628494035380541,10,0.00016259210000000302,0.0001629995000000939,0.00015252099999996105,0.0001692109999997804,5.639617076266934e-06,10,0.033621105900000135,0.0336127890000002,0.033299097,0.033846738000000265,0.0001564835953095685,10,0.032897088293750015,0.03291569915625002,0.032677675937499984,0.03300899162500007,9.159366224772403e-05,10,0.0006608660000000377,0.0006456810000001756,0.0006084520000002591,0.0007254020000000416,3.5357702432860535e-05,10,0.00016037390000000484,0.00016054306249996264,0.00014850156249998636,0.00018237774999999012,1.0098171358922204e-05,10,29.268383401711237,29.27863649887214,29.060605747984372,29.54913603201846,0.1397369352325525
final_merge_stress_500k_topk0100,20260604-031114_faiss_centralized_016r_d73774c6,/mnt/vast-standard/home/darius.heere/u27936/pchpc-project/results/final_merge_stress_500k_topk0100/20260604-031114_faiss_centralized_016r_d73774c6,results/final_merge_stress_500k_topk0100/20260604-031114_faiss_centralized_016r_d73774c6/benchmark_metrics.json,2026-06-04T03:11:14,c0065,configs/merging_strategy_configs/final_merge_stress_500k_topk0100_centralized.json,14075040,pchpc-bench,scc-cpu,4,16,4,1,16384,,"c[0065,0081,0142,0410]",hot_repeated_retrieval,final_merge_stress_500k_topk0100,mpi_centralized,faiss,True,1,shard_aware_shared_npy,single_vectors_npy,full_queries_on_each_rank,,,,16,500000,1,2560,100,2,10,0.3629788340000001,0.334605061375,0.13939011599999995,0.1265649234375,final_merge_stress_500k_topk0100,benchmark_500k_2560d,42,False,,10,0.03497818880000007,0.03494863650000013,0.0346537950000001,0.0355164830000001,0.0002556300167185124,10,0.00015720579999995988,0.00015576350000001682,0.00014887800000007445,0.000175778999999876,8.120069578221716e-06,10,0.034289705199999986,0.03428334150000001,0.03406933499999987,0.034628395000000145,0.00018515909372387277,10,0.03205732248125,0.03205979309375,0.031922940875,0.03225445718749999,0.00010300618993977568,10,0.0036345585999999486,0.003567910999999868,0.003202724000000101,0.004387629999999865,0.00037175914584134333,10,0.0005512792624999832,0.000531007406249992,0.0004948624374999655,0.0006508388749999344,4.907781226978929e-05,10,28.59061213858173,28.61342146270688,28.15594100350525,28.85686834587661,0.20790036806925635
final_merge_stress_500k_topk0100,20260603-234001_faiss_tree_016r_f18c5dd3,/mnt/vast-standard/home/darius.heere/u27936/pchpc-project/results/final_merge_stress_500k_topk0100/20260603-234001_faiss_tree_016r_f18c5dd3,results/final_merge_stress_500k_topk0100/20260603-234001_faiss_tree_016r_f18c5dd3/benchmark_metrics.json,2026-06-03T23:40:01,c0081,configs/merging_strategy_configs/final_merge_stress_500k_topk0100_tree.json,14074952,pchpc-bench,scc-cpu,1,16,16,1,32768,,c0081,hot_repeated_retrieval,final_merge_stress_500k_topk0100,mpi_tree,faiss,True,1,shard_aware_shared_npy,single_vectors_npy,full_queries_on_each_rank,,,,16,500000,1,2560,100,2,10,3.075855175,3.0736639633125002,0.21116927700000065,0.19479020987499995,final_merge_stress_500k_topk0100,benchmark_500k_2560d,42,False,,10,0.03872049970000004,0.03866847000000018,0.03806797799999995,0.03967581900000017,0.0005461833061941612,10,0.0004174308000000515,0.00041810350000037744,0.00039398099999932157,0.0004362179999999327,1.3048986574564325e-05,10,0.038207965500000274,0.03815857150000035,0.037550195000000564,0.03917421700000023,0.0005515171009678395,10,0.03557927999375005,0.035537256968749986,0.03541410512500026,0.03592809243750006,0.00014915171842991073,10,0.0007117550999999444,0.0006854614999998176,0.0006482509999994335,0.0008761119999993738,6.423022232985743e-05,10,0.0002030657437500305,0.00019892353124983941,0.00018936893750026718,0.00023378925000017148,1.4057027978221373e-05,10,25.83071231045469,25.86087129420542,25.204268625179377,26.268797360343157,0.3623143763890569
final_merge_stress_500k_topk0100,20260605-094741_faiss_tree_016r_124de318,/mnt/vast-standard/home/darius.heere/u27936/pchpc-project/results/final_merge_stress_500k_topk0100/20260605-094741_faiss_tree_016r_124de318,results/final_merge_stress_500k_topk0100/20260605-094741_faiss_tree_016r_124de318/benchmark_metrics.json,2026-06-05T09:47:41,c0075,configs/merging_strategy_configs/final_merge_stress_500k_topk0100_tree.json,14087824,pchpc-bench,scc-cpu,4,16,4,1,16384,,"c[0075,0078,0137-0138]",hot_repeated_retrieval,final_merge_stress_500k_topk0100,mpi_tree,faiss,True,1,shard_aware_shared_npy,single_vectors_npy,full_queries_on_each_rank,,,,16,500000,1,2560,100,2,10,0.4231602849999999,0.384219313,0.27332767999999996,0.16672406693750003,final_merge_stress_500k_topk0100,benchmark_500k_2560d,42,False,,10,0.05357093769999999,0.04331641349999993,0.037237853000000154,0.101457511,0.024957793030251335,10,0.021927004699999995,0.010959891499999985,0.005810228000000084,0.07018789800000014,0.02513956046456679,10,0.05290553619999998,0.042701745500000166,0.036546898999999966,0.10079731299999994,0.024944068187021513,10,0.03758010528125,0.03633645512499999,0.03345036606249997,0.045276424437499976,0.004306162509674524,10,0.02162140179999992,0.010580743999999975,0.005533234999999914,0.06987014599999974,0.025131590774787566,10,0.002110022193749994,0.0008612127500000066,0.0005204924375000058,0.007250236624999934,0.0027174479481077507,10,21.342109886603666,23.276695563642797,9.856342720648843,26.854394639776785,6.540787246065751
final_merge_stress_500k_topk0100_rerun,20260609-000936_faiss_tree_016r_c1fe11c7,/mnt/vast-standard/home/darius.heere/u27936/pchpc-project/results/final_merge_stress_500k_topk0100_rerun/20260609-000936_faiss_tree_016r_c1fe11c7,results/final_merge_stress_500k_topk0100_rerun/20260609-000936_faiss_tree_016r_c1fe11c7/benchmark_metrics.json,2026-06-09T00:09:36,c0137,configs/merging_strategy_configs/final_merge_stress_500k_topk0100_tree_rerun.json,14169530,pchpc-bench,scc-cpu,4,16,4,1,16384,,"c[0137,0142,0410,0413]",hot_repeated_retrieval,final_merge_stress_500k_topk0100_rerun,mpi_tree,faiss,True,1,shard_aware_shared_npy,single_vectors_npy,full_queries_on_each_rank,,,,16,500000,1,2560,100,2,10,0.36474695199999996,0.32855474531249995,0.12944500599999986,0.12236744493750001,final_merge_stress_500k_topk0100_rerun,benchmark_500k_2560d,42,False,,10,0.036069466199999956,0.036045971999999926,0.03578989599999982,0.03631214499999991,0.0001750715311350362,10,0.005589387199999951,0.005595550999999865,0.005082274000000275,0.0058908699999999925,0.00023466865609369383,10,0.035463903,0.0354692915,0.035162732999999946,0.0357186060000001,0.00018598032687716157,10,0.03295256664374999,0.033000436718749984,0.03270934187500005,0.03315301849999999,0.00014841124386503858,10,0.005334230500000125,0.005340542499999934,0.004823526000000022,0.005625668999999833,0.00023579880110727896,10,0.0005533238375000276,0.0005462073750000102,0.0004952780625001041,0.0006194983749999994,3.58443783775219e-05,10,27.724868406738274,27.742375408603877,27.53899556195324,27.940846768596504,0.134574156932799
final_merge_stress_500k_topk0100_tree_explicit,20260608-021114_faiss_tree-explicit_016r_26992969,/mnt/vast-standard/home/darius.heere/u27936/pchpc-project/results/final_merge_stress_500k_topk0100_tree_explicit/20260608-021114_faiss_tree-explicit_016r_26992969,results/final_merge_stress_500k_topk0100_tree_explicit/20260608-021114_faiss_tree-explicit_016r_26992969/benchmark_metrics.json,2026-06-08T02:11:14,c0091,configs/merging_strategy_configs/final_merge_stress_500k_topk0100_tree_explicit.json,14137491,pchpc-bench,scc-cpu,4,16,4,1,16384,,"c[0091,0138,0409,0416]",hot_repeated_retrieval,final_merge_stress_500k_topk0100_tree_explicit,mpi_tree_explicit,faiss,True,1,shard_aware_shared_npy,single_vectors_npy,full_queries_on_each_rank,,,,16,500000,1,2560,100,2,10,0.3786319440000001,0.3477835618125,0.24006362700000006,0.184453386625,final_merge_stress_500k_topk0100_tree_explicit,benchmark_500k_2560d,42,False,,10,0.048146288399999945,0.037241630999999886,0.03625823699999975,0.08834206300000025,0.020337320740629564,10,0.011602596799999976,0.00035151499999996894,0.0003134889999998336,0.05148136899999978,0.020252469307560274,10,0.04766552269999993,0.03680117950000006,0.03584446099999994,0.08762789999999976,0.02026685939019267,10,0.037571800450000005,0.035223540375000015,0.03461395606249998,0.04723099762499999,0.005014488947137959,10,0.011928695000000156,0.0007297990000005861,0.0005402630000004294,0.05211991700000018,0.02023316942257362,10,0.001651161943750029,0.00014252534375007453,0.00011566312500002618,0.007457558625000027,0.002776703383092481,10,23.23444091359949,26.85326936212858,11.319636037931298,27.579939973364038,6.563100916431357
final_merge_stress_500k_topk1000,20260603-233913_faiss_centralized_016r_74731fe4,/mnt/vast-standard/home/darius.heere/u27936/pchpc-project/results/final_merge_stress_500k_topk1000/20260603-233913_faiss_centralized_016r_74731fe4,results/final_merge_stress_500k_topk1000/20260603-233913_faiss_centralized_016r_74731fe4/benchmark_metrics.json,2026-06-03T23:39:13,c0081,configs/merging_strategy_configs/final_merge_stress_500k_topk1000_centralized.json,14074944,pchpc-bench,scc-cpu,1,16,16,1,32768,,c0081,hot_repeated_retrieval,final_merge_stress_500k_topk1000,mpi_centralized,faiss,True,1,shard_aware_shared_npy,single_vectors_npy,full_queries_on_each_rank,,,,16,500000,1,2560,1000,2,10,3.100515879,3.05687683,0.19385052000000025,0.18969840668750004,final_merge_stress_500k_topk1000,benchmark_500k_2560d,42,False,,10,0.04065567069999991,0.04041932250000002,0.04006267699999988,0.04205871599999966,0.0006494189041134436,10,0.00028892919999981006,0.0002927424999996653,0.00024921699999946867,0.0003025059999997026,1.5770758776943783e-05,10,0.03990714800000008,0.03967229350000023,0.03934617100000004,0.04128900500000032,0.0006297941883002103,10,0.039731285300000044,0.03948801640625002,0.03915814743749996,0.04114865356249997,0.0006432023715965727,10,0.0004770139999998868,0.00047183750000012736,0.0004251159999997256,0.0005258579999996016,2.91549088414503e-05,10,0.00017025272499998634,0.0001707722500000619,0.00015371368749994563,0.0001812081249999986,8.143993363877271e-06,10,24.60235537859419,24.74064392788496,23.776284563703943,24.960888160319467,0.3854286362956571
final_merge_stress_500k_topk1000,20260604-031139_faiss_centralized_016r_74cb4518,/mnt/vast-standard/home/darius.heere/u27936/pchpc-project/results/final_merge_stress_500k_topk1000/20260604-031139_faiss_centralized_016r_74cb4518,results/final_merge_stress_500k_topk1000/20260604-031139_faiss_centralized_016r_74cb4518/benchmark_metrics.json,2026-06-04T03:11:39,c0065,configs/merging_strategy_configs/final_merge_stress_500k_topk1000_centralized.json,14075042,pchpc-bench,scc-cpu,4,16,4,1,16384,,"c[0065,0081,0142,0410]",hot_repeated_retrieval,final_merge_stress_500k_topk1000,mpi_centralized,faiss,True,1,shard_aware_shared_npy,single_vectors_npy,full_queries_on_each_rank,,,,16,500000,1,2560,1000,2,10,0.364881189,0.3228617525,0.134448271,0.12398636125000001,final_merge_stress_500k_topk1000,benchmark_500k_2560d,42,False,,10,0.034762662300000025,0.034753273500000015,0.034540824000000026,0.034987563000000055,0.00015409809382204665,10,0.00027912219999999267,0.0002797650000000429,0.00026690099999981953,0.00029041699999998727,7.149364894901533e-06,10,0.034003975599999944,0.03399097999999978,0.0337706889999998,0.03421750000000001,0.00015708542582673854,10,0.032082147499999984,0.03207465734374998,0.03200733862499998,0.03217556937499999,5.6919939842799263e-05,10,0.002838468699999974,0.0028096009999998284,0.0025732279999999275,0.0030422990000000816,0.00014742120374336022,10,0.0004911401749999863,0.0004855519687499907,0.0004646038749999276,0.0005295866249999948,2.2196454381988858e-05,10,28.76700508181925,28.77431198151268,28.581584833444914,28.951249107432968,0.12750291247663795
final_merge_stress_500k_topk1000,20260603-234022_faiss_tree_016r_feb31a3f,/mnt/vast-standard/home/darius.heere/u27936/pchpc-project/results/final_merge_stress_500k_topk1000/20260603-234022_faiss_tree_016r_feb31a3f,results/final_merge_stress_500k_topk1000/20260603-234022_faiss_tree_016r_feb31a3f/benchmark_metrics.json,2026-06-03T23:40:22,c0081,configs/merging_strategy_configs/final_merge_stress_500k_topk1000_tree.json,14074954,pchpc-bench,scc-cpu,1,16,16,1,32768,,c0081,hot_repeated_retrieval,final_merge_stress_500k_topk1000,mpi_tree,faiss,True,1,shard_aware_shared_npy,single_vectors_npy,full_queries_on_each_rank,,,,16,500000,1,2560,1000,2,10,3.066804008,3.048915607125,0.20882254899999975,0.20675967774999998,final_merge_stress_500k_topk1000,benchmark_500k_2560d,42,False,,10,0.04004502820000013,0.039985406000000445,0.039676333000000064,0.04048888099999992,0.0002611823370723412,10,0.0007415522999999702,0.0007437339999998294,0.0006445680000002341,0.0008104810000002516,4.339284484809258e-05,10,0.03923076899999982,0.039164439499999926,0.038869334000000144,0.03965092700000028,0.00024870087906926164,10,0.039006997025000004,0.03893891462500004,0.038652737875000065,0.039434475374999944,0.00024974891658515407,10,0.0007218181999999018,0.0007180235000006085,0.0006370179999999337,0.0007812520000003431,4.266386033941168e-05,10,0.0002112918874999592,0.0002109889375000451,0.00020039687499989745,0.00022584468749992093,7.138729942593183e-06,10,24.97284271723077,25.00921210000693,24.698138730976584,25.203942108258804,0.16247255152420031
final_merge_stress_500k_topk1000,20260605-094801_faiss_tree_016r_8e1e9520,/mnt/vast-standard/home/darius.heere/u27936/pchpc-project/results/final_merge_stress_500k_topk1000/20260605-094801_faiss_tree_016r_8e1e9520,results/final_merge_stress_500k_topk1000/20260605-094801_faiss_tree_016r_8e1e9520/benchmark_metrics.json,2026-06-05T09:48:01,c0075,configs/merging_strategy_configs/final_merge_stress_500k_topk1000_tree.json,14087871,pchpc-bench,scc-cpu,4,16,4,1,16384,,"c[0075,0078,0137-0138]",hot_repeated_retrieval,final_merge_stress_500k_topk1000,mpi_tree,faiss,True,1,shard_aware_shared_npy,single_vectors_npy,full_queries_on_each_rank,,,,16,500000,1,2560,1000,2,10,0.3674142669999999,0.3416872900625,0.26728789100000006,0.1594930189375,final_merge_stress_500k_topk1000,benchmark_500k_2560d,42,False,,10,0.05403539370000001,0.045859703500000015,0.036848926999999865,0.09891096600000004,0.02032586973793858,10,0.022332940600000017,0.014155742000000027,0.005224650000000164,0.06735473700000005,0.020403900437236697,10,0.05319152989999998,0.04501788149999997,0.036111667999999764,0.09800249800000005,0.02030011076235209,10,0.037090520024999955,0.03606305984374997,0.03285059387499997,0.046479524499999925,0.0038912014668556105,10,0.021841285899999962,0.013677914499999888,0.004757015999999226,0.06684456800000005,0.020395555628275587,10,0.0018782120749999977,0.0010222067812499444,0.0004682374374999354,0.005566587750000018,0.0019213381536091162,10,20.29832424398249,21.805662966578097,10.11010245314963,27.137832263067082,5.469691496327127
final_merge_stress_500k_topk1000_rerun,20260609-001033_faiss_tree_016r_55017d86,/mnt/vast-standard/home/darius.heere/u27936/pchpc-project/results/final_merge_stress_500k_topk1000_rerun/20260609-001033_faiss_tree_016r_55017d86,results/final_merge_stress_500k_topk1000_rerun/20260609-001033_faiss_tree_016r_55017d86/benchmark_metrics.json,2026-06-09T00:10:33,c0137,configs/merging_strategy_configs/final_merge_stress_500k_topk1000_tree_rerun.json,14169531,pchpc-bench,scc-cpu,4,16,4,1,16384,,"c[0137,0142,0410,0413]",hot_repeated_retrieval,final_merge_stress_500k_topk1000_rerun,mpi_tree,faiss,True,1,shard_aware_shared_npy,single_vectors_npy,full_queries_on_each_rank,,,,16,500000,1,2560,1000,2,10,0.3455514289999999,0.321045570875,0.13417912600000004,0.12459329437500004,final_merge_stress_500k_topk1000_rerun,benchmark_500k_2560d,42,False,,10,0.03664271000000001,0.03664872149999998,0.03639018400000005,0.0370048500000002,0.000172592291621383,10,0.005842722499999997,0.005940754000000048,0.005147798999999953,0.006216746999999856,0.00033109609467787526,10,0.035818525499999955,0.03583837599999984,0.03556807200000023,0.036141647,0.0001618762312606486,10,0.03223534834375002,0.032227801218750025,0.03215812125000002,0.032328947812500036,5.17432543966349e-05,10,0.005393194099999876,0.005485364499999701,0.0046847060000003715,0.005740115999999684,0.00032968552284969233,10,0.0005550510562499806,0.0005606047812499598,0.0005038714374999698,0.0006062983749999529,3.089646693979695e-05,10,27.291101461009998,27.2861163324919,27.023484759430037,27.479937996466266,0.1282198338487597
final_merge_stress_500k_topk1000_tree_explicit,20260608-021035_faiss_tree-explicit_016r_a39de91e,/mnt/vast-standard/home/darius.heere/u27936/pchpc-project/results/final_merge_stress_500k_topk1000_tree_explicit/20260608-021035_faiss_tree-explicit_016r_a39de91e,results/final_merge_stress_500k_topk1000_tree_explicit/20260608-021035_faiss_tree-explicit_016r_a39de91e/benchmark_metrics.json,2026-06-08T02:10:35,c0091,configs/merging_strategy_configs/final_merge_stress_500k_topk1000_tree_explicit.json,14137488,pchpc-bench,scc-cpu,4,16,4,1,16384,,"c[0091,0138,0409,0416]",hot_repeated_retrieval,final_merge_stress_500k_topk1000_tree_explicit,mpi_tree_explicit,faiss,True,1,shard_aware_shared_npy,single_vectors_npy,full_queries_on_each_rank,,,,16,500000,1,2560,1000,2,10,2.871814025,1.1854590415625,0.24644313100000037,0.19589616412499997,final_merge_stress_500k_topk1000_tree_explicit,benchmark_500k_2560d,42,False,,10,0.036261157599999996,0.036193685499999795,0.03572210299999945,0.0367630590000001,0.00041106148240476457,10,0.0017106655000001859,0.0017541260000002445,0.0006919370000000313,0.0032445180000006957,0.0007134852680210703,10,0.035616531199999815,0.03555074699999983,0.03508713899999982,0.03613445099999968,0.00040255572750301,10,0.03426309098750001,0.034176381093749986,0.03402666637500007,0.034846627937499874,0.00026460523189456334,10,0.001287965199999963,0.0012486879999995537,0.0005028570000007448,0.002774480000001134,0.0006363556764992359,10,0.0001997806999999796,0.0001956638750000017,0.00013560487500008378,0.00027644768750001436,3.994444619674688e-05,10,27.58090565654399,27.629793263440895,27.201218484022164,27.99387258919262,0.3123879366818302
final_merge_stress_500k_topk5000,20260603-233913_faiss_centralized_016r_da5a20c5,/mnt/vast-standard/home/darius.heere/u27936/pchpc-project/results/final_merge_stress_500k_topk5000/20260603-233913_faiss_centralized_016r_da5a20c5,results/final_merge_stress_500k_topk5000/20260603-233913_faiss_centralized_016r_da5a20c5/benchmark_metrics.json,2026-06-03T23:39:13,c0081,configs/merging_strategy_configs/final_merge_stress_500k_topk5000_centralized.json,14074947,pchpc-bench,scc-cpu,1,16,16,1,32768,,c0081,hot_repeated_retrieval,final_merge_stress_500k_topk5000,mpi_centralized,faiss,True,1,shard_aware_shared_npy,single_vectors_npy,full_queries_on_each_rank,,,,16,500000,1,2560,5000,2,10,3.098687035,3.0458264691875,0.19452595200000022,0.17427434293750005,final_merge_stress_500k_topk5000,benchmark_500k_2560d,42,False,,10,0.04248864259999987,0.042412903000000224,0.04202716299999931,0.0435210580000005,0.0004117665178261485,10,0.0009708048999999442,0.0009717435000000663,0.0009000059999992871,0.0010398030000002834,4.776303958901589e-05,10,0.040598109900000165,0.04053994800000016,0.040147615000000414,0.0416091380000001,0.0004248263370085194,10,0.03742237245625005,0.037372573312500046,0.0371586852500001,0.0378042353125001,0.00020664060357030925,10,0.0008945315000000065,0.0008804654999998718,0.0008279520000007423,0.001054290999999985,6.948293214425147e-05,10,0.0003130865125000326,0.00030490500000002196,0.0002877184375001951,0.0003658046250000213,2.2114076636745532e-05,10,23.53766234251917,23.57773393382263,22.977382581094158,23.794135235823944,0.22485387525945838
final_merge_stress_500k_topk5000,20260604-031253_faiss_centralized_016r_6d589ffa,/mnt/vast-standard/home/darius.heere/u27936/pchpc-project/results/final_merge_stress_500k_topk5000/20260604-031253_faiss_centralized_016r_6d589ffa,results/final_merge_stress_500k_topk5000/20260604-031253_faiss_centralized_016r_6d589ffa/benchmark_metrics.json,2026-06-04T03:12:53,c0065,configs/merging_strategy_configs/final_merge_stress_500k_topk5000_centralized.json,14075043,pchpc-bench,scc-cpu,4,16,4,1,16384,,"c[0065,0081,0142,0410]",hot_repeated_retrieval,final_merge_stress_500k_topk5000,mpi_centralized,faiss,True,1,shard_aware_shared_npy,single_vectors_npy,full_queries_on_each_rank,,,,16,500000,1,2560,5000,2,10,0.35783036299999993,0.319779494875,0.1450108510000001,0.1306295078125,final_merge_stress_500k_topk5000,benchmark_500k_2560d,42,False,,10,0.03737985869999998,0.037370622500000006,0.03702840899999993,0.03781290100000012,0.0002495727217951534,10,0.000892630399999983,0.0008811279999998423,0.0008619770000000138,0.0009454180000001422,2.7721363784069045e-05,10,0.03574460210000006,0.0357306435000001,0.03538621300000022,0.036227063000000115,0.0002637287721548852,10,0.0334535372125,0.03331345128125,0.03319994762500003,0.033896692125000044,0.0002792060919014743,10,0.0036030227000000137,0.0035975900000001504,0.0033095960000000257,0.004013886999999938,0.00023575866594556259,10,0.0006471988312500079,0.0006581003437499885,0.0005691493749999804,0.0006937753750000525,4.080773926987088e-05,10,26.75344738288545,26.758987695816515,26.44600053299261,27.006291304603497,0.17845520570091386
final_merge_stress_500k_topk5000,20260603-234022_faiss_tree_016r_1d18ec9e,/mnt/vast-standard/home/darius.heere/u27936/pchpc-project/results/final_merge_stress_500k_topk5000/20260603-234022_faiss_tree_016r_1d18ec9e,results/final_merge_stress_500k_topk5000/20260603-234022_faiss_tree_016r_1d18ec9e/benchmark_metrics.json,2026-06-03T23:40:22,c0081,configs/merging_strategy_configs/final_merge_stress_500k_topk5000_tree.json,14074955,pchpc-bench,scc-cpu,1,16,16,1,32768,,c0081,hot_repeated_retrieval,final_merge_stress_500k_topk5000,mpi_tree,faiss,True,1,shard_aware_shared_npy,single_vectors_npy,full_queries_on_each_rank,,,,16,500000,1,2560,5000,2,10,3.0679338849999995,3.050977050875,0.205091291,0.18755163487500007,final_merge_stress_500k_topk5000,benchmark_500k_2560d,42,False,,10,0.041681532799999935,0.041691213000000005,0.041268184999999846,0.042178053999999854,0.0002582116144550893,10,0.001776002099999996,0.001430781499999867,0.0014014739999996806,0.0045730349999999476,0.0009870144002092815,10,0.04013071310000012,0.040158402000000315,0.039734252999999775,0.040642843999999734,0.00027426504244923395,10,0.03951645745,0.03953599143749997,0.039069548562500056,0.03985017699999993,0.0002667036972506528,10,0.0010925208000003295,0.0008478210000002484,0.0007741230000002375,0.003428583000001595,0.0008216086876513881,10,0.0002956078062499701,0.0002697767500000614,0.0002669373749997206,0.00047088756249991093,6.317039634109331e-05,10,23.992267783730533,23.9858696623808,23.709012274487662,24.231741715803683,0.14844665650333244
final_merge_stress_500k_topk5000,20260605-094820_faiss_tree_016r_fcefc61c,/mnt/vast-standard/home/darius.heere/u27936/pchpc-project/results/final_merge_stress_500k_topk5000/20260605-094820_faiss_tree_016r_fcefc61c,results/final_merge_stress_500k_topk5000/20260605-094820_faiss_tree_016r_fcefc61c/benchmark_metrics.json,2026-06-05T09:48:20,c0075,configs/merging_strategy_configs/final_merge_stress_500k_topk5000_tree.json,14087896,pchpc-bench,scc-cpu,4,16,4,1,16384,,"c[0075,0078,0137-0138]",hot_repeated_retrieval,final_merge_stress_500k_topk5000,mpi_tree,faiss,True,1,shard_aware_shared_npy,single_vectors_npy,full_queries_on_each_rank,,,,16,500000,1,2560,5000,2,10,0.366446928,0.34079316750000005,0.25408973599999995,0.16295606399999996,final_merge_stress_500k_topk5000,benchmark_500k_2560d,42,False,,10,0.05759272990000004,0.051459325499999986,0.0402908019999999,0.10543615099999992,0.020291505147522083,10,0.02508410659999998,0.019263942999999895,0.007998299999999903,0.0723006639999999,0.020076989948928575,10,0.05581707860000003,0.04973117500000013,0.03862460499999987,0.10332728600000007,0.02016853155279042,10,0.0391703211875,0.03823440434374998,0.03516560600000006,0.049774199124999974,0.004112453599524322,10,0.023912999600000106,0.018089017000000207,0.006864270999999977,0.0711112860000005,0.02006531755107761,10,0.002110688662500028,0.0013702503750000206,0.0006553616875000501,0.006836808375000045,0.0020574021930979338,10,18.827183558906,19.439779412531752,9.484412988482486,24.819560553795935,4.80507685210994
final_merge_stress_500k_topk5000_rerun,20260609-001105_faiss_tree_016r_27237037,/mnt/vast-standard/home/darius.heere/u27936/pchpc-project/results/final_merge_stress_500k_topk5000_rerun/20260609-001105_faiss_tree_016r_27237037,results/final_merge_stress_500k_topk5000_rerun/20260609-001105_faiss_tree_016r_27237037/benchmark_metrics.json,2026-06-09T00:11:05,c0137,configs/merging_strategy_configs/final_merge_stress_500k_topk5000_tree_rerun.json,14169533,pchpc-bench,scc-cpu,4,16,4,1,16384,,"c[0137,0142,0410,0413]",hot_repeated_retrieval,final_merge_stress_500k_topk5000_rerun,mpi_tree,faiss,True,1,shard_aware_shared_npy,single_vectors_npy,full_queries_on_each_rank,,,,16,500000,1,2560,5000,2,10,0.351342234,0.31646189031249994,0.134396317,0.1217695684375,final_merge_stress_500k_topk5000_rerun,benchmark_500k_2560d,42,False,,10,0.03843326189999996,0.03835077649999985,0.03827500499999981,0.03893188100000011,0.00020944920634662843,10,0.006719081099999991,0.006706694499999832,0.006137183999999962,0.007267576999999914,0.00028742218241287947,10,0.0367852056,0.0367095125000001,0.036630324999999964,0.03729567899999986,0.00020935284117815716,10,0.03310559613125,0.03310721468749998,0.033014572625,0.033233529937499964,7.083491112340229e-05,10,0.005560563900000015,0.00554766750000002,0.004964782999999917,0.006128930000000032,0.000293752344208711,10,0.0006421731562499949,0.0006374799374999768,0.000610414187500033,0.0006786459999999911,2.1743841649217095e-05,10,26.01981920471613,26.07513916929624,25.68588966970276,26.12671115261788,0.14072057042688008
final_merge_stress_500k_topk5000_tree_explicit,20260607-230626_faiss_tree-explicit_016r_ba5cf5b3,/mnt/vast-standard/home/darius.heere/u27936/pchpc-project/results/final_merge_stress_500k_topk5000_tree_explicit/20260607-230626_faiss_tree-explicit_016r_ba5cf5b3,results/final_merge_stress_500k_topk5000_tree_explicit/20260607-230626_faiss_tree-explicit_016r_ba5cf5b3/benchmark_metrics.json,2026-06-07T23:06:26,c0410,configs/merging_strategy_configs/final_merge_stress_500k_topk5000_tree_explicit.json,14128997,pchpc-bench,scc-cpu,4,16,4,1,16384,,"c[0410,0414-0416]",hot_repeated_retrieval,final_merge_stress_500k_topk5000_tree_explicit,mpi_tree_explicit,faiss,True,1,shard_aware_shared_npy,single_vectors_npy,full_queries_on_each_rank,,,,16,500000,1,2560,5000,2,10,3.075317031,1.4384392521875,1.3545201380000007,0.8492486761250001,final_merge_stress_500k_topk5000_tree_explicit,benchmark_500k_2560d,42,False,,10,0.038707218700000115,0.038688413500000074,0.038192743999999834,0.03926500200000049,0.00031301207930826074,10,0.00157933400000001,0.0016171350000000473,0.0013086640000015137,0.0016626550000005125,0.00010282354270691671,10,0.037309682300000445,0.03730293850000077,0.0367905300000011,0.03790915099999914,0.0003172603301139566,10,0.0343526207062501,0.03436339040625008,0.033935615250000106,0.03467781112499979,0.00020281321852554375,10,0.0005144298000001157,0.000488237500000821,0.0004223969999994637,0.0006785409999991998,7.750463468418505e-05,10,0.00019853568124988952,0.00019572265624989704,0.00018550624999957854,0.00022494731250011224,1.102488878774635e-05,10,25.836491412921287,25.847546577153487,25.46797272543084,26.182983867302237,0.20846272061261698
final_multinode_latency_500k,20260603-091440_faiss_centralized_004r_43829f37,/mnt/vast-standard/home/darius.heere/u27936/pchpc-project/results/final_multinode_latency_500k/20260603-091440_faiss_centralized_004r_43829f37,results/final_multinode_latency_500k/20260603-091440_faiss_centralized_004r_43829f37/benchmark_metrics.json,2026-06-03T09:14:40,c0124,configs/final_multinode_latency_500k_centralized.json,14067401,pchpc-bench,scc-cpu,1,4,4,1,16384,,c0124,hot_repeated_retrieval,final_multinode_latency_500k,mpi_centralized,faiss,True,1,shard_aware_shared_npy,single_vectors_npy,full_queries_on_each_rank,,,,4,500000,1,2560,10,5,50,10.433197848,9.960802569750001,0.3877533179999997,0.3690505780000004,final_multinode_latency_500k,benchmark_500k_2560d,42,False,,50,0.11979455660000003,0.11972997600000035,0.11950669199999986,0.12061187699999998,0.0002789695948188137,50,0.00011007905999978363,0.0001040099999993771,9.178200000015124e-05,0.00020765999999916573,2.27496730270074e-05,50,0.11945769441999995,0.11939138499999924,0.11921575499999904,0.12009780699999872,0.00022775648799621475,50,0.11882457632000001,0.11880563574999892,0.11868561300000025,0.11910967600000033,9.38445209450272e-05,50,0.0013012121600000982,0.001248395499999333,0.0006732609999993144,0.0021129709999989643,0.0002847369578927185,50,0.0004910643950000182,0.0004630930000000255,0.0002609957500001592,0.0009201414999999713,0.00014112148934042657,50,8.347668891127217,8.352127344890707,8.291057438729688,8.36773224381444,0.019362333345184467
final_multinode_latency_500k,20260603-091429_faiss_centralized_008r_b4bbd1b5,/mnt/vast-standard/home/darius.heere/u27936/pchpc-project/results/final_multinode_latency_500k/20260603-091429_faiss_centralized_008r_b4bbd1b5,results/final_multinode_latency_500k/20260603-091429_faiss_centralized_008r_b4bbd1b5/benchmark_metrics.json,2026-06-03T09:14:29,c0137,configs/final_multinode_latency_500k_centralized.json,14067371,pchpc-bench,scc-cpu,2,8,4,1,16384,,c[0137-0138],hot_repeated_retrieval,final_multinode_latency_500k,mpi_centralized,faiss,True,1,shard_aware_shared_npy,single_vectors_npy,full_queries_on_each_rank,,,,8,500000,1,2560,10,5,50,6.3873742369999995,5.892187354,0.4526201330000008,0.3401852916249999,final_multinode_latency_500k,benchmark_500k_2560d,42,False,,50,0.0681001543199999,0.06309136049999964,0.06267482500000021,0.1073423759999983,0.011190533137686231,50,0.00011702765999995535,0.00011308050000025105,0.00010290099999998858,0.00020910900000004062,1.835147949718786e-05,50,0.06766002180000004,0.06266751549999938,0.06229949499999954,0.10679335500000064,0.011111451674879447,50,0.061902176837500045,0.061152552937500104,0.06092005525000066,0.07197066574999988,0.0020284364931404068,50,0.008014449099999972,0.0030805624999992176,0.002154799999999568,0.04731116800000024,0.011151225011600076,50,0.0016809771525000095,0.0005292266249998789,0.0004121178750002841,0.017279271374999627,0.002963496134334747,50,14.983612088068265,15.850031422203674,9.315985329037396,15.955369640042818,1.8706224149575974
final_multinode_latency_500k,20260603-091428_faiss_centralized_016r_9155869f,/mnt/vast-standard/home/darius.heere/u27936/pchpc-project/results/final_multinode_latency_500k/20260603-091428_faiss_centralized_016r_9155869f,results/final_multinode_latency_500k/20260603-091428_faiss_centralized_016r_9155869f/benchmark_metrics.json,2026-06-03T09:14:28,c0409,configs/final_multinode_latency_500k_centralized.json,14067366,pchpc-bench,scc-cpu,4,16,4,1,16384,,c[0409-0412],hot_repeated_retrieval,final_multinode_latency_500k,mpi_centralized,faiss,True,1,shard_aware_shared_npy,single_vectors_npy,full_queries_on_each_rank,,,,16,500000,1,2560,10,5,50,7.045769684,5.4414136050624995,0.3723178650000003,0.1961362715624999,final_multinode_latency_500k,benchmark_500k_2560d,42,False,,50,0.037565540120000025,0.037589599499999515,0.036760774000001106,0.03831501500000023,0.000305775105746765,50,0.0001419683999998611,0.00014286299999888286,0.00011425499999972999,0.0001803689999988478,1.1789435585780316e-05,50,0.03702335674000011,0.03705720100000054,0.03623396500000098,0.037589596000000114,0.00028493232509340137,50,0.033860732124999966,0.033853117812500055,0.03365407381249974,0.03409637287499989,9.598379002468409e-05,50,0.0036564213599998754,0.0036758839999988524,0.002837932000000265,0.004374168000000012,0.0003416013439295974,50,0.0003116225437499587,0.00031035750000013573,0.00024870574999991124,0.00040608356250004807,3.269927666879835e-05,50,26.621871030439735,26.603103601532222,26.099428644357676,27.202909274977994,0.2168074089858483
final_multinode_latency_500k,20260606-212848_faiss_centralized_032r_a6eff7c2,/mnt/vast-standard/home/darius.heere/u27936/pchpc-project/results/final_multinode_latency_500k/20260606-212848_faiss_centralized_032r_a6eff7c2,results/final_multinode_latency_500k/20260606-212848_faiss_centralized_032r_a6eff7c2/benchmark_metrics.json,2026-06-06T21:28:48,c0066,configs/final_multinode_latency_500k_centralized.json,14072431,pchpc-bench,scc-cpu,8,32,4,1,16384,,"c[0066,0071,0078,0081,0138,0409-0411]",hot_repeated_retrieval,final_multinode_latency_500k,mpi_centralized,faiss,True,1,shard_aware_shared_npy,single_vectors_npy,full_queries_on_each_rank,,,,32,500000,1,2560,10,5,50,1.6972924470000001,0.8265940204375,0.27385665800000014,0.14662418803125,final_multinode_latency_500k,benchmark_500k_2560d,42,False,,50,0.02888504480000005,0.025942699500000055,0.02483773499999975,0.05273051900000025,0.007319509396821764,50,0.0001656072000000197,0.00016191500000006798,0.00014804000000001594,0.00020093000000009908,1.212720097590915e-05,50,0.02796690100000002,0.025026560500000183,0.023939932999999858,0.051833574000000215,0.007287874572827404,50,0.020165007079375005,0.020049675250000017,0.019748181687500033,0.021294488062500005,0.00035876718044684867,50,0.010396551300000051,0.0076317850000000576,0.00616908099999991,0.03411697100000044,0.007341642659489766,50,0.0006358823312500009,0.00042097478124999976,0.00035198062500003957,0.002847517718750081,0.0005774353871266551,50,36.104593553410425,38.546489740344605,18.96434965868618,40.26132012439983,6.027323310347376
final_multinode_latency_500k,20260603-091703_faiss_tree_004r_d8563831,/mnt/vast-standard/home/darius.heere/u27936/pchpc-project/results/final_multinode_latency_500k/20260603-091703_faiss_tree_004r_d8563831,results/final_multinode_latency_500k/20260603-091703_faiss_tree_004r_d8563831/benchmark_metrics.json,2026-06-03T09:17:03,c0124,configs/final_multinode_latency_500k_tree.json,14067404,pchpc-bench,scc-cpu,1,4,4,1,16384,,c0124,hot_repeated_retrieval,final_multinode_latency_500k,mpi_tree,faiss,True,1,shard_aware_shared_npy,single_vectors_npy,full_queries_on_each_rank,,,,4,500000,1,2560,10,5,50,1.436222411,1.43003589925,0.3569219929999998,0.3543204424999999,final_multinode_latency_500k,benchmark_500k_2560d,42,False,,50,0.11968731822,0.11947499800000028,0.11899206899999992,0.12415602600000009,0.0007744278630073219,50,0.00033263341999998806,0.0002823344999998145,0.00021060699999964072,0.0009381230000000684,0.00014369450966037403,50,0.11933359329999998,0.11916620850000026,0.11869486099999982,0.12382413100000011,0.0007474667975386409,50,0.11870374947500004,0.1185223245,0.11810137274999988,0.12315978075000011,0.0007463988282509977,50,0.0016523911999999808,0.0016591949999997802,0.00146207699999934,0.001860628999999392,9.549062399347906e-05,50,0.0004978876999999815,0.00048221225000000256,0.0004262389999998284,0.0007263322499999614,5.47909129692623e-05,50,8.355438426556638,8.369952170309592,8.054381508634943,8.40392144118446,0.05273536010520172
final_multinode_latency_500k,20260603-091429_faiss_tree_008r_c4528ee6,/mnt/vast-standard/home/darius.heere/u27936/pchpc-project/results/final_multinode_latency_500k/20260603-091429_faiss_tree_008r_c4528ee6,results/final_multinode_latency_500k/20260603-091429_faiss_tree_008r_c4528ee6/benchmark_metrics.json,2026-06-03T09:14:29,c0409,configs/final_multinode_latency_500k_tree.json,14067372,pchpc-bench,scc-cpu,2,8,4,1,16384,,c[0409-0410],hot_repeated_retrieval,final_multinode_latency_500k,mpi_tree,faiss,True,1,shard_aware_shared_npy,single_vectors_npy,full_queries_on_each_rank,,,,8,500000,1,2560,10,5,50,7.684391645999999,6.9425632752499995,0.23682532199999962,0.22681140600000038,final_multinode_latency_500k,benchmark_500k_2560d,42,False,,50,0.06624386042000008,0.06738762600000037,0.06335651900000094,0.06917479900000068,0.002044400012174472,50,0.0006629204599999739,0.000584639999999581,0.00030632200000013654,0.0018281009999991937,0.00025491775587816677,50,0.06580784211999995,0.06702160249999967,0.06294796299999916,0.06856264500000009,0.00206718333495497,50,0.06485948088999997,0.06617667631250002,0.062313106625,0.066795400625,0.0018613125491390606,50,0.0005465331400001006,0.0004956974999990038,0.00019693100000317543,0.001655712999999892,0.0002940238198451403,50,0.0001634715375000395,0.00014545762500017823,9.898937500074645e-05,0.00037133624999996506,5.56276741585977e-05,50,15.109982213416396,14.839521325815284,14.456131632561595,15.78369543945407,0.4710087962203977
final_multinode_latency_500k,20260603-091428_faiss_tree_016r_e142a46d,/mnt/vast-standard/home/darius.heere/u27936/pchpc-project/results/final_multinode_latency_500k/20260603-091428_faiss_tree_016r_e142a46d,results/final_multinode_latency_500k/20260603-091428_faiss_tree_016r_e142a46d/benchmark_metrics.json,2026-06-03T09:14:28,c0409,configs/final_multinode_latency_500k_tree.json,14067373,pchpc-bench,scc-cpu,4,16,4,1,16384,,c[0409-0412],hot_repeated_retrieval,final_multinode_latency_500k,mpi_tree,faiss,True,1,shard_aware_shared_npy,single_vectors_npy,full_queries_on_each_rank,,,,16,500000,1,2560,10,5,50,7.0506244989999995,5.447008014375,0.3702933970000002,0.1979290359375,final_multinode_latency_500k,benchmark_500k_2560d,42,False,,50,0.03726134739999989,0.03724360449999864,0.03642645499999908,0.03829407299999943,0.0003331163734522072,50,0.0034933782199999897,0.0034486324999996043,0.002635900999999663,0.004427406999999661,0.0003920567887954995,50,0.036783148380000096,0.03677853500000072,0.03595347999999987,0.03759907799999951,0.0003034273071990474,50,0.03366970293499999,0.03366395012499995,0.03347387287500003,0.03388408606250004,9.222567323229479e-05,50,0.0032873809199996627,0.003261064999997565,0.002429681999998934,0.004202449999997526,0.00039008167187940456,50,0.0003667637624999709,0.0003599305000002162,0.0003036339999999971,0.000510817499999705,4.42964896028062e-05,50,26.83955117559757,26.85024795739711,26.11370172089072,27.45257533295582,0.23847527313259154
final_multinode_latency_500k,20260606-213024_faiss_tree_032r_121aa9ae,/mnt/vast-standard/home/darius.heere/u27936/pchpc-project/results/final_multinode_latency_500k/20260606-213024_faiss_tree_032r_121aa9ae,results/final_multinode_latency_500k/20260606-213024_faiss_tree_032r_121aa9ae/benchmark_metrics.json,2026-06-06T21:30:24,c0066,configs/final_multinode_latency_500k_tree.json,14072458,pchpc-bench,scc-cpu,8,32,4,1,16384,,"c[0066,0071,0078,0081,0138,0409-0411]",hot_repeated_retrieval,final_multinode_latency_500k,mpi_tree,faiss,True,1,shard_aware_shared_npy,single_vectors_npy,full_queries_on_each_rank,,,,32,500000,1,2560,10,5,50,0.42475956000000004,0.24706496090625,0.19653765199999995,0.13311174425,final_multinode_latency_500k,benchmark_500k_2560d,42,False,,50,0.029213124099999998,0.0250918725,0.024148652000000048,0.059262227000000056,0.009016017826466364,50,0.01073366887999997,0.006705956000000013,0.005481909000000229,0.04046457400000003,0.008900941516199969,50,0.02832741225999999,0.024232477500000016,0.023292937999999985,0.05824650699999978,0.008949545106384005,50,0.020104851619375,0.019934217296875,0.019677842624999997,0.022276922093749957,0.000520567530463093,50,0.010549990760000058,0.006402234500000326,0.0051932629999997815,0.04104686300000049,0.009100576964239743,50,0.0007688002225000065,0.00042505082812502315,0.00036196328125004396,0.0036768172187500447,0.0007691005971869041,50,36.362525936050616,39.853547815021145,16.874154931774655,41.41017892013178,7.184238465924857
final_multinode_latency_500k_per_run_queries,20260616-071506_faiss_centralized_004r_e1b5a573,/mnt/vast-standard/home/darius.heere/u27936/pchpc-project/results/final_multinode_latency_500k_per_run_queries/20260616-071506_faiss_centralized_004r_e1b5a573,results/final_multinode_latency_500k_per_run_queries/20260616-071506_faiss_centralized_004r_e1b5a573/benchmark_metrics.json,2026-06-16T07:15:06,c0001,configs/final_multinode_latency_500k_per_run_centralized.json,14305175,pchpc-bench,scc-cpu,1,4,4,1,16384,,c0001,hot_repeated_retrieval,final_multinode_latency_500k_per_run_queries,mpi_centralized,faiss,True,1,shard_aware_shared_npy,single_vectors_npy,full_query_pool_on_each_rank,per_run,55,1,4,500000,1,2560,10,5,50,7.619389732999999,7.2040566695,1.2465628650000014,1.1570252070000002,final_multinode_latency_500k_per_run_queries,benchmark_500k_2560d_55q,42,False,per_run,50,0.21109170833999968,0.2162290725,0.17910215299999876,0.2455554830000004,0.03003718856139311,50,0.00012611437999996867,0.00011763250000029757,0.00010347899999985088,0.00038223800000025676,4.2278431044067793e-05,50,0.21069100894000012,0.21567380350000054,0.17874869499999946,0.24512559500000108,0.030023961830799337,50,0.18904670557000006,0.1884230071249995,0.17786394024999996,0.2190903904999999,0.011789419729296794,50,0.025538256499999967,0.0026203894999996535,0.0001967670000020405,0.06751995499999985,0.028943692669268054,50,0.007871460834999934,0.0007458955000001488,0.00011946424999997873,0.03199698224999992,0.00966145597892777,50,4.833511064376286,4.624980731620755,4.072399393337913,5.583405800822544,0.6908805976139485
final_multinode_latency_500k_per_run_queries,20260616-073053_faiss_centralized_008r_276a4ceb,/mnt/vast-standard/home/darius.heere/u27936/pchpc-project/results/final_multinode_latency_500k_per_run_queries/20260616-073053_faiss_centralized_008r_276a4ceb,results/final_multinode_latency_500k_per_run_queries/20260616-073053_faiss_centralized_008r_276a4ceb/benchmark_metrics.json,2026-06-16T07:30:53,c0084,configs/final_multinode_latency_500k_per_run_centralized.json,14305800,pchpc-bench,scc-cpu,2,8,4,1,16384,,"c[0084,0411]",hot_repeated_retrieval,final_multinode_latency_500k_per_run_queries,mpi_centralized,faiss,True,1,shard_aware_shared_npy,single_vectors_npy,full_query_pool_on_each_rank,per_run,55,1,8,500000,1,2560,10,5,50,3.9815121830000004,3.508036222875,0.6681321540000003,0.5400641141249999,final_multinode_latency_500k_per_run_queries,benchmark_500k_2560d_55q,42,False,per_run,50,0.07192226976000013,0.06910236600000008,0.06671260800000134,0.1054215350000014,0.009120012307809306,50,0.00013282751999996734,0.00012936300000054857,0.00011566000000051702,0.00023995799999987355,1.795634951558658e-05,50,0.07144021417999984,0.06847681999999988,0.06624011799999963,0.10495206999999951,0.009075925626955975,50,0.06737795915249996,0.06677898606249999,0.06575099575000021,0.07600987849999985,0.0019053111738330417,50,0.005185424459999925,0.0026823514999998466,0.0005001440000000912,0.03954746399999998,0.008666105378647109,50,0.0008586448974999827,0.000515591562499973,0.00016926425000018952,0.005513665124999845,0.0012349253605566804,50,14.071913599351548,14.47129216287573,9.485727939741977,14.98967031838989,1.3586773896821522
final_multinode_latency_500k_per_run_queries,20260616-073944_faiss_centralized_016r_6c1c91a7,/mnt/vast-standard/home/darius.heere/u27936/pchpc-project/results/final_multinode_latency_500k_per_run_queries/20260616-073944_faiss_centralized_016r_6c1c91a7,results/final_multinode_latency_500k_per_run_queries/20260616-073944_faiss_centralized_016r_6c1c91a7/benchmark_metrics.json,2026-06-16T07:39:44,c0001,configs/final_multinode_latency_500k_per_run_centralized.json,14305801,pchpc-bench,scc-cpu,4,16,4,1,16384,,"c[0001,0084,0410-0411]",hot_repeated_retrieval,final_multinode_latency_500k_per_run_queries,mpi_centralized,faiss,True,1,shard_aware_shared_npy,single_vectors_npy,full_query_pool_on_each_rank,per_run,55,1,16,500000,1,2560,10,5,50,1.561058462,0.6247558114375,0.6952882979999999,0.31193890356250004,final_multinode_latency_500k_per_run_queries,benchmark_500k_2560d_55q,42,False,per_run,50,0.05657047514000009,0.04615938249999996,0.04573174399999935,0.11011952800000024,0.01820081605707218,50,0.0001742021399999949,0.0001714914999997319,0.00016098499999994687,0.00023492000000047142,1.0990589367943722e-05,50,0.05589640273999999,0.04552203099999996,0.04511059300000042,0.10944847499999977,0.018160775840478278,50,0.039784211990000005,0.038921527281250035,0.038407887124999984,0.050682234062500164,0.0021492140570371176,50,0.010421172180000032,0.0010297019999998547,0.0006053469999995897,0.06513469400000016,0.017318211240598794,50,0.0014819300775000155,0.00023289671875009743,0.00019922762500013125,0.011434393749999938,0.0024497394841980036,50,18.97367189807964,21.66406994286715,9.081041466142116,21.866649126698825,4.204035300525109
final_multinode_latency_500k_per_run_queries,20260616-081349_faiss_centralized_032r_5aac1fed,/mnt/vast-standard/home/darius.heere/u27936/pchpc-project/results/final_multinode_latency_500k_per_run_queries/20260616-081349_faiss_centralized_032r_5aac1fed,results/final_multinode_latency_500k_per_run_queries/20260616-081349_faiss_centralized_032r_5aac1fed/benchmark_metrics.json,2026-06-16T08:13:49,c0001,configs/final_multinode_latency_500k_per_run_centralized.json,14305802,pchpc-bench,scc-cpu,8,32,4,1,16384,,"c[0001,0084,0410-0411,0413,0415,0422-0423]",hot_repeated_retrieval,final_multinode_latency_500k_per_run_queries,mpi_centralized,faiss,True,1,shard_aware_shared_npy,single_vectors_npy,full_query_pool_on_each_rank,per_run,55,1,32,500000,1,2560,10,5,50,1.048394332,0.66894269025,0.3714576319999998,0.21578666578125,final_multinode_latency_500k_per_run_queries,benchmark_500k_2560d_55q,42,False,per_run,50,0.03290125428000002,0.02435066099999994,0.023957390999999717,0.055919714999999925,0.011468058351126156,50,0.0001603489800000446,0.00015834600000008692,0.0001441319999999635,0.0002004749999997557,1.0103742694038849e-05,50,0.031998654780000066,0.023531674500000266,0.023143124000000626,0.054567060999999306,0.011391431151168639,50,0.021106400671874997,0.020618518859375115,0.020466389593749995,0.023964124093749956,0.0008078921731492112,50,0.014484278600000088,0.006412415500000046,0.0006542600000001286,0.03824261099999937,0.011625066830976727,50,0.0011618004381250048,0.00038265615625006355,0.00019014018749999306,0.005562973718750086,0.0012341230004911628,50,33.634553792722315,41.066652934715364,17.882780697290773,41.74077219009415,9.598041936317173
final_multinode_latency_500k_per_run_queries,20260616-071544_faiss_tree_004r_f69bdd0d,/mnt/vast-standard/home/darius.heere/u27936/pchpc-project/results/final_multinode_latency_500k_per_run_queries/20260616-071544_faiss_tree_004r_f69bdd0d,results/final_multinode_latency_500k_per_run_queries/20260616-071544_faiss_tree_004r_f69bdd0d/benchmark_metrics.json,2026-06-16T07:15:44,c0001,configs/final_multinode_latency_500k_per_run_tree.json,14306988,pchpc-bench,scc-cpu,1,4,4,1,16384,,c0001,hot_repeated_retrieval,final_multinode_latency_500k_per_run_queries,mpi_tree,faiss,True,1,shard_aware_shared_npy,single_vectors_npy,full_query_pool_on_each_rank,per_run,55,1,4,500000,1,2560,10,5,50,1.545088523,1.53879910725,1.0465468739999997,0.99485266275,final_multinode_latency_500k_per_run_queries,benchmark_500k_2560d_55q,42,False,per_run,50,0.19330668504000015,0.17979956849999956,0.17941037800000004,0.24484118800000054,0.024367770397800203,50,0.006851614040000022,0.0008279654999996389,0.00030383500000041863,0.0656472990000001,0.01690374513985653,50,0.19292812830000022,0.17944871849999977,0.1790537969999999,0.24446017700000056,0.024345317750754564,50,0.18550167249000002,0.17839178837499992,0.17805278525,0.23791759925000022,0.01500422721777531,50,0.012392913399999959,0.0007160900000000581,0.0004319869999998005,0.0654395850000018,0.022400213643728156,50,0.003282331670000005,0.00025838712500014793,0.00018480374999985116,0.01656479150000001,0.00568696416893422,50,5.242620533049598,5.561748652805091,4.084280133455315,5.573813572813496,0.5633543245122511
final_multinode_latency_500k_per_run_queries,20260616-073136_faiss_tree_008r_30f57722,/mnt/vast-standard/home/darius.heere/u27936/pchpc-project/results/final_multinode_latency_500k_per_run_queries/20260616-073136_faiss_tree_008r_30f57722,results/final_multinode_latency_500k_per_run_queries/20260616-073136_faiss_tree_008r_30f57722/benchmark_metrics.json,2026-06-16T07:31:36,c0084,configs/final_multinode_latency_500k_per_run_tree.json,14306989,pchpc-bench,scc-cpu,2,8,4,1,16384,,"c[0084,0411]",hot_repeated_retrieval,final_multinode_latency_500k_per_run_queries,mpi_tree,faiss,True,1,shard_aware_shared_npy,single_vectors_npy,full_query_pool_on_each_rank,per_run,55,1,8,500000,1,2560,10,5,50,0.799885972,0.76107044275,0.43146716499999993,0.32508686600000003,final_multinode_latency_500k_per_run_queries,benchmark_500k_2560d_55q,42,False,per_run,50,0.08908561506000001,0.07040858449999998,0.06925370500000039,0.13620631299999975,0.02629326164547895,50,0.014757143979999974,0.0028153890000002235,0.0003338290000005628,0.0676974389999998,0.022161239551340833,50,0.08860810096000007,0.06980347600000014,0.06887883500000047,0.13564100299999993,0.02627736498792555,50,0.07079736150500002,0.06827634968750004,0.06696696675000013,0.09403310375000007,0.004966599454625568,50,0.01613024485999994,0.002712246500000459,0.00016421800000010478,0.06749643000000027,0.0231593241671981,50,0.0024230531374999976,0.0005099257500000565,0.00010488512499995384,0.013396412500000121,0.00351506939049889,50,12.073302905313158,14.202814685196454,7.341803606415819,14.439660665086357,2.948817582207271
final_multinode_latency_500k_per_run_queries,20260616-074057_faiss_tree_016r_0774b352,/mnt/vast-standard/home/darius.heere/u27936/pchpc-project/results/final_multinode_latency_500k_per_run_queries/20260616-074057_faiss_tree_016r_0774b352,results/final_multinode_latency_500k_per_run_queries/20260616-074057_faiss_tree_016r_0774b352/benchmark_metrics.json,2026-06-16T07:40:57,c0001,configs/final_multinode_latency_500k_per_run_tree.json,14306990,pchpc-bench,scc-cpu,4,16,4,1,16384,,"c[0001,0084,0410-0411]",hot_repeated_retrieval,final_multinode_latency_500k_per_run_queries,mpi_tree,faiss,True,1,shard_aware_shared_npy,single_vectors_npy,full_query_pool_on_each_rank,per_run,55,1,16,500000,1,2560,10,5,50,0.376975674,0.33794933181250003,0.2857284309999999,0.2048457758125,final_multinode_latency_500k_per_run_queries,benchmark_500k_2560d_55q,42,False,per_run,50,0.053934996560000066,0.04551356899999992,0.04541995399999976,0.10346649299999999,0.016336593595330153,50,0.011405997460000074,0.005226206999999983,0.004905731000000024,0.05747462499999978,0.013161027132501462,50,0.05328031751999997,0.04492436899999963,0.04483754800000028,0.10285164200000008,0.01624985613632052,50,0.03927572552,0.03795299359375,0.037270056125000006,0.04893879737500012,0.0028540409043978673,50,0.01116207404000006,0.004995125500000253,0.004680993999999217,0.05720333700000024,0.013146376279730457,50,0.0011827853499999938,0.0004794273437500468,0.00043148643750007265,0.007455927562500048,0.00147246206753085,50,19.722835552496637,21.971469702788013,9.664964676052179,22.016755014767412,4.0457918670843185
final_multinode_latency_500k_per_run_queries,20260616-081444_faiss_tree_032r_32b0231b,/mnt/vast-standard/home/darius.heere/u27936/pchpc-project/results/final_multinode_latency_500k_per_run_queries/20260616-081444_faiss_tree_032r_32b0231b,results/final_multinode_latency_500k_per_run_queries/20260616-081444_faiss_tree_032r_32b0231b/benchmark_metrics.json,2026-06-16T08:14:44,c0001,configs/final_multinode_latency_500k_per_run_tree.json,14307017,pchpc-bench,scc-cpu,8,32,4,1,16384,,"c[0001,0084,0410-0411,0413,0415,0422-0423]",hot_repeated_retrieval,final_multinode_latency_500k_per_run_queries,mpi_tree,faiss,True,1,shard_aware_shared_npy,single_vectors_npy,full_query_pool_on_each_rank,per_run,55,1,32,500000,1,2560,10,5,50,0.323421375,0.20886903821875,0.16785623400000005,0.14849377021875002,final_multinode_latency_500k_per_run_queries,benchmark_500k_2560d_55q,42,False,per_run,50,0.02926760662,0.024222978999999922,0.02392562999999992,0.06476281500000036,0.010774187067844037,50,0.0063594976599999995,0.0016648739999999274,0.0006651929999998973,0.04225156200000013,0.010515948950885567,50,0.02832379804000004,0.023472835000000192,0.02308438300000004,0.06347996600000005,0.01047966714927566,50,0.022646837564374998,0.02197555123437501,0.021791334562499945,0.03239942634375004,0.0018997874743484989,50,0.006193586139999967,0.0014197904999999622,0.0010823549999998683,0.04194974500000059,0.010729143953731143,50,0.0007671353443750038,0.0002749272812500661,0.00022726803125001221,0.004336055968749891,0.0010691256012936036,50,37.019437283197426,41.28311620216668,15.44095944563241,41.7961825874597,8.176517171219796
final_rank_thread_500k_per_run_queries,20260617-000056_faiss_centralized_001r_f8dcec90,/mnt/vast-standard/home/darius.heere/u27936/pchpc-project/results/final_rank_thread_500k_per_run_queries/20260617-000056_faiss_centralized_001r_f8dcec90,results/final_rank_thread_500k_per_run_queries/20260617-000056_faiss_centralized_001r_f8dcec90/benchmark_metrics.json,2026-06-17T00:00:56,c0020,configs/rank_thread_configs/final_rank_thread_500k_per_run_centralized_threads16.json,14333587,pchpc-bench,scc-cpu,1,1,1,16,32768,,c0020,hot_repeated_retrieval,final_rank_thread_500k_per_run_queries,mpi_centralized,faiss,True,16,shard_aware_shared_npy,single_vectors_npy,full_query_pool_on_each_rank,per_run,55,1,1,500000,1,2560,10,5,50,3.4480633110000003,3.4480633110000003,3.681954609,3.681954609,final_rank_thread_500k_per_run_queries,benchmark_500k_2560d_55q,42,False,per_run,50,0.5148313706000001,0.4884782184999992,0.48164994300000075,0.6107036739999998,0.03484020704624327,50,0.00010637602000009849,0.00010065849999918441,9.047700000053283e-05,0.00021433099999867977,2.397319878326432e-05,50,0.5145708910800001,0.48823927149999946,0.4814207229999994,0.6103282239999999,0.03483482508950977,50,0.5145708910800001,0.48823927149999946,0.4814207229999994,0.6103282239999999,0.03483482508950977,50,0.00012559036000020285,0.00011780350000023532,0.00010643200000259867,0.0003351029999976163,3.279252674593085e-05,50,0.00012559036000020285,0.00011780350000023532,0.00010643200000259867,0.0003351029999976163,3.279252674593085e-05,50,1.9508036339081554,2.047178308833434,1.637455352855795,2.0761966538839567,0.12716889735211084
final_rank_thread_500k_per_run_queries,20260616-235826_faiss_centralized_002r_d01e9fc7,/mnt/vast-standard/home/darius.heere/u27936/pchpc-project/results/final_rank_thread_500k_per_run_queries/20260616-235826_faiss_centralized_002r_d01e9fc7,results/final_rank_thread_500k_per_run_queries/20260616-235826_faiss_centralized_002r_d01e9fc7/benchmark_metrics.json,2026-06-16T23:58:26,c0020,configs/rank_thread_configs/final_rank_thread_500k_per_run_centralized_threads08.json,14333586,pchpc-bench,scc-cpu,1,2,2,8,32768,,c0020,hot_repeated_retrieval,final_rank_thread_500k_per_run_queries,mpi_centralized,faiss,True,8,shard_aware_shared_npy,single_vectors_npy,full_query_pool_on_each_rank,per_run,55,1,2,500000,1,2560,10,5,50,1.851840232,1.8440046555,1.7757353519999999,1.7557129649999998,final_rank_thread_500k_per_run_queries,benchmark_500k_2560d_55q,42,False,per_run,50,0.29606709501999984,0.27617611449999924,0.2706398149999991,0.3356168840000002,0.026471021955330815,50,0.00012802481999999672,0.00011988700000031827,0.00010607499999970571,0.0003613879999999625,3.75595122485975e-05,50,0.29571286549999987,0.2756279345000001,0.2702957399999999,0.3352646549999996,0.02648471259541084,50,0.2776780335799998,0.26306499674999984,0.2590598824999999,0.32444649550000015,0.01950897366914703,50,0.007032445639999949,0.00018885849999961124,0.00015705900000106965,0.04030755500000005,0.014528662863040762,50,0.003561131970000071,0.00014009650000068596,0.00012168199999962326,0.0201950050000006,0.007262924185182422,50,3.4034297213624147,3.6209253407118434,2.97958788032845,3.694947840545942,0.2948890711864069
final_rank_thread_500k_per_run_queries,20260616-235540_faiss_centralized_004r_62f223ac,/mnt/vast-standard/home/darius.heere/u27936/pchpc-project/results/final_rank_thread_500k_per_run_queries/20260616-235540_faiss_centralized_004r_62f223ac,results/final_rank_thread_500k_per_run_queries/20260616-235540_faiss_centralized_004r_62f223ac/benchmark_metrics.json,2026-06-16T23:55:40,c0020,configs/rank_thread_configs/final_rank_thread_500k_per_run_centralized_threads04.json,14333585,pchpc-bench,scc-cpu,1,4,4,4,32768,,c0020,hot_repeated_retrieval,final_rank_thread_500k_per_run_queries,mpi_centralized,faiss,True,4,shard_aware_shared_npy,single_vectors_npy,full_query_pool_on_each_rank,per_run,55,1,4,500000,1,2560,10,5,50,1.4038062199999999,1.39240824,0.984068911,0.9738865912499999,final_rank_thread_500k_per_run_queries,benchmark_500k_2560d_55q,42,False,per_run,50,0.15211613996000006,0.13989652599999935,0.13809677000000065,0.20214978200000022,0.021411357421962613,50,0.00012621036000008524,0.00011872450000005585,0.00010530199999969625,0.0003697330000003163,3.889734791904089e-05,50,0.15171576538,0.1395065854999995,0.13774566300000046,0.20175851599999994,0.02140605477285525,50,0.14082604319000006,0.1315876627500001,0.12973242325,0.1915218569999999,0.019117067120548923,50,0.003362371380000129,0.0002288244999999467,0.00020012300000082917,0.03193237400000015,0.008158164323143658,50,0.0010193439900000633,0.0001294864999997758,0.00011443650000009242,0.01126604674999987,0.0024089525734469997,50,6.683092998904461,7.148142721387279,4.946827001772373,7.241298981866088,0.7942353788255968
final_rank_thread_500k_per_run_queries,20260616-235405_faiss_centralized_008r_a0c3f4f4,/mnt/vast-standard/home/darius.heere/u27936/pchpc-project/results/final_rank_thread_500k_per_run_queries/20260616-235405_faiss_centralized_008r_a0c3f4f4,results/final_rank_thread_500k_per_run_queries/20260616-235405_faiss_centralized_008r_a0c3f4f4/benchmark_metrics.json,2026-06-16T23:54:05,c0020,configs/rank_thread_configs/final_rank_thread_500k_per_run_centralized_threads02.json,14333584,pchpc-bench,scc-cpu,1,8,8,2,32768,,c0020,hot_repeated_retrieval,final_rank_thread_500k_per_run_queries,mpi_centralized,faiss,True,2,shard_aware_shared_npy,single_vectors_npy,full_query_pool_on_each_rank,per_run,55,1,8,500000,1,2560,10,5,50,1.162848608,1.157686372,0.43184213900000024,0.42880623762500003,final_rank_thread_500k_per_run_queries,benchmark_500k_2560d_55q,42,False,per_run,50,0.07870672330000002,0.07300307999999966,0.07250237400000037,0.13016003500000028,0.015608235781395464,50,0.00013120467999994112,0.00012769950000013353,0.00011939600000010486,0.0002054199999994566,1.3051933764646674e-05,50,0.07823955531999999,0.07253395449999989,0.07207833600000013,0.12976832799999993,0.015603023585991216,50,0.0705160941225,0.06693537343749995,0.06646301762500006,0.112571362625,0.010729690864589182,50,0.0033674958799999022,0.0002881400000001033,0.00022384699999999924,0.056537340000000214,0.01140022205444424,50,0.00064376210749999,0.00011995600000017093,0.00010699837500000031,0.012861068124999986,0.002079859164191551,50,13.041196440077664,13.698052196715182,7.682849808698943,13.792651810270309,1.7350858102858178
final_rank_thread_500k_per_run_queries,20260616-235100_faiss_centralized_016r_349c2d44,/mnt/vast-standard/home/darius.heere/u27936/pchpc-project/results/final_rank_thread_500k_per_run_queries/20260616-235100_faiss_centralized_016r_349c2d44,results/final_rank_thread_500k_per_run_queries/20260616-235100_faiss_centralized_016r_349c2d44/benchmark_metrics.json,2026-06-16T23:51:00,c0020,configs/rank_thread_configs/final_rank_thread_500k_per_run_centralized_threads01.json,14333583,pchpc-bench,scc-cpu,1,16,16,1,32768,,c0020,hot_repeated_retrieval,final_rank_thread_500k_per_run_queries,mpi_centralized,faiss,True,1,shard_aware_shared_npy,single_vectors_npy,full_query_pool_on_each_rank,per_run,55,1,16,500000,1,2560,10,5,50,0.991415472,0.9872968987499999,0.30430132499999996,0.2940459419375,final_rank_thread_500k_per_run_queries,benchmark_500k_2560d_55q,42,False,per_run,50,0.04276435147999999,0.04160677650000011,0.0408864969999998,0.06230938499999983,0.004525553422383657,50,0.00014244653999999634,0.00013864100000016144,0.00012996599999981484,0.00023212500000013847,1.611248446395524e-05,50,0.04210499870000004,0.041011866000000285,0.04029125000000011,0.06065468900000015,0.004359659179883726,50,0.03808151863625,0.037585382656249985,0.03683057275000007,0.047317806125000056,0.001990169921490724,50,0.0020069344800000355,0.0007174030000001164,0.0006183630000000662,0.025365628999999945,0.005237649680553149,50,0.000418273134999993,0.0001728000937499946,0.00015401675000001336,0.005840143812499948,0.0010353336645381966,50,23.570531101113115,24.0345576068096,16.048946719663544,24.457952462887807,1.8023645543144164
final_rank_thread_500k_per_run_queries,20260617-000904_faiss_tree_001r_949f185f,/mnt/vast-standard/home/darius.heere/u27936/pchpc-project/results/final_rank_thread_500k_per_run_queries/20260617-000904_faiss_tree_001r_949f185f,results/final_rank_thread_500k_per_run_queries/20260617-000904_faiss_tree_001r_949f185f/benchmark_metrics.json,2026-06-17T00:09:04,c0020,configs/rank_thread_configs/final_rank_thread_500k_per_run_tree_threads16.json,14333600,pchpc-bench,scc-cpu,1,1,1,16,32768,,c0020,hot_repeated_retrieval,final_rank_thread_500k_per_run_queries,mpi_tree,faiss,True,16,shard_aware_shared_npy,single_vectors_npy,full_query_pool_on_each_rank,per_run,55,1,1,500000,1,2560,10,5,50,3.447573942,3.447573942,3.3583414410000003,3.3583414410000003,final_rank_thread_500k_per_run_queries,benchmark_500k_2560d_55q,42,False,per_run,50,0.5125678680399998,0.4884856239999973,0.481043338000001,0.6065508869999992,0.03341062792306343,50,6.536599997986059e-07,6.309999998066473e-07,3.7099999872225453e-07,1.1269999991014856e-06,1.6021702264942613e-07,50,0.51251784366,0.48843214449999905,0.480987356,0.6064940409999995,0.03341256132555637,50,0.51251784366,0.48843214449999905,0.480987356,0.6064940409999995,0.03341256132555637,50,0.0,0.0,0.0,0.0,0.0,50,0.0,0.0,0.0,0.0,0.0,50,1.9588327343082117,2.047145073709208,1.6486662890660342,2.078814778222743,0.12337270270728541
final_rank_thread_500k_per_run_queries,20260617-000710_faiss_tree_002r_4b3e1955,/mnt/vast-standard/home/darius.heere/u27936/pchpc-project/results/final_rank_thread_500k_per_run_queries/20260617-000710_faiss_tree_002r_4b3e1955,results/final_rank_thread_500k_per_run_queries/20260617-000710_faiss_tree_002r_4b3e1955/benchmark_metrics.json,2026-06-17T00:07:10,c0020,configs/rank_thread_configs/final_rank_thread_500k_per_run_tree_threads08.json,14333599,pchpc-bench,scc-cpu,1,2,2,8,32768,,c0020,hot_repeated_retrieval,final_rank_thread_500k_per_run_queries,mpi_tree,faiss,True,8,shard_aware_shared_npy,single_vectors_npy,full_query_pool_on_each_rank,per_run,55,1,2,500000,1,2560,10,5,50,1.8515712299999998,1.841987381,1.7299260219999995,1.7211547889999999,final_rank_thread_500k_per_run_queries,benchmark_500k_2560d_55q,42,False,per_run,50,0.29014522646000007,0.27387692300000044,0.2675280320000004,0.3337380799999998,0.026658780107545896,50,0.0031252972399998667,0.00022143999999979513,0.000194478999999248,0.04163439300000071,0.010012657043105234,50,0.28985737376,0.2735857070000005,0.267276164000001,0.333486241000001,0.026659030811146917,50,0.2764983318299999,0.26239243349999963,0.2569515105,0.3228858644999981,0.024140594175164416,50,0.0030050262599998767,0.00010562700000038561,9.160299999955157e-05,0.04152398200000107,0.010009709066107634,50,0.0015462863299999974,9.465374999972909e-05,8.41709999992446e-05,0.02080099600000107,0.0050041669272165015,50,3.4735358930775746,3.6512869985255607,2.9963616977720986,3.7379260503063785,0.2998846946837519
final_rank_thread_500k_per_run_queries,20260617-000549_faiss_tree_004r_257a2cbe,/mnt/vast-standard/home/darius.heere/u27936/pchpc-project/results/final_rank_thread_500k_per_run_queries/20260617-000549_faiss_tree_004r_257a2cbe,results/final_rank_thread_500k_per_run_queries/20260617-000549_faiss_tree_004r_257a2cbe/benchmark_metrics.json,2026-06-17T00:05:49,c0020,configs/rank_thread_configs/final_rank_thread_500k_per_run_tree_threads04.json,14333598,pchpc-bench,scc-cpu,1,4,4,4,32768,,c0020,hot_repeated_retrieval,final_rank_thread_500k_per_run_queries,mpi_tree,faiss,True,4,shard_aware_shared_npy,single_vectors_npy,full_query_pool_on_each_rank,per_run,55,1,4,500000,1,2560,10,5,50,1.3969141900000002,1.38997969,0.9880648589999999,0.980210458,final_rank_thread_500k_per_run_queries,benchmark_500k_2560d_55q,42,False,per_run,50,0.1547154381599999,0.13866452650000038,0.13737152899999927,0.19973693500000067,0.024450448609225406,50,0.0059844817800000175,0.00028158450000059787,0.0002560109999993898,0.05372990599999916,0.015331060852469795,50,0.1543607288399999,0.13833148999999967,0.13706382699999864,0.19941455499999883,0.024439580115683188,50,0.14017816781499995,0.12963338762499965,0.12851354300000006,0.1891103487500001,0.018365719063763535,50,0.007495086560000042,0.001071180999999477,0.00015810799999993463,0.06496059499999962,0.017026291161086973,50,0.002783451485000041,0.00034397687499998497,0.00010557624999973925,0.029414295499999854,0.006655547181780117,50,6.604254797417942,7.211649982414597,5.006585286792333,7.279528787948522,0.9103925096645966
final_rank_thread_500k_per_run_queries,20260617-000350_faiss_tree_008r_51d5c8e2,/mnt/vast-standard/home/darius.heere/u27936/pchpc-project/results/final_rank_thread_500k_per_run_queries/20260617-000350_faiss_tree_008r_51d5c8e2,results/final_rank_thread_500k_per_run_queries/20260617-000350_faiss_tree_008r_51d5c8e2/benchmark_metrics.json,2026-06-17T00:03:50,c0020,configs/rank_thread_configs/final_rank_thread_500k_per_run_tree_threads02.json,14333597,pchpc-bench,scc-cpu,1,8,8,2,32768,,c0020,hot_repeated_retrieval,final_rank_thread_500k_per_run_queries,mpi_tree,faiss,True,2,shard_aware_shared_npy,single_vectors_npy,full_query_pool_on_each_rank,per_run,55,1,8,500000,1,2560,10,5,50,1.1597618209999998,1.153782106875,0.430112158,0.42606623337499994,final_rank_thread_500k_per_run_queries,benchmark_500k_2560d_55q,42,False,per_run,50,0.07732629052000004,0.07229594200000022,0.07193938999999983,0.12972760300000008,0.013387090644618826,50,0.0026190129199999924,0.0003121415000002514,0.0002611770000005009,0.044475198999999854,0.008328371574934677,50,0.07693741801999987,0.07189451749999964,0.07155936000000018,0.12935616700000008,0.01336111064781486,50,0.06955783575999999,0.06632519824999988,0.06600031762500014,0.11551712812499998,0.010057153797708765,50,0.003482064060000036,0.0004242185000000731,0.00020420500000017938,0.04416559700000011,0.009334297577595468,50,0.0009780523549999965,0.0001441972499997557,0.00011071375000004657,0.012193310999999873,0.002608516469527429,50,13.203671682351455,13.832036156562925,7.708459702288644,13.90059048318317,1.6103507401285286
final_rank_thread_500k_per_run_queries,20260617-000118_faiss_tree_016r_60bb0569,/mnt/vast-standard/home/darius.heere/u27936/pchpc-project/results/final_rank_thread_500k_per_run_queries/20260617-000118_faiss_tree_016r_60bb0569,results/final_rank_thread_500k_per_run_queries/20260617-000118_faiss_tree_016r_60bb0569/benchmark_metrics.json,2026-06-17T00:01:18,c0020,configs/rank_thread_configs/final_rank_thread_500k_per_run_tree_threads01.json,14333596,pchpc-bench,scc-cpu,1,16,16,1,32768,,c0020,hot_repeated_retrieval,final_rank_thread_500k_per_run_queries,mpi_tree,faiss,True,1,shard_aware_shared_npy,single_vectors_npy,full_query_pool_on_each_rank,per_run,55,1,16,500000,1,2560,10,5,50,0.9656697860000001,0.9545019580624999,0.3247555929999999,0.31898428199999995,final_rank_thread_500k_per_run_queries,benchmark_500k_2560d_55q,42,False,per_run,50,0.04175873308,0.04049238649999998,0.040157670000000145,0.06450767300000004,0.004967248135562787,50,0.0011445633799999743,0.0003728380000000975,0.00030743299999969054,0.021571871999999992,0.0037954270765478155,50,0.04125369169999999,0.04002202400000021,0.03970840299999967,0.06360492799999973,0.0047976137111373105,50,0.03729563579999999,0.03679172615624998,0.03652526774999987,0.050216167562499914,0.0022051595267784706,50,0.0018334045200000038,0.0005769490000000488,0.00045779899999986995,0.024856043999999855,0.005071057741323477,50,0.0003361326849999963,0.0001420337499999924,0.00012832725000005984,0.005417257124999936,0.0008554237225808273,50,24.178985079286814,24.6960063260804,15.502031828058646,24.901843159725065,1.9921334143958584
final_rank_thread_tradeoff_500k,20260607-135959_faiss_centralized_001r_bd713955,/mnt/vast-standard/home/darius.heere/u27936/pchpc-project/results/final_rank_thread_tradeoff_500k/20260607-135959_faiss_centralized_001r_bd713955,results/final_rank_thread_tradeoff_500k/20260607-135959_faiss_centralized_001r_bd713955/benchmark_metrics.json,2026-06-07T13:59:59,c0411,configs/rank_thread_configs/final_rank_thread_500k_centralized_threads16.json,14129184,pchpc-bench,scc-cpu,1,1,1,16,32768,,c0411,hot_repeated_retrieval,final_rank_thread_tradeoff_500k,mpi_centralized,faiss,True,16,shard_aware_shared_npy,single_vectors_npy,full_queries_on_each_rank,,,,1,500000,1,2560,10,5,50,3.1259580500000004,3.1259580500000004,1.4440749310000003,1.4440749310000003,final_rank_thread_tradeoff_500k,benchmark_500k_2560d,42,False,,50,0.57021977628,0.5708973255000007,0.5477748679999976,0.5876341220000008,0.00709004319969661,50,0.00014057692000008615,0.00012845100000014043,0.00010918999999987022,0.000406191000001499,4.7250611339940676e-05,50,0.5698762187000002,0.5704681184999991,0.5474878340000018,0.5873064960000001,0.007089983134267946,50,0.5698762187000002,0.5704681184999991,0.5474878340000018,0.5873064960000001,0.007089983134267946,50,0.0001639881200000559,0.0001513830000003935,0.00012882000000047356,0.0003615560000014284,4.968391186201597e-05,50,0.0001639881200000559,0.0001513830000003935,0.00012882000000047356,0.0003615560000014284,4.968391186201597e-05,50,1.7539768619261438,1.7516284569459872,1.701739164833588,1.8255675066859847,0.021923383282887957
final_rank_thread_tradeoff_500k,20260607-135906_faiss_centralized_002r_920363a2,/mnt/vast-standard/home/darius.heere/u27936/pchpc-project/results/final_rank_thread_tradeoff_500k/20260607-135906_faiss_centralized_002r_920363a2,results/final_rank_thread_tradeoff_500k/20260607-135906_faiss_centralized_002r_920363a2/benchmark_metrics.json,2026-06-07T13:59:06,c0411,configs/rank_thread_configs/final_rank_thread_500k_centralized_threads08.json,14129182,pchpc-bench,scc-cpu,1,2,2,8,32768,,c0411,hot_repeated_retrieval,final_rank_thread_tradeoff_500k,mpi_centralized,faiss,True,8,shard_aware_shared_npy,single_vectors_npy,full_queries_on_each_rank,,,,2,500000,1,2560,10,5,50,1.7289575490000002,1.6735237870000002,0.7553698899999999,0.7549037535,final_rank_thread_tradeoff_500k,benchmark_500k_2560d,42,False,,50,0.2918795649599998,0.28889828100000026,0.2821434630000006,0.3120944649999995,0.007698207665204436,50,0.00014351888000001977,0.00012737349999980552,0.00011155299999998647,0.0003991939999998806,4.9465797096930346e-05,50,0.29150794834000004,0.28857807999999974,0.2818452820000008,0.3113657639999996,0.007662061264347344,50,0.2911926042200001,0.288182261,0.28145310950000013,0.3112083795,0.00768589007949792,50,0.000812181740000053,0.0007969174999997719,0.00025387899999973484,0.001744803000000239,0.0002795108158529045,50,0.0004595498299999434,0.000446818999999099,0.0002125214999999514,0.0010361275000003722,0.000155666794951928,50,3.4283343496801755,3.4614268497037086,3.204158074383029,3.5442961866530927,0.0876036103503463
final_rank_thread_tradeoff_500k,20260607-135828_faiss_centralized_004r_e0681359,/mnt/vast-standard/home/darius.heere/u27936/pchpc-project/results/final_rank_thread_tradeoff_500k/20260607-135828_faiss_centralized_004r_e0681359,results/final_rank_thread_tradeoff_500k/20260607-135828_faiss_centralized_004r_e0681359/benchmark_metrics.json,2026-06-07T13:58:28,c0411,configs/rank_thread_configs/final_rank_thread_500k_centralized_threads04.json,14129179,pchpc-bench,scc-cpu,1,4,4,4,32768,,c0411,hot_repeated_retrieval,final_rank_thread_tradeoff_500k,mpi_centralized,faiss,True,4,shard_aware_shared_npy,single_vectors_npy,full_queries_on_each_rank,,,,4,500000,1,2560,10,5,50,1.2837087839999999,1.25704241175,0.41107915799999994,0.40731953099999996,final_rank_thread_tradeoff_500k,benchmark_500k_2560d,42,False,,50,0.14694534852000007,0.14628127900000054,0.1431902530000002,0.15148284099999998,0.0021142236651502805,50,0.00014411155999995097,0.0001330924999995986,0.00011627099999955703,0.0004062309999999236,4.357409596475903e-05,50,0.14652882598,0.14590200200000059,0.1427822179999998,0.15083773499999964,0.002115227676459251,50,0.14562006875,0.14510462637499988,0.14197335725000015,0.14963792024999978,0.0020979939788283207,50,0.0026285938000000187,0.002595272000000204,0.002161046000000333,0.0031455959999995287,0.00028760245321946215,50,0.0007633317950000573,0.0007814112499999748,0.0006411772500001245,0.0009552882500001303,8.0656413817305e-05,50,6.806624931149108,6.836144857269513,6.601407746241042,6.983715574551003,0.0974413228312045
final_rank_thread_tradeoff_500k,20260607-135750_faiss_centralized_008r_9abb1619,/mnt/vast-standard/home/darius.heere/u27936/pchpc-project/results/final_rank_thread_tradeoff_500k/20260607-135750_faiss_centralized_008r_9abb1619,results/final_rank_thread_tradeoff_500k/20260607-135750_faiss_centralized_008r_9abb1619/benchmark_metrics.json,2026-06-07T13:57:50,c0411,configs/rank_thread_configs/final_rank_thread_500k_centralized_threads02.json,14129178,pchpc-bench,scc-cpu,1,8,8,2,32768,,c0411,hot_repeated_retrieval,final_rank_thread_tradeoff_500k,mpi_centralized,faiss,True,2,shard_aware_shared_npy,single_vectors_npy,full_queries_on_each_rank,,,,8,500000,1,2560,10,5,50,5.765095985,3.449264047625,0.2284363899999997,0.222114191375,final_rank_thread_tradeoff_500k,benchmark_500k_2560d,42,False,,50,0.0777174365399999,0.07780454200000042,0.07413595699999931,0.08085715500000035,0.0011184914142092842,50,0.0001474658000000062,0.00014398600000031792,0.0001316810000009383,0.00021967099999997686,1.4483362977619126e-05,50,0.07723022271999995,0.07729064700000032,0.07365515100000053,0.08011756900000044,0.0010778115686091994,50,0.07665097837750001,0.07675674362500001,0.07327898725000026,0.07945634387499978,0.001032022333995606,50,0.0007653124799999312,0.0006972610000000046,0.0003391509999985942,0.0015902000000007632,0.00022920843617853137,50,0.0002592816299999945,0.0002498306875000633,0.0001704164999998259,0.00046313112500051545,5.807340541575071e-05,50,12.869751629868338,12.852720179252076,12.36748930876922,13.488731250882878,0.18627439791665648
final_rank_thread_tradeoff_500k,20260607-143600_faiss_centralized_016r_6132f425,/mnt/vast-standard/home/darius.heere/u27936/pchpc-project/results/final_rank_thread_tradeoff_500k/20260607-143600_faiss_centralized_016r_6132f425,results/final_rank_thread_tradeoff_500k/20260607-143600_faiss_centralized_016r_6132f425/benchmark_metrics.json,2026-06-07T14:36:00,c0138,configs/rank_thread_configs/final_rank_thread_500k_centralized_threads01.json,14129177,pchpc-bench,scc-cpu,1,16,16,1,32768,,c0138,hot_repeated_retrieval,final_rank_thread_tradeoff_500k,mpi_centralized,faiss,True,1,shard_aware_shared_npy,single_vectors_npy,full_queries_on_each_rank,,,,16,500000,1,2560,10,5,50,2.925384589,1.6811468460625,0.2739752219999998,0.23513021118749997,final_rank_thread_tradeoff_500k,benchmark_500k_2560d,42,False,,50,0.06034556714000008,0.05197802400000029,0.038361575999999786,0.10042856500000052,0.02205231192440753,50,0.00015490076000002518,0.00015014649999978147,0.00013775499999990615,0.0002802080000003926,2.1678905945744456e-05,50,0.05966442623999996,0.051213817500000314,0.03781830700000022,0.09868624500000056,0.021962558072740987,50,0.04013639229874998,0.03947727315624999,0.037570454562499966,0.05268991737499995,0.002610841218972046,50,0.021077209880000006,0.012615128000000198,0.0005260700000002672,0.06241304699999972,0.02258666306080791,50,0.0028578338037500307,0.0015806374375001153,0.00018809750000003955,0.009431552249999975,0.0029384115120424047,50,18.694138093973166,19.24177845754035,9.95732638418158,26.067750709720727,6.103470619185741
final_rank_thread_tradeoff_500k,20260607-140306_faiss_tree_001r_6929baef,/mnt/vast-standard/home/darius.heere/u27936/pchpc-project/results/final_rank_thread_tradeoff_500k/20260607-140306_faiss_tree_001r_6929baef,results/final_rank_thread_tradeoff_500k/20260607-140306_faiss_tree_001r_6929baef/benchmark_metrics.json,2026-06-07T14:03:06,c0411,configs/rank_thread_configs/final_rank_thread_500k_tree_threads16.json,14129189,pchpc-bench,scc-cpu,1,1,1,16,32768,,c0411,hot_repeated_retrieval,final_rank_thread_tradeoff_500k,mpi_tree,faiss,True,16,shard_aware_shared_npy,single_vectors_npy,full_queries_on_each_rank,,,,1,500000,1,2560,10,5,50,4.053109410999999,4.053109410999999,3.751435914,3.751435914,final_rank_thread_tradeoff_500k,benchmark_500k_2560d,42,False,,50,0.6309422502000005,0.6095538245000007,0.5803863139999983,0.734737483,0.040653939815736916,50,1.0910000003150344e-06,1.033500002023402e-06,6.269999985875074e-07,2.070999997272338e-06,3.271019941447994e-07,50,0.6308639108199994,0.6094734875000007,0.5803152350000005,0.7346672549999997,0.04065795578305909,50,0.6308639108199994,0.6094734875000007,0.5803152350000005,0.7346672549999997,0.04065795578305909,50,0.0,0.0,0.0,0.0,0.0,50,0.0,0.0,0.0,0.0,0.0,50,1.5912594865701875,1.6405638832327298,1.3610303314279122,1.7229903184794997,0.10032153760437479
final_rank_thread_tradeoff_500k,20260607-140201_faiss_tree_002r_6804d26e,/mnt/vast-standard/home/darius.heere/u27936/pchpc-project/results/final_rank_thread_tradeoff_500k/20260607-140201_faiss_tree_002r_6804d26e,results/final_rank_thread_tradeoff_500k/20260607-140201_faiss_tree_002r_6804d26e/benchmark_metrics.json,2026-06-07T14:02:01,c0411,configs/rank_thread_configs/final_rank_thread_500k_tree_threads08.json,14129188,pchpc-bench,scc-cpu,1,2,2,8,32768,,c0411,hot_repeated_retrieval,final_rank_thread_tradeoff_500k,mpi_tree,faiss,True,8,shard_aware_shared_npy,single_vectors_npy,full_queries_on_each_rank,,,,2,500000,1,2560,10,5,50,2.1888063320000004,2.1831830805,1.9420501579999998,1.9321896435,final_rank_thread_tradeoff_500k,benchmark_500k_2560d,42,False,,50,0.33366133806000003,0.3142588590000006,0.28997728000000045,0.43592082099999985,0.04225286468603191,50,0.015568640119999913,0.0003078545000008148,0.0002646649999995532,0.074559880999999,0.02867710140930152,50,0.33325876113999997,0.3137384300000008,0.2896360189999996,0.43554866600000075,0.04224987962283353,50,0.31775625716999994,0.31002946325000025,0.2892454130000006,0.4018924305000007,0.027522883382175057,50,0.015413697219999882,0.00015898599999975005,0.00012059899999883328,0.07441112900000135,0.028675940111331677,50,0.007762858769999896,0.0001329279999993105,0.00010910800000019094,0.037260328500000384,0.014337658096723093,50,3.0427607298827253,3.1821902349913245,2.293994578432858,3.4485460378137156,0.36941747058102364
final_rank_thread_tradeoff_500k,20260607-140118_faiss_tree_004r_ab33c77b,/mnt/vast-standard/home/darius.heere/u27936/pchpc-project/results/final_rank_thread_tradeoff_500k/20260607-140118_faiss_tree_004r_ab33c77b,results/final_rank_thread_tradeoff_500k/20260607-140118_faiss_tree_004r_ab33c77b/benchmark_metrics.json,2026-06-07T14:01:18,c0411,configs/rank_thread_configs/final_rank_thread_500k_tree_threads04.json,14129187,pchpc-bench,scc-cpu,1,4,4,4,32768,,c0411,hot_repeated_retrieval,final_rank_thread_tradeoff_500k,mpi_tree,faiss,True,4,shard_aware_shared_npy,single_vectors_npy,full_queries_on_each_rank,,,,4,500000,1,2560,10,5,50,2.470799859,2.3787650872499997,0.9253789919999997,0.65578497725,final_rank_thread_tradeoff_500k,benchmark_500k_2560d,42,False,,50,0.15779881821999997,0.15105415900000008,0.1479444000000001,0.22625429100000005,0.020826697284588726,50,0.00033665077999987857,0.0003294039999999221,0.00027899200000014446,0.0007073420000001107,5.857740475689073e-05,50,0.15739290821999993,0.15064354649999956,0.14759588500000032,0.22586165199999986,0.020809699055722202,50,0.150642688635,0.14722385937499993,0.14350109375000009,0.18557107200000011,0.010513452782439352,50,0.0001879895799998188,0.0001679039999995524,0.00013782099999914976,0.00045751799999926845,6.780146587097675e-05,50,0.0001283403299999275,0.00012099587499969644,0.00010627325000012178,0.00022677700000017786,2.5493010587557623e-05,50,6.4182630050783285,6.620142555302977,4.419805677851209,6.7592960598711365,0.6279339049130481
final_rank_thread_tradeoff_500k,20260607-140025_faiss_tree_008r_91d2038b,/mnt/vast-standard/home/darius.heere/u27936/pchpc-project/results/final_rank_thread_tradeoff_500k/20260607-140025_faiss_tree_008r_91d2038b,results/final_rank_thread_tradeoff_500k/20260607-140025_faiss_tree_008r_91d2038b/benchmark_metrics.json,2026-06-07T14:00:25,c0411,configs/rank_thread_configs/final_rank_thread_500k_tree_threads02.json,14129186,pchpc-bench,scc-cpu,1,8,8,2,32768,,c0411,hot_repeated_retrieval,final_rank_thread_tradeoff_500k,mpi_tree,faiss,True,2,shard_aware_shared_npy,single_vectors_npy,full_queries_on_each_rank,,,,8,500000,1,2560,10,5,50,1.0619869469999998,1.047988961,0.25915608499999987,0.2555433436249999,final_rank_thread_tradeoff_500k,benchmark_500k_2560d,42,False,,50,0.07730016918000004,0.07717959349999992,0.07552060900000024,0.08006285300000027,0.000859031819925324,50,0.0011373172000000232,0.001114267499999766,0.0009269309999999642,0.001780249000000289,0.0001554424047516839,50,0.07686199820000002,0.07674576599999994,0.0751083889999995,0.07966093699999988,0.0008400712129559214,50,0.07594110763999999,0.07586582825000007,0.07410574725000013,0.07875419712499998,0.0008451920077550457,50,0.001890290739999836,0.00185658749999984,0.0016801819999994194,0.0024247760000002394,0.00012904325727069026,50,0.0005169861350000016,0.0004983614999999331,0.0004711398750001372,0.0008534411249999652,6.006787726631091e-05,50,12.938132242330655,12.956795414600982,12.490186928512236,13.241418643750567,0.1423407967156904
final_rank_thread_tradeoff_500k,20260607-143633_faiss_tree_016r_bdfe5f8f,/mnt/vast-standard/home/darius.heere/u27936/pchpc-project/results/final_rank_thread_tradeoff_500k/20260607-143633_faiss_tree_016r_bdfe5f8f,results/final_rank_thread_tradeoff_500k/20260607-143633_faiss_tree_016r_bdfe5f8f/benchmark_metrics.json,2026-06-07T14:36:33,c0138,configs/rank_thread_configs/final_rank_thread_500k_tree_threads01.json,14129185,pchpc-bench,scc-cpu,1,16,16,1,32768,,c0138,hot_repeated_retrieval,final_rank_thread_tradeoff_500k,mpi_tree,faiss,True,1,shard_aware_shared_npy,single_vectors_npy,full_queries_on_each_rank,,,,16,500000,1,2560,10,5,50,1.104300415,1.0336897401875,0.29827161,0.2750431757500001,final_rank_thread_tradeoff_500k,benchmark_500k_2560d,42,False,,50,0.04793555097999997,0.0391715534999999,0.038152693999999876,0.08764334800000029,0.015796584785251637,50,0.007225227600000012,0.0007160420000000833,0.00035130400000005224,0.05299866200000025,0.014320062447284109,50,0.047381549579999974,0.03867138900000011,0.03764557799999935,0.08718006000000056,0.01574775207367664,50,0.03950730086750001,0.038439086531250055,0.037434546749999964,0.06628423262499994,0.004332866229899106,50,0.0070781859599999475,0.0005554429999996557,0.0004710439999993099,0.05277996499999915,0.014288225609356461,50,0.001207038551249988,0.00020456503124995085,0.0001718821249999114,0.009559152062499854,0.0022431972058074355,50,22.522760828583127,25.5287405708522,11.409879047523342,26.210468912103643,5.226753422142837
final_throughput_500k_100q,20260606-113416_faiss_centralized_001r_a74020df,/mnt/vast-standard/home/darius.heere/u27936/pchpc-project/results/final_throughput_500k_100q/20260606-113416_faiss_centralized_001r_a74020df,results/final_throughput_500k_100q/20260606-113416_faiss_centralized_001r_a74020df/benchmark_metrics.json,2026-06-06T11:34:16,c0409,configs/final_throughput_500k_100q_centralized.json,14104788,pchpc-bench,scc-cpu,1,1,1,1,32768,,c0409,hot_repeated_retrieval,final_throughput_500k_100q,mpi_centralized,faiss,True,1,shard_aware_shared_npy,single_vectors_npy,full_queries_on_each_rank,,,,1,500000,100,2560,10,2,10,35.534638833,35.534638833,3.5975356260000027,3.5975356260000027,final_throughput_500k_100q,benchmark_500k_100q_2560d,42,False,,10,3.1912921732999977,3.2489626984999944,2.991676825000006,3.3424408930000027,0.15228776132521465,10,0.00026354900000100654,0.00024223149999968996,0.0002261289999978544,0.000379307999999412,5.183048457049781e-05,10,3.1906747005000007,3.2484056884999966,2.991131955,3.341899498999993,0.15236565834596286,10,3.1906747005000007,3.2484056884999966,2.991131955,3.341899498999993,0.15236565834596286,10,0.0002880118999989634,0.00025504999999981237,0.0002367320000047357,0.00044154999999790334,7.693753303250878e-05,10,0.0002880118999989634,0.00025504999999981237,0.0002367320000047357,0.00044154999999790334,7.693753303250878e-05,10,31.4005034476253,30.788491581478368,29.918255311388663,33.42607034434603,1.5192341440081492
final_throughput_500k_100q,20260606-115609_faiss_centralized_002r_b8f3f66a,/mnt/vast-standard/home/darius.heere/u27936/pchpc-project/results/final_throughput_500k_100q/20260606-115609_faiss_centralized_002r_b8f3f66a,results/final_throughput_500k_100q/20260606-115609_faiss_centralized_002r_b8f3f66a/benchmark_metrics.json,2026-06-06T11:56:09,c0409,configs/final_throughput_500k_100q_centralized.json,14104845,pchpc-bench,scc-cpu,1,2,2,1,32768,,c0409,hot_repeated_retrieval,final_throughput_500k_100q,mpi_centralized,faiss,True,1,shard_aware_shared_npy,single_vectors_npy,full_queries_on_each_rank,,,,2,500000,100,2560,10,2,10,3.4534802350000002,3.446347278,1.9824285730000004,1.9453307210000002,final_throughput_500k_100q,benchmark_500k_100q_2560d,42,False,,10,1.6070497137,1.535742439999999,1.5163883080000016,1.7579228479999998,0.10703452416736718,10,0.0003022939000000946,0.00026106799999858765,0.00025539399999985335,0.0005262750000021299,9.092385607382402e-05,10,1.6063346128000002,1.5350877345000002,1.5157735629999998,1.757273339000001,0.10696632383678328,10,1.5959249514000002,1.5298772907499996,1.5122868975000001,1.7413736029999995,0.1005775788481389,10,0.009118317999999626,0.00032810500000035603,0.0002833409999993819,0.07299439799999874,0.022953492989310882,10,0.004678356449999743,0.00027322275000063456,0.00024402499999975902,0.036701703999998614,0.011506213074093776,10,62.46800161348585,65.11789406478479,56.88531787033239,65.94616924466546,4.0409273714568466
final_throughput_500k_100q,20260606-122115_faiss_centralized_004r_7d4d9cdc,/mnt/vast-standard/home/darius.heere/u27936/pchpc-project/results/final_throughput_500k_100q/20260606-122115_faiss_centralized_004r_7d4d9cdc,results/final_throughput_500k_100q/20260606-122115_faiss_centralized_004r_7d4d9cdc/benchmark_metrics.json,2026-06-06T12:21:15,c0411,configs/final_throughput_500k_100q_centralized.json,14104846,pchpc-bench,scc-cpu,1,4,4,1,32768,,c0411,hot_repeated_retrieval,final_throughput_500k_100q,mpi_centralized,faiss,True,1,shard_aware_shared_npy,single_vectors_npy,full_queries_on_each_rank,,,,4,500000,100,2560,10,2,10,8.095416499999999,7.37324835225,0.4553430110000001,0.4401085450000002,final_throughput_500k_100q,benchmark_500k_100q_2560d,42,False,,10,0.7474435460999997,0.7469328939999995,0.7444232369999995,0.7508796310000001,0.002400437487184121,10,0.00032297680000006326,0.0002769299999991759,0.0002564440000014656,0.0007145400000005964,0.00013954830427403996,10,0.7466577235000005,0.7462441725000017,0.7437980969999991,0.7499403250000007,0.002379478331684015,10,0.734292830425,0.7345767807499999,0.7325790967500003,0.7360288169999998,0.0012523921110879936,10,0.02959333179999941,0.029050929999999475,0.02328255800000001,0.03519054499999896,0.0034856188005675296,10,0.007977804849999704,0.007923535624999811,0.006500878499999807,0.009161164249999576,0.0009140638928590288,10,133.7906091711604,133.88089080537526,133.1771376816053,134.33218501211303,0.4292532425672097
final_throughput_500k_100q,20260606-150214_faiss_centralized_008r_0550f68b,/mnt/vast-standard/home/darius.heere/u27936/pchpc-project/results/final_throughput_500k_100q/20260606-150214_faiss_centralized_008r_0550f68b,results/final_throughput_500k_100q/20260606-150214_faiss_centralized_008r_0550f68b/benchmark_metrics.json,2026-06-06T15:02:14,c0410,configs/final_throughput_500k_100q_centralized.json,14104847,pchpc-bench,scc-cpu,1,8,8,1,32768,,c0410,hot_repeated_retrieval,final_throughput_500k_100q,mpi_centralized,faiss,True,1,shard_aware_shared_npy,single_vectors_npy,full_queries_on_each_rank,,,,8,500000,100,2560,10,2,10,1.5222077760000001,1.518579231,0.39593921499999984,0.388796440625,final_throughput_500k_100q,benchmark_500k_100q_2560d,42,False,,10,0.4061931124,0.39360003800000043,0.3852655770000002,0.45077397399999963,0.02546771871205064,10,0.00035965899999994554,0.0003343654999996559,0.00030629900000000987,0.0004872379999998344,6.038424717132341e-05,10,0.40527772659999994,0.39242991950000006,0.38422847500000046,0.44972399000000074,0.025455334677663925,10,0.3991370127125,0.3834278550625,0.38038941800000026,0.4454213581250004,0.02491845879498759,10,0.008253376000000002,0.006061284000000056,0.004498111000000193,0.019129010000000335,0.005321675979303816,10,0.002063487512500023,0.001713242687500005,0.0013122907500000558,0.003845731250000206,0.0008838196132430839,10,247.0250167432891,254.12420158110677,221.84066908885046,259.5612117196755,14.83915600797813
final_throughput_500k_100q,20260606-152049_faiss_centralized_016r_af71de30,/mnt/vast-standard/home/darius.heere/u27936/pchpc-project/results/final_throughput_500k_100q/20260606-152049_faiss_centralized_016r_af71de30,results/final_throughput_500k_100q/20260606-152049_faiss_centralized_016r_af71de30/benchmark_metrics.json,2026-06-06T15:20:49,c0081,configs/final_throughput_500k_100q_centralized.json,14104849,pchpc-bench,scc-cpu,1,16,16,1,32768,,c0081,hot_repeated_retrieval,final_throughput_500k_100q,mpi_centralized,faiss,True,1,shard_aware_shared_npy,single_vectors_npy,full_queries_on_each_rank,,,,16,500000,100,2560,10,2,10,1.082822058,1.07756467725,0.20511461499999983,0.20137577375000001,final_throughput_500k_100q,benchmark_500k_100q_2560d,42,False,,10,0.1902480749000001,0.19037298150000015,0.18909031300000034,0.19126167400000016,0.0007448921767576059,10,0.0004774767999998986,0.00046430499999972064,0.00045728899999986083,0.0005520379999999214,2.9980526816230255e-05,10,0.18918846200000003,0.1893134685000002,0.18809894799999993,0.19001502500000012,0.000664333676661966,10,0.18658054765,0.18665776353125002,0.18576204693749998,0.1872891558125,0.0006176593563705024,10,0.009600498900000077,0.00951355949999999,0.00893849400000013,0.010376425000000467,0.0004599562704078967,10,0.001270326300000002,0.0012430794375000997,0.0011465066250000155,0.001433247062500087,9.934219864783655e-05,10,525.6367577833763,525.2846425532248,522.8439023282831,528.8478209880578,2.060361738119219
final_throughput_500k_100q,20260606-152251_faiss_centralized_032r_88e065f7,/mnt/vast-standard/home/darius.heere/u27936/pchpc-project/results/final_throughput_500k_100q/20260606-152251_faiss_centralized_032r_88e065f7,results/final_throughput_500k_100q/20260606-152251_faiss_centralized_032r_88e065f7/benchmark_metrics.json,2026-06-06T15:22:51,c0081,configs/final_throughput_500k_100q_centralized.json,14104850,pchpc-bench,scc-cpu,1,32,32,1,32768,,c0081,hot_repeated_retrieval,final_throughput_500k_100q,mpi_centralized,faiss,True,1,shard_aware_shared_npy,single_vectors_npy,full_queries_on_each_rank,,,,32,500000,100,2560,10,2,10,1.581425884,1.5650013231875,0.13312575299999985,0.1202670828125,final_throughput_500k_100q,benchmark_500k_100q_2560d,42,False,,10,0.09503962330000011,0.09517140450000006,0.09345077800000023,0.0957752270000003,0.000655462991908063,10,0.0005683686000000687,0.000564689499999993,0.0005466780000000782,0.0006123320000002153,1.7682100253575835e-05,10,0.09371473209999995,0.0938474250000001,0.09215957400000008,0.09447614999999976,0.0006489701259630403,10,0.09164562039062499,0.09172706767187498,0.0910779751875,0.09187491681250004,0.00025383509872649627,10,0.002060727600000023,0.002172385500000207,0.0014301579999997927,0.0024252279999998905,0.00030382687946611586,10,0.00031032137500000556,0.0002976172968750107,0.0002408635625000266,0.0004352036562500494,5.1635494103238545e-05,10,1052.2382102991546,1050.7358723988064,1044.1113337168044,1070.0820489691348,7.328593816876988
final_throughput_500k_100q,20260606-120246_faiss_tree_001r_a61b0a9f,/mnt/vast-standard/home/darius.heere/u27936/pchpc-project/results/final_throughput_500k_100q/20260606-120246_faiss_tree_001r_a61b0a9f,results/final_throughput_500k_100q/20260606-120246_faiss_tree_001r_a61b0a9f/benchmark_metrics.json,2026-06-06T12:02:46,c0409,configs/final_throughput_500k_100q_tree.json,14104873,pchpc-bench,scc-cpu,1,1,1,1,32768,,c0409,hot_repeated_retrieval,final_throughput_500k_100q,mpi_tree,faiss,True,1,shard_aware_shared_npy,single_vectors_npy,full_queries_on_each_rank,,,,1,500000,100,2560,10,2,10,4.930917453999999,4.930917453999999,3.873306789999999,3.873306789999999,final_throughput_500k_100q,benchmark_500k_100q_2560d,42,False,,10,3.2597584906,3.2358083064999974,3.0484836410000042,3.541098950000002,0.19285493318661698,10,1.3832999997021033e-06,1.402499998803819e-06,9.500000004436515e-07,1.5990000008514471e-06,2.0406646634955172e-07,10,3.2596029237999997,3.235690116999997,3.048228116000004,3.5409555860000026,0.19288283460709257,10,3.2596029237999997,3.235690116999997,3.048228116000004,3.5409555860000026,0.19288283460709257,10,0.0,0.0,0.0,0.0,0.0,10,0.0,0.0,0.0,0.0,0.0,10,30.772483769655317,30.90422316600503,28.239820861261148,32.80319390764277,1.7923515139710593
final_throughput_500k_100q,20260606-120232_faiss_tree_002r_08eb9290,/mnt/vast-standard/home/darius.heere/u27936/pchpc-project/results/final_throughput_500k_100q/20260606-120232_faiss_tree_002r_08eb9290,results/final_throughput_500k_100q/20260606-120232_faiss_tree_002r_08eb9290/benchmark_metrics.json,2026-06-06T12:02:32,c0410,configs/final_throughput_500k_100q_tree.json,14104875,pchpc-bench,scc-cpu,1,2,2,1,32768,,c0410,hot_repeated_retrieval,final_throughput_500k_100q,mpi_tree,faiss,True,1,shard_aware_shared_npy,single_vectors_npy,full_queries_on_each_rank,,,,2,500000,100,2560,10,2,10,16.084154197,15.5042556815,0.9021020100000001,0.8938854979999995,final_throughput_500k_100q,benchmark_500k_100q_2560d,42,False,,10,1.5170919061000003,1.5173212615000011,1.5088808930000006,1.5306025319999996,0.0065462024672975775,10,0.0193450201000001,0.01896042450000124,0.014217110000000588,0.02854767799999891,0.0042825796916707275,10,1.5162914334,1.5164978505000004,1.5079023360000008,1.5296453329999977,0.006586477224401648,10,1.5069633690000002,1.5068869327500014,1.4982786125,1.5158048589999993,0.005631073118315919,10,0.019027488200000064,0.018616710999998176,0.013928284000002122,0.028256951999999558,0.0042941005926379954,10,0.009627090449999898,0.009401385249997674,0.007045373500000451,0.014333756999999281,0.002185622380651314,10,65.9166862123454,65.90564486725665,65.33374792561759,66.27428345333283,0.2836503795316059
final_throughput_500k_100q,20260606-122144_faiss_tree_004r_81e54e8d,/mnt/vast-standard/home/darius.heere/u27936/pchpc-project/results/final_throughput_500k_100q/20260606-122144_faiss_tree_004r_81e54e8d,results/final_throughput_500k_100q/20260606-122144_faiss_tree_004r_81e54e8d/benchmark_metrics.json,2026-06-06T12:21:44,c0411,configs/final_throughput_500k_100q_tree.json,14104876,pchpc-bench,scc-cpu,1,4,4,1,32768,,c0411,hot_repeated_retrieval,final_throughput_500k_100q,mpi_tree,faiss,True,1,shard_aware_shared_npy,single_vectors_npy,full_queries_on_each_rank,,,,4,500000,100,2560,10,2,10,3.001155437,2.99966829325,0.45680404600000024,0.43920886650000013,final_throughput_500k_100q,benchmark_500k_100q_2560d,42,False,,10,0.748936648,0.7495319630000004,0.7410893640000005,0.7535895770000005,0.004152153208536766,10,0.03135296280000013,0.03149107549999952,0.027285353999999984,0.035218636000000636,0.0025089325780746747,10,0.7480172616,0.7484181555000005,0.7402713030000001,0.7527403230000003,0.004218678844872068,10,0.7322590873000001,0.7322807935000001,0.7265764854999999,0.73685762925,0.0032049587294956786,10,0.030929052200000216,0.030983268500000882,0.026930755999998723,0.03483444899999988,0.002501928071627575,10,0.010858830674999976,0.010880844749999952,0.00995002099999942,0.012057800250000028,0.0007235715454869404,10,133.52634904347954,133.41660079432688,132.69822600001265,134.93649329988216,0.742936836650821
final_throughput_500k_100q,20260606-150310_faiss_tree_008r_5bd16ee7,/mnt/vast-standard/home/darius.heere/u27936/pchpc-project/results/final_throughput_500k_100q/20260606-150310_faiss_tree_008r_5bd16ee7,results/final_throughput_500k_100q/20260606-150310_faiss_tree_008r_5bd16ee7/benchmark_metrics.json,2026-06-06T15:03:10,c0410,configs/final_throughput_500k_100q_tree.json,14104879,pchpc-bench,scc-cpu,1,8,8,1,32768,,c0410,hot_repeated_retrieval,final_throughput_500k_100q,mpi_tree,faiss,True,1,shard_aware_shared_npy,single_vectors_npy,full_queries_on_each_rank,,,,8,500000,100,2560,10,2,10,1.3520565880000002,1.347541961375,0.3998697469999999,0.394941253375,final_throughput_500k_100q,benchmark_500k_100q_2560d,42,False,,10,0.4064848896999999,0.39702269449999994,0.3857460589999997,0.45339628099999985,0.02279941134678775,10,0.0032875170999999703,0.0007620900000002706,0.0005552709999996353,0.01574028199999944,0.005475372917592251,10,0.4056216614000001,0.3963611275000001,0.385010694,0.4524718830000003,0.02273842636683006,10,0.39928256215,0.39256213818750013,0.3808001411249998,0.4491244228750002,0.021255377685912964,10,0.007971011499999925,0.005276878000000096,0.0045913699999999835,0.02157615700000015,0.0057558024906448945,10,0.0017284695625000013,0.0008972173750000922,0.0007828800000001523,0.006307835750000046,0.0018356289673069504,10,246.68136100218484,251.92897904132982,220.55760973478306,259.2379044888702,13.282588301240878
final_throughput_500k_100q,20260606-152319_faiss_tree_016r_689075b1,/mnt/vast-standard/home/darius.heere/u27936/pchpc-project/results/final_throughput_500k_100q/20260606-152319_faiss_tree_016r_689075b1,results/final_throughput_500k_100q/20260606-152319_faiss_tree_016r_689075b1/benchmark_metrics.json,2026-06-06T15:23:19,c0081,configs/final_throughput_500k_100q_tree.json,14104881,pchpc-bench,scc-cpu,1,16,16,1,32768,,c0081,hot_repeated_retrieval,final_throughput_500k_100q,mpi_tree,faiss,True,1,shard_aware_shared_npy,single_vectors_npy,full_queries_on_each_rank,,,,16,500000,100,2560,10,2,10,1.4302288,1.4143459938125,0.17904904799999977,0.1639515355625,final_throughput_500k_100q,benchmark_500k_100q_2560d,42,False,,10,0.18896989009999993,0.18920460500000003,0.1872879460000001,0.19067946599999974,0.0010186242328977893,10,0.0030385429999998602,0.002990338000000037,0.0020643620000000418,0.003886172999999715,0.0005329860954938727,10,0.18798900009999997,0.18805142500000027,0.18647456400000006,0.1897021360000002,0.0010070584521170922,10,0.18458681494375,0.18456054978125003,0.18332145868750005,0.1862542013125,0.0008652826086229059,10,0.004168671100000054,0.004192303499999994,0.0032510050000000845,0.005538793000000375,0.0006379180954179356,10,0.0009226659062499476,0.0008937497187499754,0.0007566705625000614,0.0012512519999999527,0.00013230047325415854,10,529.1986793133431,528.5289070330377,524.4403191269695,533.9371920924369,2.853861168682236
final_throughput_500k_100q,20260606-163740_faiss_tree_032r_6ade3f38,/mnt/vast-standard/home/darius.heere/u27936/pchpc-project/results/final_throughput_500k_100q/20260606-163740_faiss_tree_032r_6ade3f38,results/final_throughput_500k_100q/20260606-163740_faiss_tree_032r_6ade3f38/benchmark_metrics.json,2026-06-06T16:37:40,c0137,configs/final_throughput_500k_100q_tree.json,14104899,pchpc-bench,scc-cpu,1,32,32,1,32768,,c0137,hot_repeated_retrieval,final_throughput_500k_100q,mpi_tree,faiss,True,1,shard_aware_shared_npy,single_vectors_npy,full_queries_on_each_rank,,,,32,500000,100,2560,10,2,10,2.825283908,2.711783362875,0.17899558800000026,0.12204967900000004,final_throughput_500k_100q,benchmark_500k_100q_2560d,42,False,,10,0.10050188299999992,0.09782852649999985,0.09731410199999946,0.11867369199999978,0.006657349573408163,10,0.003339313699999824,0.0008034219999992764,0.0007629309999996892,0.020882063999999367,0.006388270204510232,10,0.09949340690000001,0.09682174900000007,0.09639819099999958,0.11747028400000037,0.006572543505156104,10,0.09250296999062499,0.09231873276562502,0.09204317987500002,0.09347680131249991,0.0004803545780641546,10,0.004539575399999762,0.002136463499999852,0.0015391389999983573,0.021667230999999454,0.00625972774830729,10,0.0005713903249999763,0.0004206729687500077,0.0003293070624999783,0.0016999699062499873,0.0004167305562752824,10,998.4508905612878,1022.1969061834559,842.6467426327328,1027.6002957926958,57.82887136497569
final_weak_scaling_100k_per_rank,20260607-183301_faiss_centralized_001r_8f32f6af,/mnt/vast-standard/home/darius.heere/u27936/pchpc-project/results/final_weak_scaling_100k_per_rank/20260607-183301_faiss_centralized_001r_8f32f6af,results/final_weak_scaling_100k_per_rank/20260607-183301_faiss_centralized_001r_8f32f6af/benchmark_metrics.json,2026-06-07T18:33:01,c0137,configs/weak_scaling_configs/final_weak_scaling_100k_per_rank_01r_centralized.json,14133665,pchpc-bench,scc-cpu,1,1,1,1,8192,,c0137,hot_repeated_retrieval,final_weak_scaling_100k_per_rank,mpi_centralized,faiss,True,1,shard_aware_shared_npy,single_vectors_npy,full_queries_on_each_rank,,,,1,100000,1,2560,10,5,50,0.6028559659999999,0.6028559659999999,0.297715084,0.297715084,final_weak_scaling_100k_per_rank,weak_100k_per_rank_01r_2560d,42,False,,50,0.10177281707999994,0.10130886449999998,0.10045585099999954,0.10791059200000008,0.0015053789829260072,50,0.000131791380000017,0.00011653400000000147,0.00010224499999988979,0.0005320220000002429,6.455969749975968e-05,50,0.10144250698,0.10101797050000005,0.10017281399999955,0.107610223,0.0014801347783152629,50,0.10144250698,0.10101797050000005,0.10017281399999955,0.107610223,0.0014801347783152629,50,0.00016436592000005135,0.0001480634999997399,0.00012656899999985427,0.0003568060000000983,5.635231401688058e-05,50,0.00016436592000005135,0.0001480634999997399,0.00012656899999985427,0.0003568060000000983,5.635231401688058e-05,50,9.827834952101927,9.8708045459267,9.26693090517008,9.95462175717375,0.1399809259972074
final_weak_scaling_100k_per_rank,20260607-183819_faiss_tree_001r_6370a27a,/mnt/vast-standard/home/darius.heere/u27936/pchpc-project/results/final_weak_scaling_100k_per_rank/20260607-183819_faiss_tree_001r_6370a27a,results/final_weak_scaling_100k_per_rank/20260607-183819_faiss_tree_001r_6370a27a/benchmark_metrics.json,2026-06-07T18:38:19,c0137,configs/weak_scaling_configs/final_weak_scaling_100k_per_rank_01r_tree.json,14133705,pchpc-bench,scc-cpu,1,1,1,1,8192,,c0137,hot_repeated_retrieval,final_weak_scaling_100k_per_rank,mpi_tree,faiss,True,1,shard_aware_shared_npy,single_vectors_npy,full_queries_on_each_rank,,,,1,100000,1,2560,10,5,50,0.6260088650000001,0.6260088650000001,0.297118086,0.297118086,final_weak_scaling_100k_per_rank,weak_100k_per_rank_01r_2560d,42,False,,50,0.10158558177999998,0.10119921900000017,0.10049592900000004,0.1076509179999996,0.001330099085347149,50,7.660200000625395e-07,7.740000000922009e-07,4.0699999992455105e-07,1.2100000001957767e-06,1.9244914409357302e-07,50,0.10151530614000008,0.10114629650000051,0.10043328800000051,0.10759499699999964,0.0013297707551619923,50,0.10151530614000008,0.10114629650000051,0.10043328800000051,0.10759499699999964,0.0013297707551619923,50,0.0,0.0,0.0,0.0,0.0,50,0.0,0.0,0.0,0.0,0.0,50,9.84550883977426,9.881499184704705,9.28928446295278,9.950651831876689,0.12410949607527212
final_weak_scaling_100k_per_rank,20260607-183629_faiss_centralized_002r_b5d7360a,/mnt/vast-standard/home/darius.heere/u27936/pchpc-project/results/final_weak_scaling_100k_per_rank/20260607-183629_faiss_centralized_002r_b5d7360a,results/final_weak_scaling_100k_per_rank/20260607-183629_faiss_centralized_002r_b5d7360a/benchmark_metrics.json,2026-06-07T18:36:29,c0137,configs/weak_scaling_configs/final_weak_scaling_100k_per_rank_02r_centralized.json,14133701,pchpc-bench,scc-cpu,1,2,2,1,8192,,c0137,hot_repeated_retrieval,final_weak_scaling_100k_per_rank,mpi_centralized,faiss,True,1,shard_aware_shared_npy,single_vectors_npy,full_queries_on_each_rank,,,,2,200000,1,2560,10,5,50,0.6393463140000001,0.639193395,0.300589274,0.300521194,final_weak_scaling_100k_per_rank,weak_100k_per_rank_02r_2560d,42,False,,50,0.10281572057999996,0.10270410050000023,0.10177758000000026,0.10462227199999985,0.0006482192817800278,50,0.00012676347999993176,0.00011889399999986949,0.00010651200000033612,0.0002498289999999237,2.714726486253501e-05,50,0.10244861238000005,0.10235545650000022,0.10142721799999954,0.1043023070000002,0.0006393360457388099,50,0.10186427812000003,0.10176898749999985,0.10083452299999962,0.10380517100000008,0.0006093222057205073,50,0.0002032777400000807,0.00018706650000011038,0.00015766900000002693,0.00044323200000029317,5.3643207798298176e-05,50,0.00015524518000002984,0.00014315750000015726,0.00012456200000010575,0.0003734230000000949,4.4560635281942286e-05,50,9.726516319236095,9.736710236107255,9.558194262881248,9.825346603839446,0.061054706373677964
final_weak_scaling_100k_per_rank,20260607-183827_faiss_tree_002r_45863bd4,/mnt/vast-standard/home/darius.heere/u27936/pchpc-project/results/final_weak_scaling_100k_per_rank/20260607-183827_faiss_tree_002r_45863bd4,results/final_weak_scaling_100k_per_rank/20260607-183827_faiss_tree_002r_45863bd4/benchmark_metrics.json,2026-06-07T18:38:27,c0142,configs/weak_scaling_configs/final_weak_scaling_100k_per_rank_02r_tree.json,14133706,pchpc-bench,scc-cpu,1,2,2,1,8192,,c0142,hot_repeated_retrieval,final_weak_scaling_100k_per_rank,mpi_tree,faiss,True,1,shard_aware_shared_npy,single_vectors_npy,full_queries_on_each_rank,,,,2,200000,1,2560,10,5,50,9.296478171,9.120720861,0.31016325500000086,0.3078424680000005,final_weak_scaling_100k_per_rank,weak_100k_per_rank_02r_2560d,42,False,,50,0.10192987927999994,0.10187034749999935,0.09974157399999939,0.10436432100000026,0.0010146412431995284,50,0.0005248560400001168,0.0004897970000001806,0.00020436199999984694,0.0015925540000001348,0.00025278548223799926,50,0.10159314465999991,0.1015546365000004,0.09938967999999981,0.1040592269999987,0.0010173157084677998,50,0.10144297564999982,0.10146037149999998,0.09916603899999998,0.10395662149999918,0.0010142790794008764,50,0.0004026107800000389,0.0003567890000004681,9.491600000011147e-05,0.0014756849999990607,0.00025647174194931197,50,0.00025004701999996825,0.00022443325000054415,8.69579999998038e-05,0.0008813139999990227,0.00013993937986767893,50,9.811621576409433,9.816399592025476,9.581818675368927,10.025909557031916,0.09796598263090102
final_weak_scaling_100k_per_rank,20260607-215102_faiss_centralized_004r_7bda869a,/mnt/vast-standard/home/darius.heere/u27936/pchpc-project/results/final_weak_scaling_100k_per_rank/20260607-215102_faiss_centralized_004r_7bda869a,results/final_weak_scaling_100k_per_rank/20260607-215102_faiss_centralized_004r_7bda869a/benchmark_metrics.json,2026-06-07T21:51:02,c0138,configs/weak_scaling_configs/final_weak_scaling_100k_per_rank_04r_centralized.json,14136440,pchpc-bench,scc-cpu,1,4,4,1,16384,,c0138,hot_repeated_retrieval,final_weak_scaling_100k_per_rank,mpi_centralized,faiss,True,1,shard_aware_shared_npy,single_vectors_npy,full_queries_on_each_rank,,,,4,400000,1,2560,10,5,50,4.971348583,2.0604478715,0.7976672290000009,0.6913743407500001,final_weak_scaling_100k_per_rank,weak_100k_per_rank_04r_2560d,42,False,,50,0.11848209748,0.10425960500000064,0.10287078100000002,0.16985720499999957,0.02513197075075407,50,0.00012828951999994232,0.00011955350000025788,0.00010094199999954867,0.0003664300000005838,3.908131279433145e-05,50,0.11807938341999993,0.10387672150000071,0.10251550300000023,0.16946751499999912,0.025113739958805642,50,0.10752652223499995,0.10334453762499984,0.1022254682499999,0.1355249464999999,0.007978763525041207,50,0.004703161319999864,0.00023744699999905805,0.0001888210000000612,0.06486525499999907,0.01510140958815192,50,0.0012420912850000087,0.00012470837500000442,0.00010819175000076342,0.016290062999999577,0.0037764004016436013,50,8.741446255626604,9.591449514092776,5.887298098423335,9.720933293973921,1.4533143006367155
final_weak_scaling_100k_per_rank,20260607-183957_faiss_tree_004r_a77c2273,/mnt/vast-standard/home/darius.heere/u27936/pchpc-project/results/final_weak_scaling_100k_per_rank/20260607-183957_faiss_tree_004r_a77c2273,results/final_weak_scaling_100k_per_rank/20260607-183957_faiss_tree_004r_a77c2273/benchmark_metrics.json,2026-06-07T18:39:57,c0075,configs/weak_scaling_configs/final_weak_scaling_100k_per_rank_04r_tree.json,14133707,pchpc-bench,scc-cpu,1,4,4,1,16384,,c0075,hot_repeated_retrieval,final_weak_scaling_100k_per_rank,mpi_tree,faiss,True,1,shard_aware_shared_npy,single_vectors_npy,full_queries_on_each_rank,,,,4,400000,1,2560,10,5,50,8.802478302,7.85084157875,0.4014860650000003,0.37180578624999994,final_weak_scaling_100k_per_rank,weak_100k_per_rank_04r_2560d,42,False,,50,0.1108247915799998,0.10271652249999974,0.10062412399999943,0.1532101059999995,0.01586610587677361,50,0.006730030200000208,0.0002664920000006177,0.00022655900000145834,0.050084080999999614,0.014865023605706868,50,0.11044248324000008,0.10241322649999951,0.10029164000000002,0.15269724000000018,0.015715867398115785,50,0.10336784010000008,0.10138731025000025,0.09927551275000024,0.12060750150000032,0.004496590776528303,50,0.007332959200000175,0.0010799260000000643,0.0004942479999989757,0.0514948170000018,0.014720976932892692,50,0.0023506096149999945,0.0003414313750000897,0.00019945574999935545,0.02539210250000057,0.005224952290281425,50,9.171790774793758,9.735532454837301,6.526984584163157,9.937974714691734,1.0627511948670905
final_weak_scaling_100k_per_rank,20260607-195438_faiss_centralized_008r_8e113b8e,/mnt/vast-standard/home/darius.heere/u27936/pchpc-project/results/final_weak_scaling_100k_per_rank/20260607-195438_faiss_centralized_008r_8e113b8e,results/final_weak_scaling_100k_per_rank/20260607-195438_faiss_centralized_008r_8e113b8e/benchmark_metrics.json,2026-06-07T19:54:38,c0409,configs/weak_scaling_configs/final_weak_scaling_100k_per_rank_08r_centralized.json,14133703,pchpc-bench,scc-cpu,1,8,8,1,32768,,c0409,hot_repeated_retrieval,final_weak_scaling_100k_per_rank,mpi_centralized,faiss,True,1,shard_aware_shared_npy,single_vectors_npy,full_queries_on_each_rank,,,,8,800000,1,2560,10,5,50,9.46254294,8.63709104875,0.35388827000000056,0.3387282011249999,final_weak_scaling_100k_per_rank,weak_100k_per_rank_08r_2560d,42,False,,50,0.1267736083599999,0.1264810220000001,0.1226316599999997,0.13139495699999948,0.0023102156593338944,50,0.00016425382000011978,0.0001577490000004289,0.00014106200000085778,0.00026048900000041897,2.4213946891517103e-05,50,0.1262904626,0.12585733449999914,0.12217832400000006,0.13089558000000068,0.002307090975203236,50,0.1187548606675,0.11837925768750002,0.1166904165,0.12188983749999993,0.0014037808733327111,50,0.0015252164800000755,0.0015334755000004918,0.0007341179999986736,0.001995269999998328,0.0002437488160171827,50,0.00030398739250007354,0.0002942388750003522,0.0002185579999998133,0.0005313311250001451,4.940112337398558e-05,50,7.8906266384061094,7.906325068238367,7.610642164904426,8.154501048098039,0.14278217318993322
final_weak_scaling_100k_per_rank,20260607-195505_faiss_tree_008r_43cd201f,/mnt/vast-standard/home/darius.heere/u27936/pchpc-project/results/final_weak_scaling_100k_per_rank/20260607-195505_faiss_tree_008r_43cd201f,results/final_weak_scaling_100k_per_rank/20260607-195505_faiss_tree_008r_43cd201f/benchmark_metrics.json,2026-06-07T19:55:05,c0409,configs/weak_scaling_configs/final_weak_scaling_100k_per_rank_08r_tree.json,14133709,pchpc-bench,scc-cpu,1,8,8,1,32768,,c0409,hot_repeated_retrieval,final_weak_scaling_100k_per_rank,mpi_tree,faiss,True,1,shard_aware_shared_npy,single_vectors_npy,full_queries_on_each_rank,,,,8,800000,1,2560,10,5,50,3.2144087480000003,3.2018372481250004,0.3489840879999999,0.33349277075000006,final_weak_scaling_100k_per_rank,weak_100k_per_rank_08r_2560d,42,False,,50,0.12242080831999996,0.12186161850000055,0.11989664299999969,0.1271783519999996,0.0018937512689432045,50,0.001099794239999916,0.0010572234999997043,0.0004173999999999012,0.001964465999999554,0.00025863566517369933,50,0.12198691667999985,0.12145950599999988,0.11948297199999924,0.12677205299999983,0.001886118567358949,50,0.11688858655999997,0.11660178881249983,0.11532590137499987,0.12048917049999996,0.0011055259662533666,50,0.0009173686999998942,0.0008412825000001511,0.00019285700000004624,0.002330224999999686,0.0003261620505471548,50,0.00024091380749995616,0.0002293516874998236,0.00012843062499989788,0.0005038240000002636,6.498413468177234e-05,50,8.170431780514596,8.206030713857349,7.86297340918526,8.34051709020746,0.12440973857415143
final_weak_scaling_100k_per_rank,20260608-071344_faiss_centralized_016r_c350175a,/mnt/vast-standard/home/darius.heere/u27936/pchpc-project/results/final_weak_scaling_100k_per_rank/20260608-071344_faiss_centralized_016r_c350175a,results/final_weak_scaling_100k_per_rank/20260608-071344_faiss_centralized_016r_c350175a/benchmark_metrics.json,2026-06-08T07:13:44,c0419,configs/weak_scaling_configs/final_weak_scaling_100k_per_rank_16r_centralized.json,14133704,pchpc-bench,scc-cpu,1,16,16,1,65536,,c0419,hot_repeated_retrieval,final_weak_scaling_100k_per_rank,mpi_centralized,faiss,True,1,shard_aware_shared_npy,single_vectors_npy,full_queries_on_each_rank,,,,16,1600000,1,2560,10,5,50,5.77891337,5.176128257,0.45007097500000004,0.43593640850000004,final_weak_scaling_100k_per_rank,weak_100k_per_rank_16r_2560d,42,False,,50,0.11621447375999994,0.11646860749999988,0.11392297199999923,0.11819891599999899,0.0010698907756126585,50,0.00014658933999996292,0.00013767649999962828,0.00013113099999984001,0.00026404500000154485,2.630040517467624e-05,50,0.11561068267999998,0.11588777750000023,0.11338379899999929,0.11743933600000034,0.0010478282266736397,50,0.11453731983499998,0.11475861171875013,0.11231239587499975,0.1164165851250002,0.0010238253088121266,50,0.001579980979999931,0.00156670699999939,0.0008374969999991322,0.002660568000001362,0.0003129311481926838,50,0.00031870365499997113,0.0003064178437500731,0.0002198463749998325,0.0005052568124997991,6.07070262835594e-05,50,8.605497924964101,8.586004748523855,8.46031447530372,8.77786088656471,0.07955866161417226
final_weak_scaling_100k_per_rank,20260608-071411_faiss_tree_016r_a5858712,/mnt/vast-standard/home/darius.heere/u27936/pchpc-project/results/final_weak_scaling_100k_per_rank/20260608-071411_faiss_tree_016r_a5858712,results/final_weak_scaling_100k_per_rank/20260608-071411_faiss_tree_016r_a5858712/benchmark_metrics.json,2026-06-08T07:14:11,c0419,configs/weak_scaling_configs/final_weak_scaling_100k_per_rank_16r_tree.json,14133710,pchpc-bench,scc-cpu,1,16,16,1,65536,,c0419,hot_repeated_retrieval,final_weak_scaling_100k_per_rank,mpi_tree,faiss,True,1,shard_aware_shared_npy,single_vectors_npy,full_queries_on_each_rank,,,,16,1600000,1,2560,10,5,50,3.5777401739999997,3.569177414625,0.43858757599999976,0.43163691643749985,final_weak_scaling_100k_per_rank,weak_100k_per_rank_16r_2560d,42,False,,50,0.11951696799999983,0.11934672749999908,0.11473515299999981,0.12788454200000032,0.0023409637923544804,50,0.0008602999000000189,0.0008527330000007716,0.0003849349999995866,0.0015323330000001079,0.00024152693808161571,50,0.11906123994000009,0.11889765300000033,0.11429727199999995,0.12739754299999895,0.0023303296783453555,50,0.11765376175125006,0.11735385021875022,0.11308031125000001,0.1260572724375002,0.002339237279716836,50,0.0011528454599999448,0.001131389499999802,0.0009301129999998992,0.001748150999999254,0.0001429833933313491,50,0.00028008553750001884,0.00027548525000026247,0.0002318927499997958,0.0004888714999998767,3.6319961461613554e-05,50,8.370130623724979,8.378951100870648,7.8195533593106,8.715724639335267,0.1625351420348969
final_weak_scaling_100k_per_rank_per_run_queries,20260617-224911_faiss_centralized_001r_e8954c3b,/mnt/vast-standard/home/darius.heere/u27936/pchpc-project/results/final_weak_scaling_100k_per_rank_per_run_queries/20260617-224911_faiss_centralized_001r_e8954c3b,results/final_weak_scaling_100k_per_rank_per_run_queries/20260617-224911_faiss_centralized_001r_e8954c3b/benchmark_metrics.json,2026-06-17T22:49:11,c0123,configs/weak_scaling_configs/final_weak_scaling_100k_per_rank_per_run_01r_centralized.json,14344532,pchpc-bench,scc-cpu,1,1,1,1,8192,,c0123,hot_repeated_retrieval,final_weak_scaling_100k_per_rank_per_run_queries,mpi_centralized,faiss,True,1,shard_aware_shared_npy,single_vectors_npy,full_query_pool_on_each_rank,per_run,55,1,1,100000,1,2560,10,5,50,0.7927596830000001,0.7927596830000001,0.893800704,0.893800704,final_weak_scaling_100k_per_rank_per_run_queries,weak_100k_per_rank_01r_2560d,42,False,per_run,50,0.15252902716000016,0.13817026250000097,0.13777368,0.21308849600000013,0.027544202982337004,50,0.00012143561999996777,0.00010949749999977776,0.00010054699999972883,0.00034414799999993306,3.859599400219575e-05,50,0.15222036686000007,0.1378905570000004,0.13748315,0.21281143099999955,0.02752464148145988,50,0.15222036686000007,0.1378905570000004,0.13748315,0.21281143099999955,0.02752464148145988,50,0.00015677435999993604,0.00014960149999998507,0.00011579599999933521,0.00033417099999955013,3.8048270158664834e-05,50,0.00015677435999993604,0.00014960149999998507,0.00011579599999933521,0.00033417099999955013,3.8048270158664834e-05,50,6.725535582797695,7.237447355879848,4.692885907834271,7.258280391436157,0.9585395186299834
final_weak_scaling_100k_per_rank_per_run_queries,20260617-225639_faiss_tree_001r_55701d92,/mnt/vast-standard/home/darius.heere/u27936/pchpc-project/results/final_weak_scaling_100k_per_rank_per_run_queries/20260617-225639_faiss_tree_001r_55701d92,results/final_weak_scaling_100k_per_rank_per_run_queries/20260617-225639_faiss_tree_001r_55701d92/benchmark_metrics.json,2026-06-17T22:56:39,c0123,configs/weak_scaling_configs/final_weak_scaling_100k_per_rank_per_run_01r_tree.json,14344537,pchpc-bench,scc-cpu,1,1,1,1,8192,,c0123,hot_repeated_retrieval,final_weak_scaling_100k_per_rank_per_run_queries,mpi_tree,faiss,True,1,shard_aware_shared_npy,single_vectors_npy,full_query_pool_on_each_rank,per_run,55,1,1,100000,1,2560,10,5,50,0.7888170179999999,0.7888170179999999,0.7538233299999999,0.7538233299999999,final_weak_scaling_100k_per_rank_per_run_queries,weak_100k_per_rank_01r_2560d,42,False,per_run,50,0.1401809643,0.12920651800000016,0.12873981200000006,0.19923237999999976,0.021843251515140567,50,8.226400000133083e-07,8.290000006461185e-07,4.640000001998601e-07,1.23500000004384e-06,1.6742500728584083e-07,50,0.14011977654000007,0.12913841250000013,0.12868318100000042,0.19918088000000012,0.021845281128376953,50,0.14011977654000007,0.12913841250000013,0.12868318100000042,0.19918088000000012,0.021845281128376953,50,0.0,0.0,0.0,0.0,0.0,50,0.0,0.0,0.0,0.0,0.0,50,7.270805503600691,7.739547761082453,5.019264438842728,7.767604942595376,0.9012924840296885
final_weak_scaling_100k_per_rank_per_run_queries,20260617-225054_faiss_centralized_002r_1456be3d,/mnt/vast-standard/home/darius.heere/u27936/pchpc-project/results/final_weak_scaling_100k_per_rank_per_run_queries/20260617-225054_faiss_centralized_002r_1456be3d,results/final_weak_scaling_100k_per_rank_per_run_queries/20260617-225054_faiss_centralized_002r_1456be3d/benchmark_metrics.json,2026-06-17T22:50:54,c0123,configs/weak_scaling_configs/final_weak_scaling_100k_per_rank_per_run_02r_centralized.json,14344533,pchpc-bench,scc-cpu,1,2,2,1,8192,,c0123,hot_repeated_retrieval,final_weak_scaling_100k_per_rank_per_run_queries,mpi_centralized,faiss,True,1,shard_aware_shared_npy,single_vectors_npy,full_query_pool_on_each_rank,per_run,55,1,2,200000,1,2560,10,5,50,0.989799053,0.9623978045,0.9805192079999998,0.9705425289999999,final_weak_scaling_100k_per_rank_per_run_queries,weak_100k_per_rank_02r_2560d,42,False,per_run,50,0.15259014369999993,0.1363982319999999,0.13606541899999947,0.21159298199999999,0.026814963855117648,50,0.00012674950000005403,0.00011670449999989785,0.000105941000001053,0.0003340450000002271,3.859058859844427e-05,50,0.1521847894599999,0.1360198804999999,0.13571235000000037,0.21125478900000072,0.02681876454807258,50,0.14769003936999994,0.13588167674999974,0.1356470099999998,0.21056684200000042,0.021871365031374924,50,0.005310345479999983,0.0001932550000001143,0.00017113300000026754,0.06993844999999954,0.01419586899870551,50,0.0027086408499999905,0.00014929975000033124,0.00012901699999989802,0.035019643500000086,0.007103641516947651,50,6.719739891141271,7.331473344197474,4.726054666595701,7.349405950089375,0.9687847978626506
final_weak_scaling_100k_per_rank_per_run_queries,20260617-225938_faiss_tree_002r_477e6186,/mnt/vast-standard/home/darius.heere/u27936/pchpc-project/results/final_weak_scaling_100k_per_rank_per_run_queries/20260617-225938_faiss_tree_002r_477e6186,results/final_weak_scaling_100k_per_rank_per_run_queries/20260617-225938_faiss_tree_002r_477e6186/benchmark_metrics.json,2026-06-17T22:59:38,c0123,configs/weak_scaling_configs/final_weak_scaling_100k_per_rank_per_run_02r_tree.json,14344538,pchpc-bench,scc-cpu,1,2,2,1,8192,,c0123,hot_repeated_retrieval,final_weak_scaling_100k_per_rank_per_run_queries,mpi_tree,faiss,True,1,shard_aware_shared_npy,single_vectors_npy,full_query_pool_on_each_rank,per_run,55,1,2,200000,1,2560,10,5,50,0.8722709639999999,0.872009061,0.8944181369999997,0.8940018474999999,final_weak_scaling_100k_per_rank_per_run_queries,weak_100k_per_rank_02r_2560d,42,False,per_run,50,0.15240682643999998,0.1376984509999999,0.13745274600000013,0.21249749500000004,0.02514494140510972,50,0.0037289712799999553,0.00023557999999979096,0.00021242100000051778,0.05336144099999984,0.01082520835888886,50,0.15210161040000011,0.13741306750000004,0.13714991000000065,0.21221892800000042,0.025119262948587878,50,0.14875506024000004,0.13691041125000014,0.1365389355000004,0.21148912900000028,0.02202596404977628,50,0.003608090599999905,0.00011685499999969373,0.00010130800000052176,0.0532332000000002,0.010822528529135182,50,0.0018481178200000015,0.00010166525000010473,8.773650000026834e-05,0.02666387849999996,0.005411483337755197,50,6.70758723567883,7.262245820663356,4.7059378276435675,7.275227517098852,0.9079462853806108
final_weak_scaling_100k_per_rank_per_run_queries,20260617-231323_faiss_centralized_004r_4ac30ca5,/mnt/vast-standard/home/darius.heere/u27936/pchpc-project/results/final_weak_scaling_100k_per_rank_per_run_queries/20260617-231323_faiss_centralized_004r_4ac30ca5,results/final_weak_scaling_100k_per_rank_per_run_queries/20260617-231323_faiss_centralized_004r_4ac30ca5/benchmark_metrics.json,2026-06-17T23:13:23,c0007,configs/weak_scaling_configs/final_weak_scaling_100k_per_rank_per_run_04r_centralized.json,14344596,pchpc-bench,scc-cpu,1,4,4,1,16384,,c0007,hot_repeated_retrieval,final_weak_scaling_100k_per_rank_per_run_queries,mpi_centralized,faiss,True,1,shard_aware_shared_npy,single_vectors_npy,full_query_pool_on_each_rank,per_run,55,1,4,400000,1,2560,10,5,50,2.042561656,1.6429889635000001,0.8928327890000003,0.8233135177500003,final_weak_scaling_100k_per_rank_per_run_queries,weak_100k_per_rank_04r_2560d,42,False,per_run,50,0.17190625146000008,0.1508772730000003,0.14607697399999964,0.2183218180000006,0.030523615180070126,50,0.00011882292000008121,0.00011245250000024853,0.00010028300000008983,0.0002549800000002378,2.6273436851640278e-05,50,0.17152689546000016,0.15054542750000044,0.14575398200000045,0.21796853599999988,0.030488692722261068,50,0.15594046521000002,0.14714182487500016,0.14543724675000025,0.19789315574999966,0.014311053044713987,50,0.02124137315999995,0.0014125720000000008,0.00021242900000029152,0.07417859899999968,0.029423430673143413,50,0.007917050019999991,0.0004240733749998338,0.00012017375000006325,0.036609607749999995,0.011876914223852685,50,5.984860717218314,6.627946973302366,4.58039425083936,6.84570588106516,0.966476495489623
final_weak_scaling_100k_per_rank_per_run_queries,20260617-230032_faiss_tree_004r_7b3cf9f6,/mnt/vast-standard/home/darius.heere/u27936/pchpc-project/results/final_weak_scaling_100k_per_rank_per_run_queries/20260617-230032_faiss_tree_004r_7b3cf9f6,results/final_weak_scaling_100k_per_rank_per_run_queries/20260617-230032_faiss_tree_004r_7b3cf9f6/benchmark_metrics.json,2026-06-17T23:00:32,c0007,configs/weak_scaling_configs/final_weak_scaling_100k_per_rank_per_run_04r_tree.json,14344539,pchpc-bench,scc-cpu,1,4,4,1,16384,,c0007,hot_repeated_retrieval,final_weak_scaling_100k_per_rank_per_run_queries,mpi_tree,faiss,True,1,shard_aware_shared_npy,single_vectors_npy,full_query_pool_on_each_rank,per_run,55,1,4,400000,1,2560,10,5,50,1.707806974,1.2963756894999998,0.9582076010000002,0.86319494725,final_weak_scaling_100k_per_rank_per_run_queries,weak_100k_per_rank_04r_2560d,42,False,per_run,50,0.17917950433999996,0.1845195400000006,0.14476559600000094,0.2191888629999994,0.030017488947403654,50,0.022094190380000107,0.0005606319999991172,0.00024220199999991365,0.07473740800000073,0.02779578113012093,50,0.17882883338000014,0.18410012850000035,0.1444031929999987,0.218882421,0.030011890915549386,50,0.14991789760000002,0.15063997987500022,0.13575400725000009,0.17617236174999995,0.012999343974070446,50,0.027213222939999896,0.01689234249999938,0.0001343230000001583,0.07655227799999942,0.029580243457094226,50,0.00884686383999997,0.004291987499999483,0.00010076125000013647,0.035659343499999885,0.010796543029961908,50,5.740173462630267,5.4194862564169455,4.562275593354406,6.907718599106887,0.9731577791481751
final_weak_scaling_100k_per_rank_per_run_queries,20260617-225412_faiss_centralized_008r_3760de39,/mnt/vast-standard/home/darius.heere/u27936/pchpc-project/results/final_weak_scaling_100k_per_rank_per_run_queries/20260617-225412_faiss_centralized_008r_3760de39,results/final_weak_scaling_100k_per_rank_per_run_queries/20260617-225412_faiss_centralized_008r_3760de39/benchmark_metrics.json,2026-06-17T22:54:12,c0007,configs/weak_scaling_configs/final_weak_scaling_100k_per_rank_per_run_08r_centralized.json,14344535,pchpc-bench,scc-cpu,1,8,8,1,32768,,c0007,hot_repeated_retrieval,final_weak_scaling_100k_per_rank_per_run_queries,mpi_centralized,faiss,True,1,shard_aware_shared_npy,single_vectors_npy,full_query_pool_on_each_rank,per_run,55,1,8,800000,1,2560,10,5,50,2.1202229069999996,1.556244020625,0.918787816,0.8193372792500001,final_weak_scaling_100k_per_rank_per_run_queries,weak_100k_per_rank_08r_2560d,42,False,per_run,50,0.18581369815999985,0.1962093014999997,0.14804695599999995,0.21868004000000063,0.029230778661056868,50,0.00011632046000009666,0.00011300550000026277,0.00010225900000015997,0.00020971200000019508,1.5653101349148323e-05,50,0.18531554507999992,0.19573994449999965,0.14759726199999967,0.21826197099999867,0.029184130206557548,50,0.13786825884500004,0.13672531624999984,0.12778716724999994,0.15900828712500004,0.00791628136960888,50,0.03388791251999981,0.022149484499999872,0.0002912969999995241,0.07372220400000096,0.03098365331523902,50,0.008577835199999917,0.004443923187499921,0.0001322428749999105,0.032658844374999996,0.009244272631003676,50,5.519732416838271,5.099193131042396,4.572891060382086,6.7546137186366755,0.8972570218939415
final_weak_scaling_100k_per_rank_per_run_queries,20260617-230121_faiss_tree_008r_b14586b0,/mnt/vast-standard/home/darius.heere/u27936/pchpc-project/results/final_weak_scaling_100k_per_rank_per_run_queries/20260617-230121_faiss_tree_008r_b14586b0,results/final_weak_scaling_100k_per_rank_per_run_queries/20260617-230121_faiss_tree_008r_b14586b0/benchmark_metrics.json,2026-06-17T23:01:21,c0007,configs/weak_scaling_configs/final_weak_scaling_100k_per_rank_per_run_08r_tree.json,14344540,pchpc-bench,scc-cpu,1,8,8,1,32768,,c0007,hot_repeated_retrieval,final_weak_scaling_100k_per_rank_per_run_queries,mpi_tree,faiss,True,1,shard_aware_shared_npy,single_vectors_npy,full_query_pool_on_each_rank,per_run,55,1,8,800000,1,2560,10,5,50,1.734195694,1.729282884875,0.796195516,0.7908313097499999,final_weak_scaling_100k_per_rank_per_run_queries,weak_100k_per_rank_08r_2560d,42,False,per_run,50,0.16737659666000007,0.15348337649999877,0.15227970599999985,0.22512016800000012,0.024782248354887435,50,0.005148446340000019,0.0011681005000001576,0.0003215450000002562,0.052452451999999816,0.011550136131270147,50,0.16696075816,0.153091796,0.15190560100000017,0.22471951399999934,0.024765816187786973,50,0.16169404689749997,0.15180721037499967,0.15074715024999974,0.22119212999999993,0.02047186129318098,50,0.006843525599999971,0.0021847995000001674,0.000940015999997712,0.05230151800000016,0.012065481893856811,50,0.0016942742799999665,0.0004885721874999804,0.00021434649999985123,0.01688275562500008,0.0034388386949250342,50,6.083734743993563,6.51536357294944,4.442072022618602,6.56686321682287,0.7541250060931178
final_weak_scaling_100k_per_rank_per_run_queries,20260617-225604_faiss_centralized_016r_a6d92fe4,/mnt/vast-standard/home/darius.heere/u27936/pchpc-project/results/final_weak_scaling_100k_per_rank_per_run_queries/20260617-225604_faiss_centralized_016r_a6d92fe4,results/final_weak_scaling_100k_per_rank_per_run_queries/20260617-225604_faiss_centralized_016r_a6d92fe4/benchmark_metrics.json,2026-06-17T22:56:04,c0007,configs/weak_scaling_configs/final_weak_scaling_100k_per_rank_per_run_16r_centralized.json,14344536,pchpc-bench,scc-cpu,1,16,16,1,32768,,c0007,hot_repeated_retrieval,final_weak_scaling_100k_per_rank_per_run_queries,mpi_centralized,faiss,True,1,shard_aware_shared_npy,single_vectors_npy,full_query_pool_on_each_rank,per_run,55,1,16,1600000,1,2560,10,5,50,11.269262032,9.6784331380625,1.9317084159999993,1.6255397715625,final_weak_scaling_100k_per_rank_per_run_queries,weak_100k_per_rank_16r_2560d,42,False,per_run,50,0.20862114585999966,0.21218744149999935,0.1614505830000006,0.22734232799999887,0.016095134627618895,50,0.00014080314000000982,0.00013651749999965546,0.00011692200000013031,0.00022610899999975231,1.9003706844486026e-05,50,0.20794413896000039,0.21156370050000106,0.16032242800000063,0.22676441099999778,0.016165180393612682,50,0.15906393371875005,0.15890407087500058,0.15238688524999988,0.1663100928125003,0.0032911630796754418,50,0.05318424621999998,0.05889242449999976,0.0008131620000000339,0.07122700600000087,0.017453242472351155,50,0.009329089771249943,0.009155469968749719,0.00020994956250008912,0.021621121562499734,0.0050554602847068695,50,4.826600060757704,4.712814327714525,4.398652942447238,6.1938457044778605,0.4414683626586231
final_weak_scaling_100k_per_rank_per_run_queries,20260617-230224_faiss_tree_016r_0c17eb57,/mnt/vast-standard/home/darius.heere/u27936/pchpc-project/results/final_weak_scaling_100k_per_rank_per_run_queries/20260617-230224_faiss_tree_016r_0c17eb57,results/final_weak_scaling_100k_per_rank_per_run_queries/20260617-230224_faiss_tree_016r_0c17eb57/benchmark_metrics.json,2026-06-17T23:02:24,c0007,configs/weak_scaling_configs/final_weak_scaling_100k_per_rank_per_run_16r_tree.json,14344541,pchpc-bench,scc-cpu,1,16,16,1,32768,,c0007,hot_repeated_retrieval,final_weak_scaling_100k_per_rank_per_run_queries,mpi_tree,faiss,True,1,shard_aware_shared_npy,single_vectors_npy,full_query_pool_on_each_rank,per_run,55,1,16,1600000,1,2560,10,5,50,9.828291706,7.6875088658125,1.74713822,1.5484139260625005,final_weak_scaling_100k_per_rank_per_run_queries,weak_100k_per_rank_16r_2560d,42,False,per_run,50,0.21504747498000015,0.22511917099999934,0.16591485899999725,0.23672395599999874,0.02300384755843572,50,0.04646286887999992,0.059534518500001354,0.0003762619999996275,0.0730248429999989,0.026003358321738394,50,0.21444358999999996,0.22440775699999982,0.16528050300000174,0.23618358200000067,0.022985340005737726,50,0.16987593375125,0.16878899262500008,0.16433843256249947,0.17780886150000041,0.003617295982284563,50,0.049621152779999844,0.06095301399999897,0.0011854469999974526,0.07340529400000051,0.02402019143363463,50,0.008037588703750044,0.008323415249999966,0.00026851887500001226,0.01750656806249995,0.0047553270035366555,50,4.712157477600888,4.442093574775338,4.224329539339083,6.027187715598255,0.5925606905748914
local_benchmark_numpy_centralized,,results/local_benchmark_numpy_centralized,results/local_benchmark_numpy_centralized/benchmark_metrics.json,,,,,,,,,,,,,,hot_repeated_retrieval,local_benchmark_numpy_centralized,mpi_centralized,numpy,True,,shard_aware_shared_npy,single_vectors_npy,full_queries_on_each_rank,,,,4,5000,3,2560,10,2,5,0.009810616999999855,0.00945128724999994,6.642000000001147e-06,6.269250000023874e-06,local_benchmark_numpy_centralized,small_random_2560d,42,False,,5,0.004420967000000031,0.0043909719999999375,0.0036513270000000375,0.00528364800000003,0.000709895347611814,5,9.2637799999995e-05,7.825900000013597e-05,7.542299999996338e-05,0.00013228099999995635,2.4185513002602827e-05,5,0.004146875999999989,0.004148811999999946,0.0034190149999999697,0.004984478999999986,0.000679358122083988,5,0.0038379286999999707,0.004052992250000054,0.003392344499999922,0.004135306499999991,0.0003614655370197043,5,0.0005343611999999887,0.0002404769999999612,0.00015863099999990915,0.0013133850000000002,0.0005014620250071159,5,0.00040079380000000996,0.00016267900000005442,0.00010796749999997246,0.0010252275000000033,0.00040415647539872074,5,692.7930056247943,683.2200250878491,567.7895272357249,821.6190990289199,111.03927482170126
local_benchmark_numpy_centralized,20260529-121052_numpy_centralized_004r_7efcf5f5,/home/darius/PycharmProjects/pchpc-project/results/local_benchmark_numpy_centralized/20260529-121052_numpy_centralized_004r_7efcf5f5,results/local_benchmark_numpy_centralized/20260529-121052_numpy_centralized_004r_7efcf5f5/benchmark_metrics.json,2026-05-29T12:10:52,darius-Inspiron-14-5425,configs/local_benchmark.json,,,,,,,,,,,hot_repeated_retrieval,local_benchmark_numpy_centralized,mpi_centralized,numpy,True,,shard_aware_shared_npy,single_vectors_npy,full_queries_on_each_rank,,,,4,5000,3,2560,10,2,5,0.03290873399999983,0.0321303315,6.9520000001155324e-06,6.396500000005467e-06,local_benchmark_numpy_centralized,small_random_2560d,42,False,,5,0.003592119399999971,0.0035271709999999956,0.003511502999999916,0.0037692140000000762,0.00011233205566224553,5,9.993680000000004e-05,0.00010097099999994974,8.564300000002412e-05,0.00011273099999997704,9.631083853830134e-06,5,0.00331002279999999,0.0032470300000000396,0.0032304899999999748,0.0034887830000001063,0.0001091255427968509,5,0.0032272766999999923,0.0032060212500000795,0.0031553034999999285,0.003292401499999875,5.9510742783710927e-05,5,0.00021363640000000573,0.0001838390000001855,0.00015551799999991012,0.0003459599999999785,7.861896850188927e-05,5,0.00017874925000002095,0.00015356249999998184,0.00013277499999997389,0.0002875970000000838,6.430096547781773e-05,5,835.8002092799079,850.5399936663132,795.9219083872498,854.3350240623664,25.532384110726124
local_benchmark_numpy_centralized,20260529-121108_numpy_centralized_004r_5f328557,/home/darius/PycharmProjects/pchpc-project/results/local_benchmark_numpy_centralized/20260529-121108_numpy_centralized_004r_5f328557,results/local_benchmark_numpy_centralized/20260529-121108_numpy_centralized_004r_5f328557/benchmark_metrics.json,2026-05-29T12:11:08,darius-Inspiron-14-5425,configs/local_benchmark.json,,,,,,,,,,,hot_repeated_retrieval,local_benchmark_numpy_centralized,mpi_centralized,numpy,True,,shard_aware_shared_npy,single_vectors_npy,full_queries_on_each_rank,,,,4,5000,3,2560,10,2,5,0.009273332999999884,0.00885134549999994,7.423000000006397e-06,6.902249999940491e-06,local_benchmark_numpy_centralized,small_random_2560d,42,False,,5,0.00381755319999999,0.0037151780000002077,0.003522252999999864,0.004308189000000073,0.00031416967218087676,5,8.234340000012885e-05,7.762900000019002e-05,7.461400000008389e-05,0.00010203200000002965,1.1426884059042804e-05,5,0.0035577179999999762,0.003448740999999922,0.003256096000000097,0.004058071999999857,0.000319025781228538,5,0.0034880386999999956,0.0033468512500000047,0.003189236500000081,0.0040016780000000085,0.0003354786557846123,5,0.00022578800000006005,0.00022133600000007192,0.000164905000000104,0.0002897289999999053,5.1810633594793575e-05,5,0.00015820305000002755,0.00014945750000006086,0.0001309165000000223,0.00018475349999996782,2.2194560176976858e-05,5,789.9104347593611,807.4983217492761,696.3482799849191,851.7275732322794,61.8690440206599
local_faiss_test,,results/local_faiss_test,results/local_faiss_test/benchmark_metrics.json,,,,,,,,,,,,,,hot_repeated_retrieval,local_faiss_test,mpi_centralized,faiss,True,1,shard_aware_shared_npy,single_vectors_npy,full_queries_on_each_rank,,,,4,5000,3,2560,10,1,5,0.00801142399999999,0.00785420025000011,0.04934053500000002,0.04923193600000003,local_faiss_test,small_random_2560d,42,False,,5,0.006774656799999912,0.006832423999999948,0.005856370999999916,0.00776173999999985,0.0008284846312706766,5,0.0001288966000000613,0.00011875599999999764,9.757500000007191e-05,0.00018153400000020525,3.2639246396100534e-05,5,0.006428473599999896,0.006561820999999801,0.00548171999999969,0.0074513800000000074,0.0008623559976560514,5,0.006171554899999964,0.00644273174999993,0.005263499750000011,0.0070796412499999906,0.0007772925381251529,5,0.0004629571999999804,0.0005877359999999499,0.00022222199999988312,0.0006443639999997863,0.00020759730051036262,5,0.0003683283999999953,0.0004598507499999904,0.00019532574999991947,0.0005155637500000032,0.00015901603682410534,5,448.2102807520401,439.0828203870285,386.51127195706863,512.2626281702513,55.14961719627052
local_per_run_queries_centralized,20260614-153353_faiss_centralized_004r_954cd27d,/home/darius/PycharmProjects/pchpc-project/results/local_per_run_queries_centralized/20260614-153353_faiss_centralized_004r_954cd27d,results/local_per_run_queries_centralized/20260614-153353_faiss_centralized_004r_954cd27d/benchmark_metrics.json,2026-06-14T15:33:53,darius-Inspiron-14-5425,configs/local_per_run_queries_centralized.json,,,,,,,,,,,hot_repeated_retrieval,local_per_run_queries_centralized,mpi_centralized,faiss,True,1,shard_aware_shared_npy,single_vectors_npy,full_query_pool_on_each_rank,per_run,55,1,4,5000,1,2560,10,5,50,0.008993978999999985,0.008589278000000033,0.052786620000000006,0.05258553575000008,local_per_run_queries_centralized,small_random_2560d_55q,42,False,per_run,50,0.0018913831200000342,0.0018476705000000093,0.0013739170000000023,0.003076802000000045,0.00034463578619251244,50,9.064136000000111e-05,7.702449999991146e-05,5.6366000000140914e-05,0.00021746799999999844,3.605930070845108e-05,50,0.001661085120000001,0.0016148740000000439,0.0012256090000000164,0.0028063129999997827,0.0002975897599645674,50,0.0016139071749999966,0.0015500800000000092,0.0012042010000000158,0.002762198249999903,0.0002934690689158667,50,0.00011646861999999203,0.00010470150000008172,7.573199999999503e-05,0.00019214999999994653,3.3413144106747186e-05,50,7.211316500000065e-05,7.07376250000391e-05,4.496199999998174e-05,0.00011663674999995433,1.830698208834369e-05,50,544.5058380053292,541.2616938562896,325.0127892532523,727.8460052535912,90.69261852033395
local_per_run_queries_tree,20260614-153426_faiss_tree_004r_5c33ff1c,/home/darius/PycharmProjects/pchpc-project/results/local_per_run_queries_tree/20260614-153426_faiss_tree_004r_5c33ff1c,results/local_per_run_queries_tree/20260614-153426_faiss_tree_004r_5c33ff1c/benchmark_metrics.json,2026-06-14T15:34:26,darius-Inspiron-14-5425,configs/local_per_run_queries_tree.json,,,,,,,,,,,hot_repeated_retrieval,local_per_run_queries_tree,mpi_tree,faiss,True,1,shard_aware_shared_npy,single_vectors_npy,full_query_pool_on_each_rank,per_run,55,1,4,5000,1,2560,10,5,50,0.008341209000000127,0.008329782249999973,0.040745320999999945,0.04069737625000003,local_per_run_queries_tree,small_random_2560d_55q,42,False,per_run,50,0.0017339663799999716,0.0017122319999999247,0.0013832449999999774,0.0024980860000001215,0.0002635548328931021,50,0.00019735277999998857,0.00018882899999994596,0.0001256250000001291,0.00038540299999989536,5.983889198512859e-05,50,0.0015111999599999849,0.0014895695000000098,0.0011932690000000523,0.002140926000000043,0.00022317187360161778,50,0.0014694910599999944,0.0014490386250000098,0.001169994750000125,0.0019482475000000554,0.00020784098843808284,50,9.889881999999517e-05,9.412199999980775e-05,4.9602999999898145e-05,0.00019845099999993288,3.889975461005034e-05,50,6.367023999999e-05,5.89291249999957e-05,3.7002000000008195e-05,0.00013340249999999054,2.1499276465760745e-05,50,589.0826702571906,584.0474863748136,400.3064746369626,722.9377297586591,84.27555208696187
local_tree_explicit_test,20260607-120622_numpy_tree-explicit_004r_d15ba8f2,/home/darius/PycharmProjects/pchpc-project/results/local_tree_explicit_test/20260607-120622_numpy_tree-explicit_004r_d15ba8f2,results/local_tree_explicit_test/20260607-120622_numpy_tree-explicit_004r_d15ba8f2/benchmark_metrics.json,2026-06-07T12:06:22,darius-Inspiron-14-5425,configs/local_tree_explicit.json,,,,,,,,,,,hot_repeated_retrieval,local_tree_explicit_test,mpi_tree_explicit,numpy,True,,shard_aware_shared_npy,single_vectors_npy,full_queries_on_each_rank,,,,4,5000,3,2560,10,1,5,0.008236457999999836,0.008044987499999934,5.880999999874348e-06,5.763499999866806e-06,local_tree_explicit_test,small_random_2560d,42,False,,5,0.0035097820000000723,0.003487676000000217,0.003203391,0.004083047000000173,0.000348272346496314,5,0.0001969069999999906,0.0001966610000001534,0.00016685399999993855,0.000247836999999862,3.2562785146534604e-05,5,0.0033209086000000275,0.003280866999999965,0.0030418070000000075,0.0038917570000001067,0.0003419834015128899,5,0.0032841144500000198,0.003279975749999997,0.002998803500000091,0.003824866749999989,0.0003300572514079439,5,7.234000000000407e-05,6.263700000008754e-05,3.872300000007378e-05,0.00011691999999974279,2.9491895140775467e-05,5,3.531654999998635e-05,3.3490499999899725e-05,2.2705000000011744e-05,4.637775000010391e-05,9.056383438299132e-06,5,861.0372346650272,860.1716443843445,734.7453996977925,936.5075946083385,79.35788325846005
local_tree_test,20260614-154242_numpy_tree_004r_f47e41bf,/home/darius/PycharmProjects/pchpc-project/results/local_tree_test/20260614-154242_numpy_tree_004r_f47e41bf,results/local_tree_test/20260614-154242_numpy_tree_004r_f47e41bf/benchmark_metrics.json,2026-06-14T15:42:42,darius-Inspiron-14-5425,configs/local_tree.json,,,,,,,,,,,hot_repeated_retrieval,local_tree_test,mpi_tree,numpy,True,,shard_aware_shared_npy,single_vectors_npy,full_query_pool_on_each_rank,fixed,3,3,4,5000,3,2560,10,1,5,0.008373640000000071,0.008033593250000082,5.7110000000193395e-06,5.052250000026071e-06,local_tree_test,small_random_2560d,42,False,,5,0.003685187199999973,0.0036721529999999003,0.003505258999999983,0.003872900000000179,0.00015501053676359093,5,0.0002658195999999613,0.0002580050000000611,0.00022146599999994798,0.0003201909999999142,3.64219092758478e-05,5,0.003392781399999922,0.0033268929999998864,0.0032154939999999854,0.0036161769999998317,0.00016741935357742586,5,0.003369959499999964,0.0033157100000000272,0.003200195499999947,0.0035637082499999084,0.00015817932025913574,5,0.00015507120000002317,0.0001521859999999986,0.00013520399999999988,0.0001875419999999295,1.996706822994028e-05,5,0.00011349539999997438,0.00010685099999996339,9.92414999999025e-05,0.00014204700000008952,1.7083377525464377e-05,5,815.2212625627093,816.9594240763066,774.613338841659,855.8568710614578,34.22610486266637
scorep_comm_stress,20260530-131038_numpy_centralized_004r_07110ac9,/mnt/vast-standard/home/darius.heere/u27936/pchpc-project/results/scorep_comm_stress/20260530-131038_numpy_centralized_004r_07110ac9,results/scorep_comm_stress/20260530-131038_numpy_centralized_004r_07110ac9/benchmark_metrics.json,2026-05-30T13:10:38,c0075,configs/cluster_scorep_comm_stress.json,14014738,pchpc-scorep,scc-cpu,1,4,4,1,16384,,c0075,hot_repeated_retrieval,scorep_comm_stress,mpi_centralized,numpy,True,,shard_aware_shared_npy,single_vectors_npy,full_queries_on_each_rank,,,,4,100000,100,2560,1000,0,1,0.289514445,0.28589216625,7.046000000010544e-06,6.513999999999132e-06,scorep_comm_stress,benchmark_calibrate_2560d,42,False,,1,0.29723553700000005,0.29723553700000005,0.29723553700000005,0.29723553700000005,0.0,1,0.01213516300000006,0.01213516300000006,0.01213516300000006,0.01213516300000006,0.0,1,0.27996838,0.27996838,0.27996838,0.27996838,0.0,1,0.21641076674999998,0.21641076674999998,0.21641076674999998,0.21641076674999998,0.0,1,0.128323223,0.128323223,0.128323223,0.128323223,0.0,1,0.06691210550000001,0.06691210550000001,0.06691210550000001,0.06691210550000001,0.0,1,336.4335267892277,336.4335267892277,336.4335267892277,336.4335267892277,0.0
scorep_comm_stress_tree,20260530-123623_numpy_tree_002r_2b3642c0,/mnt/vast-standard/home/darius.heere/u27936/pchpc-project/results/scorep_comm_stress_tree/20260530-123623_numpy_tree_002r_2b3642c0,results/scorep_comm_stress_tree/20260530-123623_numpy_tree_002r_2b3642c0/benchmark_metrics.json,2026-05-30T12:36:23,c0075,configs/cluster_scorep_comm_stress_tree.json,14014912,pchpc-scorep,scc-cpu,1,2,2,1,8192,,c0075,hot_repeated_retrieval,scorep_comm_stress_tree,mpi_tree,numpy,True,,shard_aware_shared_npy,single_vectors_npy,full_queries_on_each_rank,,,,2,100000,100,2560,1000,0,1,3.478895391,3.456272382,7.752000000138537e-06,7.2880000001607215e-06,scorep_comm_stress_tree,benchmark_calibrate_2560d,42,False,,1,0.34179885899999984,0.34179885899999984,0.34179885899999984,0.34179885899999984,0.0,1,0.007936462999999616,0.007936462999999616,0.007936462999999616,0.007936462999999616,0.0,1,0.3337074549999999,0.3337074549999999,0.3337074549999999,0.3337074549999999,0.0,1,0.33356504349999994,0.33356504349999994,0.33356504349999994,0.33356504349999994,0.0,1,0.0008722759999999496,0.0008722759999999496,0.0008722759999999496,0.0008722759999999496,0.0,1,0.0008098704999999207,0.0008098704999999207,0.0008098704999999207,0.0008098704999999207,0.0,1,292.5697303161566,292.5697303161566,292.5697303161566,292.5697303161566,0.0
scorep_merge_trace_500k_topk0010_centralized,20260606-205215_numpy_centralized_016r_8a98695d,/mnt/vast-standard/home/darius.heere/u27936/pchpc-project/results/scorep_merge_trace_500k_topk0010_centralized/20260606-205215_numpy_centralized_016r_8a98695d,results/scorep_merge_trace_500k_topk0010_centralized/20260606-205215_numpy_centralized_016r_8a98695d/benchmark_metrics.json,2026-06-06T20:52:15,c0071,configs/scorep_trace_configs/scorep_merge_trace_500k_topk0010_centralized.json,14112463,pchpc-scorep,scc-cpu,4,16,4,1,16384,,"c[0071,0125,0137,0409]",hot_repeated_retrieval,scorep_merge_trace_500k_topk0010_centralized,mpi_centralized,numpy,True,,shard_aware_shared_npy,single_vectors_npy,full_queries_on_each_rank,,,,16,500000,1,2560,10,0,1,2.4166998939999997,2.2126412044375,3.789599999981519e-05,1.4803625000003873e-05,scorep_merge_trace_500k_topk0010_centralized,benchmark_500k_2560d,42,False,,1,0.10987515599999975,0.10987515599999975,0.10987515599999975,0.10987515599999975,0.0,1,0.00023762000000004946,0.00023762000000004946,0.00023762000000004946,0.00023762000000004946,0.0,1,0.10880241999999996,0.10880241999999996,0.10880241999999996,0.10880241999999996,0.0,1,0.08919960131249993,0.08919960131249993,0.08919960131249993,0.08919960131249993,0.0,1,0.031662214000000244,0.031662214000000244,0.031662214000000244,0.031662214000000244,0.0,1,0.00507768950000001,0.00507768950000001,0.00507768950000001,0.00507768950000001,0.0,1,9.10123850017562,9.10123850017562,9.10123850017562,9.10123850017562,0.0
scorep_merge_trace_500k_topk5000_centralized,20260606-205251_numpy_centralized_016r_1df6944b,/mnt/vast-standard/home/darius.heere/u27936/pchpc-project/results/scorep_merge_trace_500k_topk5000_centralized/20260606-205251_numpy_centralized_016r_1df6944b,results/scorep_merge_trace_500k_topk5000_centralized/20260606-205251_numpy_centralized_016r_1df6944b/benchmark_metrics.json,2026-06-06T20:52:51,c0071,configs/scorep_trace_configs/scorep_merge_trace_500k_topk5000_centralized.json,14112471,pchpc-scorep,scc-cpu,4,16,4,1,16384,,"c[0071,0125,0137,0409]",hot_repeated_retrieval,scorep_merge_trace_500k_topk5000_centralized,mpi_centralized,numpy,True,,shard_aware_shared_npy,single_vectors_npy,full_queries_on_each_rank,,,,16,500000,1,2560,5000,0,1,0.739014099,0.44454474975,1.568200000001685e-05,1.1624437499999779e-05,scorep_merge_trace_500k_topk5000_centralized,benchmark_500k_2560d,42,False,,1,0.07501096000000007,0.07501096000000007,0.07501096000000007,0.07501096000000007,0.0,1,0.001999778000000063,0.001999778000000063,0.001999778000000063,0.001999778000000063,0.0,1,0.07126187699999997,0.07126187699999997,0.07126187699999997,0.07126187699999997,0.0,1,0.052336234249999995,0.052336234249999995,0.052336234249999995,0.052336234249999995,0.0,1,0.039416589,0.039416589,0.039416589,0.039416589,0.0,1,0.012502106312500004,0.012502106312500004,0.012502106312500004,0.012502106312500004,0.0,1,13.331385173579955,13.331385173579955,13.331385173579955,13.331385173579955,0.0
scorep_merge_trace_500k_topk5000_tree,20260606-205343_numpy_tree_016r_299c3c7c,/mnt/vast-standard/home/darius.heere/u27936/pchpc-project/results/scorep_merge_trace_500k_topk5000_tree/20260606-205343_numpy_tree_016r_299c3c7c,results/scorep_merge_trace_500k_topk5000_tree/20260606-205343_numpy_tree_016r_299c3c7c/benchmark_metrics.json,2026-06-06T20:53:43,c0071,configs/scorep_trace_configs/scorep_merge_trace_500k_topk5000_tree.json,14112473,pchpc-scorep,scc-cpu,4,16,4,1,16384,,"c[0071,0125,0137,0409]",hot_repeated_retrieval,scorep_merge_trace_500k_topk5000_tree,mpi_tree,numpy,True,,shard_aware_shared_npy,single_vectors_npy,full_queries_on_each_rank,,,,16,500000,1,2560,5000,0,1,0.678155568,0.41769843125,1.2684999999956759e-05,1.0735437500002804e-05,scorep_merge_trace_500k_topk5000_tree,benchmark_500k_2560d,42,False,,1,0.07720726700000002,0.07720726700000002,0.07720726700000002,0.07720726700000002,0.0,1,0.032930110999999984,0.032930110999999984,0.032930110999999984,0.032930110999999984,0.0,1,0.07460737899999992,0.07460737899999992,0.07460737899999992,0.07460737899999992,0.0,1,0.05023919668749999,0.05023919668749999,0.05023919668749999,0.05023919668749999,0.0,1,0.03170881000000003,0.03170881000000003,0.03170881000000003,0.03170881000000003,0.0,1,0.0121276996875,0.0121276996875,0.0121276996875,0.0121276996875,0.0,1,12.952148662379148,12.952148662379148,12.952148662379148,12.952148662379148,0.0
scorep_merge_trace_500k_topk5000_tree_explicit,20260607-230705_numpy_tree-explicit_016r_da861a16,/mnt/vast-standard/home/darius.heere/u27936/pchpc-project/results/scorep_merge_trace_500k_topk5000_tree_explicit/20260607-230705_numpy_tree-explicit_016r_da861a16,results/scorep_merge_trace_500k_topk5000_tree_explicit/20260607-230705_numpy_tree-explicit_016r_da861a16/benchmark_metrics.json,2026-06-07T23:07:05,c0410,configs/scorep_trace_configs/scorep_merge_trace_500k_topk5000_tree_explicit.json,14128999,pchpc-scorep,scc-cpu,4,16,4,1,16384,,"c[0410,0414-0416]",hot_repeated_retrieval,scorep_merge_trace_500k_topk5000_tree_explicit,mpi_tree_explicit,numpy,True,,shard_aware_shared_npy,single_vectors_npy,full_queries_on_each_rank,,,,16,500000,1,2560,5000,0,1,0.424113459,0.354562966,4.472199999994153e-05,1.18518750000067e-05,scorep_merge_trace_500k_topk5000_tree_explicit,benchmark_500k_2560d,42,False,,1,0.13075122799999983,0.13075122799999983,0.13075122799999983,0.13075122799999983,0.0,1,0.009401881000000056,0.009401881000000056,0.009401881000000056,0.009401881000000056,0.0,1,0.12152128200000001,0.12152128200000001,0.12152128200000001,0.12152128200000001,0.0,1,0.1003283205625,0.1003283205625,0.1003283205625,0.1003283205625,0.0,1,0.044956505000000035,0.044956505000000035,0.044956505000000035,0.044956505000000035,0.0,1,0.014360702125000006,0.014360702125000006,0.014360702125000006,0.014360702125000006,0.0,1,7.648111725574013,7.648111725574013,7.648111725574013,7.648111725574013,0.0
scorep_smoke,20260529-185108_numpy_centralized_002r_4b48f3e7,/mnt/vast-standard/home/darius.heere/u27936/pchpc-project/results/scorep_smoke/20260529-185108_numpy_centralized_002r_4b48f3e7,results/scorep_smoke/20260529-185108_numpy_centralized_002r_4b48f3e7/benchmark_metrics.json,2026-05-29T18:51:08,c0075,configs/cluster_scorep_smoke.json,14002725,pchpc-scorep,scc-cpu,1,2,2,1,4096,,c0075,hot_repeated_retrieval,scorep_smoke,mpi_centralized,numpy,True,,shard_aware_shared_npy,single_vectors_npy,full_queries_on_each_rank,,,,2,5000,3,2560,10,0,1,0.345037387,0.342239602,5.28700000002047e-06,5.277500000011592e-06,scorep_smoke,small_random_2560d,42,False,,1,0.047452101000000024,0.047452101000000024,0.047452101000000024,0.047452101000000024,0.0,1,8.143299999996412e-05,8.143299999996412e-05,8.143299999996412e-05,8.143299999996412e-05,0.0,1,0.04719783800000005,0.04719783800000005,0.04719783800000005,0.04719783800000005,0.0,1,0.047196609500000014,0.047196609500000014,0.047196609500000014,0.047196609500000014,0.0,1,0.00014304799999997897,0.00014304799999997897,0.00014304799999997897,0.00014304799999997897,0.0,1,0.00011256699999995234,0.00011256699999995234,0.00011256699999995234,0.00011256699999995234,0.0,1,63.221647446126745,63.221647446126745,63.221647446126745,63.221647446126745,0.0
